acceptance_count,beta,bwVar,covers_true,dataset_file,est,est_med,estdiff,ll,method,miVar,miVarclus,miVarpaired,n_mcmc,n_sampling_draws,pstar,result_file,share_estimation_in_method,share_mcmc_in_method,share_method_in_sim,share_sampling_in_mcmc,share_sampling_in_method,sim,time_allocation,time_mcmc_estimation,time_mcmc_sampling,time_mcmc_total,time_method_call,time_method_total,time_per_sampling_draw,time_setup,time_sim_post,time_sim_prep,time_sim_total,time_summary,ul,wiVar,wiVarclus,wiVarpaired
579,1.0,0.011482374340810533,1,datasets_sb01.npz,0.8604117231182914,0.8657424395272733,0.8604117231182877,0.32599169807244255,constrained_1to1,0.07434526321584904,0.25731229648471593,0.07470731994222062,1000,1000,0.5,results\constrained_1to1_beta1_profile_3.csv,0.9168447453181953,0.9988473052711693,0.9996485525897782,0.08209719295454448,0.08200255995297398,1,2.269999822601676e-05,0.26669509982457384,0.02385319981840439,0.29054829964297824,0.29154859998379834,0.2908835996349808,2.385319981840439e-05,0.00026359999901615083,2.120001590810716e-05,8.040000102482736e-05,0.2916511000075843,4.8999994760379195e-05,1.3948317481641404,0.0628514065006977,0.2458184397695646,0.06321346322706928
442,1.0,0.008890360543607619,1,datasets_sb01.npz,1.0122383199103424,1.0132633027088125,1.0122383199103429,0.4300915956638438,constrained_1to1,0.08821709926877574,0.27031187893615,0.08012683123187672,1000,1000,0.5,results\constrained_1to1_beta1_profile_3.csv,0.9186657583350966,0.9992293531059177,0.999788967660513,0.08062572873825632,0.08056359477082106,2,1.2300006346777081e-05,0.3023091995273717,0.0265114005014766,0.3288206000288483,0.329737699998077,0.329074200039031,2.6511400501476602e-05,0.00019190000602975488,9.69998654909432e-06,5.910001345910132e-05,0.3298073000041768,4.939999780617654e-05,1.594385044156841,0.07931784836462452,0.2614126280319988,0.0712275803277255
462,1.0,0.010422350027513762,1,datasets_sb01.npz,1.429856095502966,1.4180028410171637,1.4298560955029607,0.8804242292581606,constrained_1to1,0.07858063714214125,0.2590923603371942,0.07500803290497043,1000,1000,0.5,results\constrained_1to1_beta1_profile_3.csv,0.9168306527716668,0.9992776318013309,0.9997997194969801,0.08250657915862926,0.0824469790296641,3,1.2500007869675756e-05,0.31285810031113215,0.0281340999645181,0.34099220027565025,0.34195179998641834,0.3412387002608739,2.81340999645181e-05,0.00018619999173097312,1.1199997970834374e-05,5.669999518431723e-05,0.3420202999841422,4.779998562298715e-05,1.9792879617477714,0.06814786476459997,0.24865958795965293,0.06457526052742915
482,1.0,0.03324997669160256,1,datasets_sb01.npz,0.9696875842050032,0.9869713554578012,0.969687584204998,0.3419722531615872,constrained_1to1,0.10256834049014615,0.2863624351208799,0.1003867169358291,1000,1000,0.5,results\constrained_1to1_beta1_profile_3.csv,0.9169777196288461,0.9992235133057001,0.9997938547515934,0.0823097060684279,0.08224579367685403,4,2.4300010409206152e-05,0.2938157998432871,0.02635299979010597,0.32016879963339306,0.3210665000078734,0.32041759963613003,2.6352999790105967e-05,0.00018099998123943806,1.0599993402138352e-05,5.479998071677983e-05,0.3211326999880839,4.350001108832657e-05,1.5974029152484193,0.06928511382185198,0.25307920845258575,0.06710349026753494
511,1.0,0.015691221656968023,1,datasets_sb01.npz,1.0091607784455738,1.0157935395924378,1.0091607784455687,0.47975304725048684,constrained_1to1,0.07295724329683712,0.2354009728541516,0.0663466754078677,1000,1000,0.5,results\constrained_1to1_beta1_profile_3.csv,0.9193447449513971,0.9990936723911839,0.9997801771345489,0.07982127166206487,0.07974892743978673,5,1.3999990187585354e-05,0.30248289997689426,0.026239000086206943,0.3287219000631012,0.3297385000041686,0.32902010006364435,2.623900008620694e-05,0.00018760000239126384,1.4599994756281376e-05,5.679999594576657e-05,0.3298110000032466,9.660000796429813e-05,1.538568509640661,0.05725033041821213,0.2196940599755266,0.05063976252924272
434,1.0,0.014342892030654806,1,datasets_sb01.npz,0.9457479365938827,0.9355428637203838,0.9457479365938802,0.341482054085962,constrained_1to1,0.09504822385544467,0.2928332403057439,0.09559147515869318,1000,1000,0.5,results\constrained_1to1_beta1_profile_3.csv,0.9153098217026562,0.9992025346410118,0.9997261099881859,0.08395966786503016,0.08389271293835565,6,1.279998105019331e-05,0.2840739999082871,0.026036799739813432,0.3101107996481005,0.31098850001581013,0.31035829964093864,2.603679973981343e-05,0.00020100001711398363,8.599978173151612e-06,7.589999586343765e-05,0.31107369999517687,3.369999467395246e-05,1.5500138191018034,0.08069098893275921,0.27847600538305844,0.08123424023600771
502,1.0,0.0244060165017473,1,datasets_sb01.npz,1.332982075852066,1.3321773969207293,1.332982075852066,0.6832768032796465,constrained_1to1,0.10988050323000889,0.2934050179848557,0.10028427262054765,1000,1000,0.5,results\constrained_1to1_beta1_profile_3.csv,0.9205844150569238,0.9993151123880657,0.9997973606636131,0.07878465596602359,0.07873069733114195,7,1.0299991117790341e-05,0.272860299970489,0.023335699952440336,0.29619599992292933,0.29701929999282584,0.29639899992616847,2.3335699952440338e-05,0.0001542000100016594,8.799979696050286e-06,5.060000694356859e-05,0.29707949998555705,3.850000211969018e-05,1.9826873484244856,0.08545008071175984,0.2689745954666066,0.0758538501022986
449,1.0,0.016299491486918703,1,datasets_sb01.npz,0.9484580198674097,0.9375823845262785,0.9484580198674054,0.3689551444094956,constrained_1to1,0.08741763397125957,0.27767579503847106,0.0876023664701509,1000,1000,0.5,results\constrained_1to1_beta1_profile_3.csv,0.9166303364064343,0.999205001670442,0.9997844131393491,0.08264036421551312,0.08257466526400772,8,1.1900003300979733e-05,0.2693399995332584,0.024263500148663297,0.2936034996819217,0.2944813000212889,0.29383709968533367,2.4263500148663297e-05,0.0001821999903768301,1.1099997209385037e-05,5.15999854542315e-05,0.2945448000100441,3.950000973418355e-05,1.5279608953253239,0.07110184299285395,0.26136000406006543,0.07128657549174529
497,1.0,0.009536793427256891,1,datasets_sb01.npz,1.4336169505604517,1.433444903658073,1.4336169505604481,0.8334693995321601,constrained_1to1,0.09375704992848184,0.28952739952143713,0.09158683947379945,1000,1000,0.5,results\constrained_1to1_beta1_profile_3.csv,0.9227968581796867,0.9991672889436936,0.9997696757985809,0.07643407826605758,0.07637043076400685,9,1.2400007108226418e-05,0.2598690999438986,0.02150669990805909,0.2813757998519577,0.2821459000115283,0.28161029986222275,2.1506699908059092e-05,0.00018319999799132347,7.700000423938036e-06,5.679999594576657e-05,0.28221090001170523,3.890000516548753e-05,2.033764501588743,0.0842107197077977,0.279981069300753,0.0820405092531153
483,1.0,0.0407683177443562,1,datasets_sb01.npz,1.2090547176942545,1.2246354629494112,1.2090547176942537,0.5648289215787589,constrained_1to1,0.10803490118196693,0.3005136788720546,0.1111390816577437,1000,1000,0.5,results\constrained_1to1_beta1_profile_3.csv,0.9180043179448475,0.9992072807556572,0.9997744721971945,0.08126738503086105,0.08120296281080967,10,1.2300006346777081e-05,0.2948382007307373,0.0260801991680637,0.320918399898801,0.3218388000095729,0.3211729999165982,2.60801991680637e-05,0.0002012000186368823,8.600007276982069e-06,6.320001557469368e-05,0.3219113999803085,4.1099992813542485e-05,1.8532805138097501,0.06722581511986639,0.25970459280995406,0.07032999559564314
507,1.0,0.014894143754683608,1,datasets_sb01.npz,1.0191075178008335,1.0202707766263737,1.0191075178008304,0.43979106065384077,constrained_1to1,0.08736140085416064,0.2640626070230179,0.07962898656958758,1000,1000,0.5,results\constrained_1to1_beta1_profile_3.csv,0.9214767056587194,0.9991625225685522,0.9997728912138432,0.07775093156028864,0.07768581690983285,11,1.2500007869675756e-05,0.26594260064302944,0.02242049967753701,0.28836310032056645,0.2892229999997653,0.2886048003274482,2.242049967753701e-05,0.00018810000619851053,8.400005754083395e-06,5.679999594576657e-05,0.2892887000052724,4.1099992813542485e-05,1.5984239749478264,0.07245236295572234,0.24915356912457962,0.0647199486711493
465,1.0,0.01078413885721384,1,datasets_sb01.npz,1.155904182293049,1.1618247612091073,1.1559041822930498,0.6116869392414979,constrained_1to1,0.07709610777661158,0.25025153624140223,0.0708556652962301,1000,1000,0.5,results\constrained_1to1_beta1_profile_3.csv,0.9206280889373567,0.9992212702684968,0.9997734429469242,0.07865443187575626,0.07859318133114011,12,1.1800002539530396e-05,0.2768753998389002,0.023636600672034547,0.30051200051093474,0.30140100000426173,0.30074620051891543,2.3636600672034548e-05,0.00018060000729747117,8.899980457499623e-06,5.8900011936202645e-05,0.3014693000004627,4.1799998143687844e-05,1.7001214253446,0.06630118478054052,0.23945661324533118,0.06006074230015904
448,1.0,0.020854139007819815,1,datasets_sb01.npz,1.1447789239459931,1.1544070156677746,1.1447789239459856,0.5263729012522486,constrained_1to1,0.09954862789043525,0.3028803794314138,0.10375854935323749,1000,1000,0.5,results\constrained_1to1_beta1_profile_3.csv,0.9190756943340378,0.9991934124189679,0.9997700355496624,0.08018239220670152,0.08011771808493015,13,1.1900003300979733e-05,0.2675455993739888,0.023322500026552007,0.2908680994005408,0.2917171999870334,0.29110289938398637,2.3322500026552005e-05,0.0001858999894466251,7.499998901039362e-06,5.910001345910132e-05,0.29178430000320077,3.6999990697950125e-05,1.7631849466397376,0.07867363474360763,0.2820053862845862,0.08288355620640986
500,1.0,0.025134366866944428,1,datasets_sb01.npz,0.7699052484708659,0.7576795225674802,0.7699052484708621,0.14355494019998993,constrained_1to1,0.10212273757575528,0.28564792875376316,0.09606691598395563,1000,1000,0.5,results\constrained_1to1_beta1_profile_3.csv,0.9223949919534384,0.999233419070152,0.9997961127693701,0.07689737517808036,0.07683842711671347,14,1.1099997209385037e-05,0.2649575000978075,0.022071799758123234,0.28702929985593073,0.2878455999889411,0.28724949984462,2.2071799758123234e-05,0.00017029998707585037,7.90000194683671e-06,5.020000389777124e-05,0.2879042999993544,3.880000440403819e-05,1.396255556741742,0.07696323634194391,0.26048842751995177,0.07090741475014425
495,1.0,0.013149134813435975,1,datasets_sb01.npz,1.29927271302087,1.3133829162905366,1.2992727130208657,0.7318329353160028,constrained_1to1,0.08381609259728998,0.2775058003660415,0.08602228889147898,1000,1000,0.5,results\constrained_1to1_beta1_profile_3.csv,0.9219273332650997,0.9992487019922334,0.9997847234850772,0.07737950379417628,0.07732136872713374,15,1.1899974197149277e-05,0.27217359983478673,0.0228270000370685,0.29500059987185523,0.29583489999640733,0.2952223998727277,2.28270000370685e-05,0.00017370001296512783,6.799993570894003e-06,5.640002200379968e-05,0.29589860001578927,3.6200013710185885e-05,1.8667124907257375,0.07065380864904057,0.2643435164177921,0.07286000494322957
494,1.0,0.012656027657968385,1,datasets_sb01.npz,0.8662554128317934,0.846862198951253,0.8662554128317886,0.28563566606945423,constrained_1to1,0.08775491730798703,0.27317341591335426,0.08389028811015507,1000,1000,0.5,results\constrained_1to1_beta1_profile_3.csv,0.9219363132330819,0.9991705644002626,0.9998022724496419,0.07729836518306507,0.07723425116718073,16,1.1000025551766157e-05,0.2696554007998202,0.02259009939734824,0.29224550019716844,0.29327480000210926,0.29248810024000704,2.259009939734824e-05,0.00017129999469034374,8.299975888803601e-06,4.919999628327787e-05,0.2933327999780886,6.030002259649336e-05,1.4468751595941325,0.07508623362236068,0.2605047322277279,0.07122160442452873
479,1.0,0.01517769501825829,1,datasets_sb01.npz,1.0844217267775258,1.069412020292836,1.0844217267775247,0.515913821836955,constrained_1to1,0.08413193408473477,0.24990630416037315,0.07287057041109649,1000,1000,0.5,results\constrained_1to1_beta1_profile_3.csv,0.9220304507967542,0.9992225735541335,0.9997736247753485,0.07725218064561397,0.0771921227573792,17,1.1199997970834374e-05,0.2726621994515881,0.022827200504252687,0.2954893999558408,0.2963434999983292,0.295719299960183,2.2827200504252687e-05,0.00017630000365898013,8.500006515532732e-06,5.8200006606057286e-05,0.2964106000144966,4.2400002712383866e-05,1.6529296317180966,0.06893906137145822,0.2347134314470966,0.057677697697819934
455,1.0,0.014699219382832052,1,datasets_sb01.npz,1.2608632416082761,1.2856163312749036,1.260863241608278,0.6680655711331156,constrained_1to1,0.09147466631632052,0.2791558722627843,0.0880585209737165,1000,1000,0.5,results\constrained_1to1_beta1_profile_3.csv,0.9176101984256352,0.999293184886561,0.9998118421668812,0.08174076206693878,0.08168298646092585,18,1.2300006346777081e-05,0.40634670047438703,0.03617179940920323,0.44251849988359027,0.44369299997924827,0.4428314998804126,3.617179940920323e-05,0.00018579998868517578,1.4899997040629387e-05,6.790002225898206e-05,0.443776500003878,0.00011490000179037452,1.8536609120834366,0.07676074771410564,0.26444195366056944,0.07334460237150162
455,1.0,0.016442508007345473,1,datasets_sb01.npz,1.3719428208080409,1.3706246828401716,1.3719428208080404,0.8333801804024186,constrained_1to1,0.07550232133503634,0.23961223260394476,0.06843767757202134,1000,1000,0.5,results\constrained_1to1_beta1_profile_3.csv,0.9205587300015322,0.999088004149413,0.9997840106385273,0.07860095789533353,0.07852927414788083,19,2.4300010409206152e-05,0.439387100195745,0.037482399464352056,0.47686949966009706,0.4781610000063665,0.47730479965684935,3.748239946435206e-05,0.0003646999830380082,9.700015652924776e-06,9.259997750632465e-05,0.47826430000714026,4.630000330507755e-05,1.9105054612136632,0.05904337081968353,0.22315328208859195,0.05197872705666852
427,1.0,0.008981887865175014,1,datasets_sb01.npz,1.0261681390948392,1.0270191102499577,1.0261681390948396,0.4745906854093668,constrained_1to1,0.0791955662781522,0.2852064634861788,0.08844790500020569,1000,1000,0.5,results\constrained_1to1_beta1_profile_3.csv,0.9205384083932541,0.9984886070242824,0.9991884601842683,0.07806819034554363,0.0779501986310284,20,1.990000600926578e-05,0.2961280003655702,0.025075799378100783,0.32120379974367097,0.32233480000286363,0.3216899997496512,2.507579937810078e-05,0.00042830000165849924,7.399998139590025e-06,0.0002516999957151711,0.3225965999881737,3.7999998312443495e-05,1.5777455927803117,0.07020469652511202,0.2762155937331386,0.0794570352471655
486,1.0,0.01068838746047524,1,datasets_sb01.npz,1.5360785669746633,1.5347024785301189,1.536078566974662,0.9134818116752961,constrained_1to1,0.10090241558447005,0.2817321401537607,0.08766839857666672,1000,1000,0.5,results\constrained_1to1_beta1_profile_3.csv,0.9257677709752722,0.9993174334782111,0.9998235984788304,0.07359989933022884,0.073549662502939,21,1.1299998732283711e-05,0.3194095999642741,0.025376200181199238,0.34478580014547333,0.34574099999736063,0.34502130013424903,2.537620018119924e-05,0.0001784999913070351,8.300004992634058e-06,5.219999002292752e-05,0.34580199999618344,4.569999873638153e-05,2.1586753222740303,0.09020333973653434,0.27103306430582497,0.07696932272873101
509,1.0,0.012067927531451554,1,datasets_sb01.npz,1.2580172163918821,1.2441393683290023,1.2580172163918817,0.6838948550893968,constrained_1to1,0.0858018757152076,0.27426851575981365,0.08414705264577181,1000,1000,0.5,results\constrained_1to1_beta1_profile_3.csv,0.9200676893489278,0.9991574409604891,0.9997155190672786,0.07915644559032901,0.07908975161156133,22,1.2900010915473104e-05,0.2707048001466319,0.023270000296179205,0.2939748004428111,0.29483920001075603,0.29422270043869503,2.3270000296179204e-05,0.00019329998758621514,8.300004992634058e-06,7.51999905332923e-05,0.29492310000932775,4.169999738223851e-05,1.8321395776943674,0.0737218802562246,0.2621885203008306,0.07206705718678881
461,1.0,0.014583552050682373,1,datasets_sb01.npz,0.8615434698716722,0.8479272811171213,0.86154346987167,0.2525097097994782,constrained_1to1,0.09655407145660008,0.29015960335058494,0.09363014961829093,1000,1000,0.5,results\constrained_1to1_beta1_profile_3.csv,0.9228094872626973,0.9992003818930006,0.9997501016126793,0.0764520270554537,0.07639089463030335,23,1.200000406242907e-05,0.2663577001658268,0.022049299761420116,0.28840699992724694,0.289245399995707,0.2886377999384422,2.2049299761420115e-05,0.0001790999958757311,1.5700003132224083e-05,5.6100019719451666e-05,0.2893177000223659,3.9700011257082224e-05,1.4705772299438662,0.08195593585386703,0.2755614677478519,0.07903201401555787
430,1.0,0.014213004543430158,1,datasets_sb01.npz,0.8491080234033215,0.8465609233171358,0.8491080234033196,0.3182512376217709,constrained_1to1,0.07335717591897105,0.23695707148102388,0.0668267795668951,1000,1000,0.5,results\constrained_1to1_beta1_profile_3.csv,0.9209523932345411,0.9993156915512452,0.9997980559809169,0.07841695970475572,0.07836329831670409,24,1.0899995686486363e-05,0.304423300025519,0.025903199828462675,0.33032649985398166,0.33121309999842197,0.33055269985925406,2.5903199828462675e-05,0.0001812000118661672,6.699992809444666e-06,5.970001802779734e-05,0.33128000001306646,3.409999771974981e-05,1.3799648091848722,0.05912995837099746,0.22272985393305028,0.05259956201892152
501,1.0,0.02174311918784137,1,datasets_sb01.npz,1.3043501653364167,1.3062266918701888,1.3043501653364173,0.6567792903057467,constrained_1to1,0.10915973505518213,0.3000591075432688,0.10264874023810014,1000,1000,0.5,results\constrained_1to1_beta1_profile_3.csv,0.9162679896913982,0.9993997617603622,0.9998012204698032,0.08318170090668622,0.08313177206896391,25,1.0399991879239678e-05,0.33476299946778454,0.030372600245755166,0.3651355997135397,0.36616209999192506,0.36535489969537593,3.0372600245755166e-05,0.00015509998775087297,1.6900012269616127e-05,5.539998528547585e-05,0.3662348999932874,5.3800002206116915e-05,1.9519210403670866,0.08739487274815293,0.2782942452362396,0.08088387793107094
466,1.0,0.02066808810635535,1,datasets_sb01.npz,0.9709905153807518,1.0097338612499864,0.9709905153807475,0.359295972550555,constrained_1to1,0.09739957666811837,0.29956630426283665,0.10183531617745448,1000,1000,0.5,results\constrained_1to1_beta1_profile_3.csv,0.9136601557196572,0.999105520515324,0.9993754464069471,0.08552186234702756,0.08544536479566686,26,1.6499980119988322e-05,0.30959949997486547,0.02895370018086396,0.33855320015572943,0.33955050000804476,0.33885630016447976,2.895370018086396e-05,0.0002460000105202198,8.200004231184721e-06,0.00020300000323913991,0.3397627000231296,4.060001811012626e-05,1.5826850582109486,0.07671082047365667,0.27887754806837495,0.08114655998299278
466,1.0,0.012063002491098328,1,datasets_sb01.npz,0.9754705427926149,0.9878625755041731,0.9754705427926099,0.3786358754396706,constrained_1to1,0.09272480741209385,0.2915307470481981,0.09373832758096473,1000,1000,0.5,results\constrained_1to1_beta1_profile_3.csv,0.9198729844266859,0.9992403623217385,0.9998008550058272,0.07942771417944151,0.07936737789505262,27,1.2899981811642647e-05,0.2991012999555096,0.025806699733948335,0.32490799968945794,0.3258283000031952,0.3251549996784888,2.5806699733948335e-05,0.00018220001948066056,9.499985026195645e-06,5.490001058205962e-05,0.3258932000026107,5.189998773857951e-05,1.5723052101455592,0.08064974191850442,0.27945568155460865,0.0816632620873753
432,1.0,0.018375900121800945,1,datasets_sb01.npz,0.9193070943915891,0.9502991378107389,0.9193070943915859,0.37370874641361207,constrained_1to1,0.07748791058837404,0.25681428902971004,0.07752718381711696,1000,1000,0.5,results\constrained_1to1_beta1_profile_3.csv,0.9146842783687282,0.9990011252014981,0.9997476532572653,0.08440115301748354,0.08431684683276988,28,1.789999078027904e-05,0.27883509956882335,0.025703400548081845,0.3045385001169052,0.3054548999934923,0.304843000107212,2.5703400548081846e-05,0.0002499000111129135,7.700000423938036e-06,6.890000076964498e-05,0.3055319999984931,3.6699988413602114e-05,1.4649054423695662,0.05909363456645129,0.23842001300778728,0.059132907795194214
455,1.0,0.0212229213033767,1,datasets_sb01.npz,0.7842059835033277,0.7671911458550185,0.7842059835033278,0.1482154070452224,constrained_1to1,0.10529050743011066,0.2874774374576058,0.09511969460121789,1000,1000,0.5,results\constrained_1to1_beta1_profile_3.csv,0.9200847174655593,0.9993017855460213,0.999806839806736,0.07927241722797236,0.07921706808046196,29,1.0799994925037026e-05,0.2764676997321658,0.023803200048860162,0.30027089978102595,0.3012460000172723,0.30048069974873215,2.3803200048860163e-05,0.00016269998741336167,6.799993570894003e-06,5.089998012408614e-05,0.30130419999477454,3.6299985367804766e-05,1.420196559961433,0.08404636320543059,0.2662332932329257,0.07387555037653781
492,1.0,0.011098632220052779,1,datasets_sb01.npz,0.9801888039472528,0.9712997434461024,0.9801888039472555,0.413782112839959,constrained_1to1,0.08351117756432563,0.25979922233429237,0.0758890304751432,1000,1000,0.5,results\constrained_1to1_beta1_profile_3.csv,0.9208972128957783,0.9991725897404132,0.9997183536782873,0.07834019632681369,0.07827537684463483,30,1.3600016245618463e-05,0.2785808002226986,0.023679099918808788,0.3022599001415074,0.3031316999986302,0.30251020018476993,2.3679099918808787e-05,0.00019600000814534724,8.499977411702275e-06,7.609999738633633e-05,0.30321709997951984,4.0700018871575594e-05,1.5465954950545466,0.0724014467120528,0.24868949148201955,0.06477929962287036
523,1.0,0.02780310578527335,1,datasets_sb01.npz,0.3751293500200333,0.3607885175678375,0.3751293500200309,-0.33483872755884975,constrained_1to1,0.1312095666339689,0.3364515192727876,0.12719667692501554,1000,1000,0.5,results\constrained_1to1_beta1_profile_3.csv,0.9217654345041948,0.9992011400741744,0.9997792084914853,0.07749761530919716,0.0774357055699796,31,1.1600001016631722e-05,0.27115500008221716,0.022779199527576566,0.2939341996097937,0.29478319999179803,0.2941691995947622,2.2779199527576566e-05,0.00018439997802488506,7.700000423938036e-06,5.679999594576657e-05,0.29484829999273643,3.9000005926936865e-05,1.0850974275989163,0.10337865774291029,0.308620610381729,0.09936576803395693
487,1.0,0.023638087534274942,1,datasets_sb01.npz,1.1415145262963533,1.1634962789313692,1.1415145262963549,0.5427814223271231,constrained_1to1,0.09331563145268353,0.2864416755588765,0.09572208924845567,1000,1000,0.5,results\constrained_1to1_beta1_profile_3.csv,0.9197526301337332,0.9992019417770229,0.9997992887339298,0.07951276746119385,0.07944931164328979,32,1.2100004823878407e-05,0.28662380055175163,0.024758900282904506,0.31138270083465613,0.3123263999877963,0.31163140083663166,2.4758900282904506e-05,0.0001832999987527728,8.800008799880743e-06,5.339999916031957e-05,0.31238909999956377,5.329999839887023e-05,1.7402476302655834,0.06965390583087432,0.26277994993706727,0.07206036362664646
491,1.0,0.018910649801769187,1,datasets_sb01.npz,0.8259066579776227,0.8264576707049908,0.8259066579776231,0.26829965897891916,constrained_1to1,0.08093647577372452,0.25747997640449816,0.07842414629367482,1000,1000,0.5,results\constrained_1to1_beta1_profile_3.csv,0.9197502751190659,0.9992138694304716,0.999770650873319,0.07952611221929698,0.07946359431140564,33,1.2600008631125093e-05,0.2784531999495812,0.024057499860646203,0.3025106998102274,0.3033978999883402,0.3027486998180393,2.4057499860646202e-05,0.00018740000086836517,8.000002708286047e-06,6.120000034570694e-05,0.30346749999444,3.7999998312443495e-05,1.3835136569763264,0.062006915322153563,0.2385504159529272,0.05949458584210386
492,1.0,0.012143608036511464,1,datasets_sb01.npz,0.8664945369211474,0.8762112307111769,0.8664945369211469,0.27143164922025453,constrained_1to1,0.09217509379397267,0.2857178010054813,0.09026753685226775,1000,1000,0.5,results\constrained_1to1_beta1_profile_3.csv,0.9202483381066103,0.9992356442711543,0.999792417279442,0.07904772674733544,0.07898730616454389,34,1.2200005585327744e-05,0.2764276008529123,0.02372649929020554,0.30015410014311783,0.30102220000117086,0.3003837001451757,2.3726499290205537e-05,0.0001787999935913831,8.99998121894896e-06,5.299999611452222e-05,0.3010846999823116,3.860000288113952e-05,1.4615574246220402,0.08001934214942469,0.2735620493609333,0.07811178520771977
506,1.0,0.023223707038888517,1,datasets_sb01.npz,0.6812043277176416,0.6624339068017129,0.6812043277176424,0.08003002834050477,constrained_1to1,0.09407812844429182,0.2820713333161542,0.09338522165084474,1000,1000,0.5,results\constrained_1to1_beta1_profile_3.csv,0.9207602900616274,0.9992498638535999,0.9997879056227913,0.07854849585796085,0.07848957379197244,35,1.09999964479357e-05,0.27851009950973094,0.02374140071333386,0.3022515002230648,0.3031026000098791,0.3024784002045635,2.374140071333386e-05,0.00017779998597688973,7.599999662488699e-06,5.569998756982386e-05,0.3031669000047259,3.809999907389283e-05,1.2823786270947783,0.07083119769836442,0.25882440257022676,0.07013829090491734
479,1.0,0.017812686062378805,1,datasets_sb01.npz,0.7722472250064601,0.7847256192379385,0.7722472250064586,0.22438685843084594,constrained_1to1,0.07813176313628864,0.2644304767994253,0.08144271704805689,1000,1000,0.5,results\constrained_1to1_beta1_profile_3.csv,0.9145803570282458,0.9992967664806676,0.999815176090986,0.08477602679610052,0.08471640945242169,36,1.1500000255182385e-05,0.29522160009946674,0.02734599946415983,0.3225675995636266,0.32349120001890697,0.32279459954588674,2.734599946415983e-05,0.00017419998766854405,8.200004231184721e-06,5.099998088553548e-05,0.32355099997948855,4.129999433644116e-05,1.3201075915820744,0.060301264387847456,0.24659997805098408,0.0636122182996157
458,1.0,0.007882788177986615,1,datasets_sb01.npz,0.7060984324000531,0.7068079481633306,0.7060984324000527,0.11243923469725425,constrained_1to1,0.09174074422561714,0.29076784436218917,0.09125603446052213,1000,1000,0.5,results\constrained_1to1_beta1_profile_3.csv,0.9154183587607924,0.9992983474144744,0.9997964694234875,0.08393888458908018,0.08387998865368212,37,1.1500000255182385e-05,0.29707120000966825,0.027220700401812792,0.32429190041148104,0.32519209999009036,0.3245196004281752,2.722070040181279e-05,0.00017800001660361886,7.700000423938036e-06,5.800000508315861e-05,0.3252582999994047,3.819999983534217e-05,1.299757630102852,0.08385007325945254,0.2828771733960246,0.08336536349435754
473,1.0,0.007591797099535878,1,datasets_sb01.npz,0.9542996739451247,0.9624757220794098,0.9542996739451206,0.3741316466847039,constrained_1to1,0.08761842457706383,0.27102856129618963,0.08005701256148913,1000,1000,0.5,results\constrained_1to1_beta1_profile_3.csv,0.916692346518853,0.9992952153402999,0.9998114174562415,0.08266112711579154,0.08260286882144681,38,1.1199997970834374e-05,0.29538219957612455,0.026616800256306306,0.32199899983243085,0.32287460000952706,0.3222260998445563,2.6616800256306304e-05,0.00017780001508072019,7.700000423938036e-06,5.2799994591623545e-05,0.3229355000075884,3.809999907389283e-05,1.5344677012055454,0.08001903568042841,0.2634291723995542,0.07245762366485371
458,1.0,0.01563999938525956,1,datasets_sb01.npz,1.0680932742246247,1.0923088875750238,1.0680932742246236,0.48318316456335175,constrained_1to1,0.08905660047479239,0.2778944659509619,0.08776897632638828,1000,1000,0.5,results\constrained_1to1_beta1_profile_3.csv,0.9126115247494168,0.9993310540734428,0.9998249799397629,0.0867775788319022,0.0867195293240261,39,1.1399999493733048e-05,0.31527889968128875,0.02995890041347593,0.3452378000947647,0.34618540000519715,0.34546890010824427,2.995890041347593e-05,0.00017380001372657716,8.299975888803601e-06,5.190001684240997e-05,0.34624600000097416,4.5900000259280205e-05,1.6530033838858977,0.07340096109014757,0.2622388265663171,0.07211333694174346
447,1.0,0.022261919618408114,1,datasets_sb01.npz,1.325424996564615,1.3090869369148723,1.3254249965646154,0.7213471439920809,constrained_1to1,0.09498908058325808,0.2800302789345827,0.09149674091188123,1000,1000,0.5,results\constrained_1to1_beta1_profile_3.csv,0.9158303493306267,0.9992585213461361,0.999788763956952,0.08349007812624949,0.08342817201550945,40,1.37000170070678e-05,0.3136022000107914,0.028567800036398694,0.3421700000471901,0.3431453000230249,0.34242390005965717,2.8567800036398694e-05,0.00019689998589456081,8.100003469735384e-06,6.379999103955925e-05,0.34321779999299906,4.33000095654279e-05,1.929502849137149,0.07270489904523157,0.2577460973965562,0.06921255937385472
492,1.0,0.018093137783488544,1,datasets_sb01.npz,1.092427874116424,1.1124069281289684,1.0924278741164217,0.4606874122000496,constrained_1to1,0.10388796626986516,0.2823128049963551,0.09125080280454961,1000,1000,0.5,results\constrained_1to1_beta1_profile_3.csv,0.9167110890301879,0.9991832948929467,0.9997769334240533,0.0825396163889978,0.08247220586275868,41,1.270000939257443e-05,0.2870105999754742,0.025821000279393047,0.3128316002548672,0.3137376999948174,0.31308730025193654,2.5821000279393047e-05,0.00018889998318627477,9.200011845678091e-06,6.029999349266291e-05,0.31380770000396296,5.4100004490464926e-05,1.7241683360327982,0.08577673534859312,0.26420157407508305,0.07313957188327759
500,1.0,0.01601096082518431,1,datasets_sb01.npz,0.927349296309517,0.916988185552256,0.927349296309515,0.3450213269975515,constrained_1to1,0.08827203869299186,0.284488273042179,0.091151733745213,1000,1000,0.5,results\constrained_1to1_beta1_profile_3.csv,0.9185170349694819,0.9992591431539082,0.9996700440223159,0.08080197087772877,0.08074210818442629,42,1.1299998732283711e-05,0.2929656002961565,0.025753099063877016,0.3187186993600335,0.31963400001404807,0.3189549993549008,2.5753099063877018e-05,0.00018360000103712082,8.599978173151612e-06,9.649997809901834e-05,0.31973949997336604,4.1399995097890496e-05,1.5096772656214825,0.07224506690698236,0.2684613012561695,0.0751247619592035
434,1.0,0.010923379577398893,1,datasets_sb01.npz,0.7795201277566223,0.7644338673822823,0.7795201277566244,0.2256279700403322,constrained_1to1,0.07986165201468336,0.28109854680022206,0.0869475115389089,1000,1000,0.5,results\constrained_1to1_beta1_profile_3.csv,0.9207540581525336,0.9991999395670863,0.9997364701360372,0.07850869311355264,0.07844588141455273,43,1.3599987141788006e-05,0.2788523002236616,0.02375749993370846,0.30260980015737005,0.30349089999799617,0.30285210013971664,2.3757499933708458e-05,0.00018870001076720655,1.6499980119988322e-05,6.280001252889633e-05,0.3035708999959752,3.999998443759978e-05,1.3334122854729125,0.06892734905770706,0.2701642438432458,0.0760132085819326
480,1.0,0.010053395078990118,1,datasets_sb01.npz,1.29220803340951,1.2922066533715162,1.292208033409505,0.7865072155461058,constrained_1to1,0.06656948073399521,0.23656406607040772,0.06366996338890168,1000,1000,0.5,results\constrained_1to1_beta1_profile_3.csv,0.9185680307698234,0.999260399150986,0.9997942024584664,0.08075209269748128,0.08069236838116256,44,1.1399999493733048e-05,0.2881389000103809,0.02531179998186417,0.31345069999224506,0.3143218000186607,0.31368269998347387,2.5311799981864168e-05,0.0001804000057745725,8.199975127354264e-06,5.57999883312732e-05,0.3143864999874495,4.019998596049845e-05,1.7979088512729144,0.056506032259926106,0.2265006175963386,0.05360651491483257
494,1.0,0.013361497354099916,1,datasets_sb01.npz,1.3128836907194865,1.3257086803549254,1.3128836907194863,0.6788330007084994,constrained_1to1,0.10464917677618932,0.3157257592147543,0.10954088946851526,1000,1000,0.5,results\constrained_1to1_beta1_profile_3.csv,0.9163587842632407,0.9993030806132969,0.9998070642804718,0.08300214215205994,0.08294429635005629,45,1.1900003300979733e-05,0.3028146996803116,0.02740929930587299,0.3302239989861846,0.33113459998276085,0.3304542989935726,2.7409299305872992e-05,0.00017970000044442713,7.700000423938036e-06,5.560001591220498e-05,0.3311985000036657,3.8700003642588854e-05,1.9469343807304735,0.0912743179247353,0.3023509003633003,0.09616603061706125
455,1.0,0.01365632348284485,1,datasets_sb01.npz,1.04845514337012,1.051697569099781,1.0484551433701181,0.5220923944864183,constrained_1to1,0.07212040384537868,0.24756005758536262,0.07096684090497132,1000,1000,0.5,results\constrained_1to1_beta1_profile_3.csv,0.9161577026011646,0.9993055618570467,0.9998180940494572,0.08320564042630305,0.08314785925588217,46,1.1899974197149277e-05,0.30501729977549985,0.027682499901857227,0.3326997996773571,0.33362819999456406,0.3329309996624943,2.7682499901857228e-05,0.0001781000173650682,7.700000423938036e-06,5.259999306872487e-05,0.3336888999911025,4.119999357499182e-05,1.5748178922538214,0.05845042403905099,0.23389007777903492,0.05729686109864363
468,1.0,0.009971023432130313,1,datasets_sb01.npz,1.1927475533443945,1.179619572469136,1.1927475533443976,0.6704740982683797,constrained_1to1,0.07100415500755887,0.25371516129382754,0.07199623264419083,1000,1000,0.5,results\constrained_1to1_beta1_profile_3.csv,0.9200656559336123,0.999237651896173,0.9997886199231546,0.079232398631419,0.07917199596256067,47,1.3100012438371778e-05,0.2869970000174362,0.024696199863683432,0.31169319988111965,0.31264079999527894,0.3119309998874087,2.4696199863683433e-05,0.00018229999113827944,1.1399999493733048e-05,5.4100004490464926e-05,0.31270690000383183,4.2400002712383866e-05,1.7150210084204094,0.06102316055199643,0.24373416683826507,0.06201523818862839
490,1.0,0.019770941526116186,1,datasets_sb01.npz,1.1504873909420859,1.1751954617579818,1.150487390942087,0.5393152587713971,constrained_1to1,0.09723328174252029,0.2888055180563371,0.09550184380632797,1000,1000,0.5,results\constrained_1to1_beta1_profile_3.csv,0.9185039998572045,0.9990714668587393,0.9997512404017512,0.08064234609247053,0.08056746700153467,48,1.6299978597089648e-05,0.28548280012910254,0.025041400018380955,0.3105242001474835,0.3114683000021614,0.31081280013313517,2.5041400018380954e-05,0.000225499999942258,8.700008038431406e-06,6.839999696239829e-05,0.31154580001020804,4.680000711232424e-05,1.7616595231127747,0.07744256927487798,0.2690148055886948,0.07571113133868566
489,1.0,0.008007539614158213,1,datasets_sb01.npz,1.2775378732201694,1.2779381995072545,1.2775378732201725,0.8019926219144475,constrained_1to1,0.05886695284241519,0.2263750288498829,0.057894309631723664,1000,1000,0.5,results\constrained_1to1_beta1_profile_3.csv,0.9216995642320813,0.999250371358289,0.9997782405949123,0.07760898504425093,0.07755080712620763,49,1.2300006346777081e-05,0.28488479999941774,0.023969899775693193,0.30885469977511093,0.3097264999814797,0.3090863997931592,2.3969899775693193e-05,0.0001829999964684248,7.700000423938036e-06,6.059999577701092e-05,0.30979519998072647,3.640001523308456e-05,1.7530831245258913,0.050851405688642826,0.21835948169611052,0.0498787624779513
499,1.0,0.019388747201151264,1,datasets_sb01.npz,0.6303082825468802,0.624062756952911,0.6303082825468792,0.04698305232066102,constrained_1to1,0.0885746366666159,0.27976413794862,0.09067895973605698,1000,1000,0.5,results\constrained_1to1_beta1_profile_3.csv,0.9200525217962033,0.9992070853882006,0.9997922516539655,0.0792173762071002,0.07915456359199717,50,1.1399999493733048e-05,0.2876489006157499,0.02474719937890768,0.31239609999465756,0.3132947999984026,0.3126439999905415,2.474719937890768e-05,0.0001807000080589205,7.499998901039362e-06,5.679999594576657e-05,0.313359899999341,5.57999883312732e-05,1.2136335127730993,0.06916650071826348,0.2603560020002676,0.07127082378770457
450,1.0,0.012905428923486053,1,datasets_sb01.npz,1.0213512610234559,1.0076534749955641,1.021351261023457,0.4805636986514824,constrained_1to1,0.07612744367352695,0.24424138325705172,0.06931545185100929,1000,1000,0.5,results\constrained_1to1_beta1_profile_3.csv,0.9209103275170967,0.9992480324362856,0.999796288999911,0.07839665666210244,0.07833770491918889,51,1.2699980288743973e-05,0.2913484000891913,0.02478369968594052,0.3161320997751318,0.3170512999931816,0.31636999975307845,2.478369968594052e-05,0.00018350000027567148,8.90000956133008e-06,5.509998300112784e-05,0.31711589999031276,4.169999738223851e-05,1.5621388233954292,0.06320910932111741,0.23132304890464217,0.05639711749859975
480,1.0,0.015831380598683956,1,datasets_sb01.npz,1.3425664446607184,1.3588463318008088,1.342566444660717,0.8052644045528387,constrained_1to1,0.07514928214912785,0.2538258374862168,0.07485849500504486,1000,1000,0.5,results\constrained_1to1_beta1_profile_3.csv,0.9161160843365747,0.9993981809609566,0.9998246983690594,0.08333224755752835,0.08328209662438196,52,1.1500000255182385e-05,0.3587932000227738,0.03261710001970641,0.39141030004248023,0.3923975999932736,0.39164600006188266,3.2617100019706414e-05,0.00018470000941306353,8.400005754083395e-06,5.989999044686556e-05,0.3924663999932818,3.950000973418355e-05,1.8798684847685982,0.059302070169845206,0.23797862550693413,0.05901128302576222
475,1.0,0.02090794277339244,1,datasets_sb01.npz,0.47885608191749063,0.4653906814201496,0.478856081917488,-0.09282521112174646,constrained_1to1,0.08507379758720693,0.26260593577176616,0.08199419111688427,1000,1000,0.5,results\constrained_1to1_beta1_profile_3.csv,0.9151750077149546,0.999301060208403,0.9998199826622743,0.08418489266478314,0.0841260524934484,53,1.200000406242907e-05,0.3139883995463606,0.02886289983871393,0.3428512993850745,0.3437938999850303,0.34309109940659255,2.886289983871393e-05,0.00018620002083480358,8.000002708286047e-06,5.339999916031957e-05,0.34385579999070615,4.159999662078917e-05,1.0505373749567277,0.0641449468710411,0.24167708505560032,0.06106534040071844
438,1.0,0.013672245353831665,1,datasets_sb01.npz,1.1035475482979824,1.0904363403652415,1.103547548297985,0.5578467593899097,constrained_1to1,0.07751701140537615,0.25972891399629716,0.07685372426531768,1000,1000,0.5,results\constrained_1to1_beta1_profile_3.csv,0.915845690000831,0.999338555224999,0.999815628040487,0.08354812769669402,0.08349286522416793,54,1.2800010154023767e-05,0.31818430018029176,0.029007199773332104,0.34719149995362386,0.3481448999955319,0.3474212999572046,2.9007199773332105e-05,0.00017479999223724008,8.700008038431406e-06,5.49999822396785e-05,0.34820909998961724,4.220000118948519e-05,1.6492483372060551,0.06383109380619065,0.2460429963971117,0.06316780666613218
445,1.0,0.017609429107028556,1,datasets_sb01.npz,0.9955872858563969,1.0105015016670462,0.9955872858563956,0.3600615309397891,constrained_1to1,0.1051366579452114,0.30339721728129526,0.10279019459438044,1000,1000,0.5,results\constrained_1to1_beta1_profile_3.csv,0.9176960289385554,0.9992495624880372,0.999795330430595,0.08161478034218111,0.08155353354948174,55,1.300001167692244e-05,0.30107340021640994,0.026755700004287064,0.327829100220697,0.3287552000256255,0.3280753002327401,2.6755700004287063e-05,0.00019339998834766448,8.199975127354264e-06,5.849997978657484e-05,0.32882249998510815,3.980001201853156e-05,1.6311130407730046,0.08750961940907583,0.2857701787451597,0.08516315605824486
518,1.0,0.016872635985380743,1,datasets_sb01.npz,1.1255093627319093,1.0998003939563086,1.1255093627319144,0.5495614790302081,constrained_1to1,0.08634838732311231,0.2754101732271022,0.08653585315202987,1000,1000,0.5,results\constrained_1to1_beta1_profile_3.csv,0.9152616395061064,0.9993768773564068,0.9997927902910446,0.08416768464045873,0.08411523785030045,56,1.1000025551766157e-05,0.30492929977481253,0.028023899911204353,0.3329531996860169,0.3338919999951031,0.3331607997242827,2.802389991120435e-05,0.00015720000374130905,7.90000194683671e-06,6.0699996538460255e-05,0.3339611999981571,3.940000897273421e-05,1.7014572464336104,0.06945887870174619,0.2585206646057361,0.06964634453066375
540,1.0,0.013507381876531936,1,datasets_sb01.npz,0.635316726175243,0.6469281183047411,0.6353167261752412,0.09570026163808298,constrained_1to1,0.07579808642221578,0.2459834356262536,0.06999483698920411,1000,1000,0.5,results\constrained_1to1_beta1_profile_3.csv,0.9144331686134339,0.9993059632689275,0.9998154715400644,0.0849317404029671,0.08487279465549352,57,1.2200005585327744e-05,0.2976362003246322,0.027624999813269824,0.32526120013790205,0.3261767000076361,0.3254871001408901,2.7624999813269822e-05,0.00017439998919144273,7.399998139590025e-06,5.229999078437686e-05,0.3262369000003673,3.9300008211284876e-05,1.174933190712403,0.062277197163807314,0.23246254636784514,0.05647394773079565
447,1.0,0.03934427575535959,1,datasets_sb01.npz,1.096194128890625,1.0930562743756238,1.0961941288906265,0.42125915751324194,constrained_1to1,0.11858007486156519,0.2859049248280695,0.10285770603895633,1000,1000,0.5,results\constrained_1to1_beta1_profile_3.csv,0.9210220428598518,0.999258899181843,0.999802264655961,0.07829488072215189,0.07823685632199119,58,1.309998333454132e-05,0.29143090010620654,0.02475579996826127,0.3161867000744678,0.31753320002462715,0.31642120008473285,2.4755799968261273e-05,0.00018060000729747117,8.599978173151612e-06,5.370000144466758e-05,0.3175959999789484,4.080001963302493e-05,1.7711291002680078,0.07919645483045025,0.24652130479695458,0.06347408600784138
521,1.0,0.010828912445761655,1,datasets_sb01.npz,1.2042196307922568,1.1972134460742383,1.204219630792249,0.6033830740103131,constrained_1to1,0.09397245105309815,0.28320460581899337,0.08856105667942002,1000,1000,0.5,results\constrained_1to1_beta1_profile_3.csv,0.91382976284013,0.99932638230211,0.9998101094678687,0.0855542503191248,0.08549661946198012,59,1.1800002539530396e-05,0.32694059991627,0.030588099878514186,0.3575286997947842,0.35855969999101944,0.35776969979633577,3.0588099878514184e-05,0.0001860000193119049,9.500014130026102e-06,5.830000736750662e-05,0.3586278000148013,4.3199979700148106e-05,1.8050561875742006,0.08313270969489074,0.27236486446078595,0.0777213153212126
499,1.0,0.019686569214649875,1,datasets_sb01.npz,0.8286369934044472,0.8333437569306098,0.8286369934044435,0.30819917959384246,constrained_1to1,0.07050591369324283,0.23884088265467251,0.0699056031817376,1000,1000,0.5,results\constrained_1to1_beta1_profile_3.csv,0.9173871810175622,0.9992161551186189,0.9997890351703845,0.0818931656397635,0.08182897410105666,60,1.4599994756281376e-05,0.3306290003529284,0.029491399560356513,0.3601203999132849,0.3611213000258431,0.360402899881592,2.9491399560356514e-05,0.0002311999851372093,7.400027243420482e-06,6.799999391660094e-05,0.36119749999488704,3.6699988413602114e-05,1.349074807215052,0.0507996579093783,0.21913462687080798,0.050199347397873066
474,1.0,0.018978227264401615,1,datasets_sb01.npz,0.8334151363715468,0.8498598957701189,0.8334151363715412,0.2512399271779957,constrained_1to1,0.08822573255923442,0.2692150078190389,0.08494908532694438,1000,1000,0.5,results\constrained_1to1_beta1_profile_3.csv,0.9163157767200198,0.9993677081129901,0.9998100225351768,0.08310447767998154,0.08305193139297029,61,9.299983503296971e-06,0.3046212992630899,0.027609900309471413,0.3322311995725613,0.33313419998739846,0.33244139957241714,2.7609900309471414e-05,0.00016280001727864146,7.800001185387373e-06,5.5100012104958296e-05,0.3331975000037346,3.809999907389283e-05,1.415590345565098,0.06922852706756841,0.2502178023273729,0.06595187983527837
468,1.0,0.011344695817885423,1,datasets_sb01.npz,1.1693983142983082,1.1634334289745685,1.1693983142983093,0.6756837286910862,constrained_1to1,0.06345119013986648,0.21911125940165854,0.05680232645545815,1000,1000,0.5,results\constrained_1to1_beta1_profile_3.csv,0.9180939152713247,0.9992485827776527,0.999800349882168,0.0812156943778084,0.08115466750632803,62,1.2100004823878407e-05,0.2844388994271867,0.025142900878563523,0.3095818003057502,0.3104812999954447,0.30981460033217445,2.5142900878563525e-05,0.00017770001431927085,8.600007276982069e-06,5.299999611452222e-05,0.310543300001882,4.300000728107989e-05,1.6631128999055302,0.05209514962616318,0.20775521888795523,0.045446285941754844
420,1.0,0.013314653615675095,1,datasets_sb01.npz,0.8184179322878917,0.8150568487704646,0.8184179322878966,0.1871342481335846,constrained_1to1,0.10373778891072338,0.3074881035082708,0.10361287659971892,1000,1000,0.5,results\constrained_1to1_beta1_profile_3.csv,0.9198374198044479,0.9991341693941732,0.9997674862164855,0.07936546663978783,0.07929674958972538,63,1.3999990187585354e-05,0.2825919000606518,0.02436149981804192,0.30695339987869374,0.3078670999966562,0.307219399837777,2.436149981804192e-05,0.00020909999147988856,9.000010322779417e-06,6.199997733347118e-05,0.3079386999888811,4.2899977415800095e-05,1.4497016164421987,0.09040982064143262,0.29416013523898005,0.09028490833042815
499,1.0,0.01324921399896374,1,datasets_sb01.npz,0.752338081979627,0.764448609580534,0.7523380819796259,0.21622948110152007,constrained_1to1,0.07481581422727025,0.24863960728770157,0.07128388995173857,1000,1000,0.5,results\constrained_1to1_beta1_profile_3.csv,0.9171214194565372,0.9992319342857118,0.9997792066289919,0.08217362957667093,0.08211051482917446,64,1.3199984095990658e-05,0.29588959948159754,0.026491200434975326,0.32238079991657287,0.3233077000186313,0.3226285998825915,2.6491200434975326e-05,0.00019439999596215785,8.099974365904927e-06,6.279998342506588e-05,0.3233790999802295,4.019998596049845e-05,1.288446682857734,0.061553351014307554,0.23537714407473886,0.05802142673877587
430,1.0,0.01951753817087557,1,datasets_sb01.npz,0.9036606771367113,0.8830245740621122,0.9036606771367072,0.2845565689281997,constrained_1to1,0.09977350499808839,0.2953485453654558,0.0989104508153942,1000,1000,0.5,results\constrained_1to1_beta1_profile_3.csv,0.9219336296736286,0.9992014365518881,0.9997865520570927,0.07732955943788523,0.07726780687825954,65,1.300001167692244e-05,0.2882761998625938,0.02416060009272769,0.3124367999553215,0.3133584000170231,0.3126864999649115,2.4160600092727692e-05,0.00018229999113827944,1.0499992640689015e-05,5.5899989092722535e-05,0.31342530000256374,5.440000677481294e-05,1.5227647853452229,0.08023644928904194,0.27581148965640934,0.07937339510634775
493,1.0,0.011540088836076576,1,datasets_sb01.npz,1.2042290332496142,1.2084737358000712,1.2042290332496128,0.6557005809442304,constrained_1to1,0.07832243413904093,0.25628416224699735,0.07395445796182598,1000,1000,0.5,results\constrained_1to1_beta1_profile_3.csv,0.919265168175341,0.9991132938273178,0.9997399376388253,0.07991899031400272,0.07984812565197677,66,1.4899997040629387e-05,0.28457939994405024,0.02471879983204417,0.3092981997760944,0.3102294999989681,0.3095726997999009,2.471879983204417e-05,0.00021490000654011965,8.499977411702275e-06,7.180002285167575e-05,0.31031020000227727,4.470002022571862e-05,1.7527574855549979,0.06677080521412827,0.2447325333220847,0.06240282903691333
466,1.0,0.018197517830454073,1,datasets_sb01.npz,1.1762144836959687,1.1818724908486828,1.1762144836959665,0.5045073531978924,constrained_1to1,0.11744858110213446,0.32800660385542535,0.11827699704971856,1000,1000,0.5,results\constrained_1to1_beta1_profile_3.csv,0.9204731769022085,0.9992329077584992,0.9997523731106561,0.07882019321497942,0.07875973085629061,67,1.270000939257443e-05,0.28666829981375486,0.024528599751647562,0.3111968995654024,0.31208580001839437,0.31143579955096357,2.4528599751647562e-05,0.00018809997709468007,1.659998088143766e-05,6.029999349266291e-05,0.31216309999581426,3.809999907389283e-05,1.8479216141940449,0.09923286575384994,0.3097908885071408,0.10006128170143402
519,1.0,0.017775312730896137,1,datasets_sb01.npz,1.039671447118279,1.0225304240536122,1.0396714471182797,0.49381718530671104,constrained_1to1,0.07756061930910346,0.25042304856145214,0.07466002130356322,1000,1000,0.5,results\constrained_1to1_beta1_profile_3.csv,0.9194702924026807,0.9993072115698729,0.9998103463167092,0.07989226760584621,0.07983691916719227,68,1.09999964479357e-05,0.30087670031934977,0.02612489930470474,0.3270015996240545,0.3279039000044577,0.3272282996040303,2.612489930470474e-05,0.0001753999968059361,8.000002708286047e-06,5.3800002206116915e-05,0.32796609998331405,4.029998672194779e-05,1.5855257089298471,0.05976753126547644,0.2326299605178251,0.0568669332599362
466,1.0,0.012278201895637358,1,datasets_sb01.npz,1.082272122036327,1.0823151042870889,1.0822721220363223,0.557822044158546,constrained_1to1,0.0715972209980244,0.2576137953610687,0.07506780589197587,1000,1000,0.5,results\constrained_1to1_beta1_profile_3.csv,0.9181722509363418,0.9992956953538991,0.9997983361931841,0.08118062030561189,0.0811234444175573,69,1.2500007869675756e-05,0.308184700057609,0.027229100378463045,0.33541380043607205,0.3366311999852769,0.3356502004317008,2.7229100378463045e-05,0.0001852000132203102,8.000002708286047e-06,5.940001574344933e-05,0.3366991000075359,3.86999745387584e-05,1.606722199914108,0.0593067409004914,0.24532331526353574,0.06277732579444288
504,1.0,0.017935729352919014,1,datasets_sb01.npz,1.1714446339168716,1.1780592091032325,1.1714446339168756,0.5490879584358901,constrained_1to1,0.10082461253533419,0.29790732581615437,0.10014377946889938,1000,1000,0.5,results\constrained_1to1_beta1_profile_3.csv,0.9149064123570645,0.999002785156721,0.9997735649764999,0.08418031866293918,0.08409637279965655,70,1.479999627918005e-05,0.29386299970792606,0.027011300873709843,0.3208743005816359,0.3218738999858033,0.3211946006049402,2.7011300873709843e-05,0.0002648000081535429,8.800008799880743e-06,6.330001633614302e-05,0.3219468000170309,4.0700018871575594e-05,1.793801309397853,0.08287094745306225,0.27995366073388245,0.08219011438662745
564,1.0,0.017011320575062147,1,datasets_sb01.npz,0.7647704968514217,0.7705299063492691,0.7647704968514251,0.2017305063707463,constrained_1to1,0.08252135331124509,0.2548723063508811,0.07626702419445415,1000,1000,0.5,results\constrained_1to1_beta1_profile_3.csv,0.9167550771223987,0.9992944312702877,0.9997999541777132,0.08259763245449725,0.08253935414788909,71,1.2400007108226418e-05,0.3232692003075499,0.029105299414368346,0.35237449972191826,0.3533484000072349,0.3526232996955514,2.9105299414368346e-05,0.00018129998352378607,1.1500000255182385e-05,5.8600009651854634e-05,0.3534191000217106,5.509998300112784e-05,1.3278104873320973,0.06549302141560788,0.23784397445524388,0.05923869229881694
469,1.0,0.016510703741102695,1,datasets_sb01.npz,1.1101255368395826,1.1192423033792407,1.110125536839585,0.5373213024392474,constrained_1to1,0.08540834312446746,0.26711392707845394,0.08225270198290004,1000,1000,0.5,results\constrained_1to1_beta1_profile_3.csv,0.9169435180821526,0.9990829899718563,0.9997417736787406,0.08221486374421959,0.08213947188970366,72,1.7299986211583018e-05,0.30147809989284724,0.027006300195353106,0.32848440008820035,0.32947080000303686,0.32878590005566366,2.7006300195353105e-05,0.0002469999890308827,8.100003469735384e-06,7.6299998909235e-05,0.329555900010746,3.71999922208488e-05,1.6829297712399178,0.06888112867962366,0.25058671263361015,0.06572548753805624
449,1.0,0.015227268337882788,1,datasets_sb01.npz,0.666680361822007,0.6571712179027996,0.6666803618220081,0.14426886223193502,constrained_1to1,0.07104169484171902,0.2325104961609279,0.06486238182227404,1000,1000,0.5,results\constrained_1to1_beta1_profile_3.csv,0.9206346467261394,0.9992807318018406,0.9998153958848309,0.07870269342018794,0.07864608507570132,73,1.1500000255182385e-05,0.29208690027007833,0.024951799598056823,0.31703869986813515,0.31791909999446943,0.3172668998595327,2.4951799598056823e-05,0.00017919999663718045,7.200025720521808e-06,5.1099981646984816e-05,0.31797780000488274,3.749999450519681e-05,1.189091861412079,0.055799199235498344,0.2172680005547072,0.04961988621605337
465,1.0,0.019083956817128003,1,datasets_sb01.npz,1.044049868040558,1.0121156053371756,1.044049868040562,0.4547529149499383,constrained_1to1,0.09039746431744276,0.2577021206615371,0.07898367869693936,1000,1000,0.5,results\constrained_1to1_beta1_profile_3.csv,0.9182868623428093,0.9992851895884847,0.9998121315904694,0.08105626710932372,0.0809983272456754,74,1.2300006346777081e-05,0.2945721000432968,0.025982999795814976,0.3205550998391118,0.3214412000088487,0.3207843998679891,2.5982999795814975e-05,0.00017350001144222915,8.600007276982069e-06,5.1300012273713946e-05,0.3215016000031028,4.350001108832657e-05,1.633346821131178,0.07129442354349763,0.23859907988759194,0.05988063792299422
496,1.0,0.017305430354482707,1,datasets_sb01.npz,0.9230965381206988,0.9364396770073908,0.923096538120697,0.2950258104837147,constrained_1to1,0.10268451658539428,0.3009562411536135,0.10130710757501085,1000,1000,0.5,results\constrained_1to1_beta1_profile_3.csv,0.9189737596586023,0.999223432988588,0.9997674449499121,0.0803120410116545,0.08024967332998567,75,1.2699980288743973e-05,0.2984483996115159,0.026062100601848215,0.32451050021336414,0.3254386000044178,0.32476270021288656,2.6062100601848214e-05,0.0001984999980777502,8.800008799880743e-06,6.630001007579267e-05,0.32551429999875836,4.1000021155923605e-05,1.551167265757683,0.08536178080055709,0.28363350536877635,0.08398437179017366
434,1.0,0.017572886248096893,1,datasets_sb01.npz,1.051415220683526,1.0344557125927416,1.051415220683526,0.45211115970142346,constrained_1to1,0.09349368948085168,0.27459687027232244,0.08640490845799498,1000,1000,0.5,results\constrained_1to1_beta1_profile_3.csv,0.9168885218988952,0.9993317408760386,0.9998191195762154,0.08249834925174261,0.08244321897714339,76,1.309998333454132e-05,0.3317629997909535,0.029830899817170575,0.36159389960812405,0.36260480000055395,0.3618356996157672,2.9830899817170574e-05,0.00019120000069960952,7.500028004869819e-06,5.77000027988106e-05,0.36267039997619577,3.7500023609027267e-05,1.6507192816656286,0.07590323034650669,0.25700641113797745,0.06881444932364998
470,1.0,0.033517108244973254,1,datasets_sb01.npz,0.9491227137790856,0.9579864896991339,0.9491227137790809,0.3112742458961594,constrained_1to1,0.10590656705034268,0.3017936220224897,0.1086760712057527,1000,1000,0.5,results\constrained_1to1_beta1_profile_3.csv,0.9181528190273226,0.9992715184544368,0.9998114784774127,0.08117783598253624,0.0811186994271142,77,1.1500000255182385e-05,0.28232179960468784,0.02494309959001839,0.30726489919470623,0.3081294000148773,0.30748889918322675,2.4943099590018393e-05,0.0001720000000204891,8.099974365904927e-06,4.939999780617654e-05,0.3081874999916181,4.049998824484646e-05,1.5869711816620118,0.07235594169712446,0.2682429966692715,0.07512544585253449
505,1.0,0.00848735547327483,1,datasets_sb01.npz,0.6150957765564569,0.621439378646393,0.6150957765564549,0.10893231755969957,constrained_1to1,0.06669133882329291,0.23376507160094354,0.06148982879355814,1000,1000,0.5,results\constrained_1to1_beta1_profile_3.csv,0.9183231554378396,0.9993505387082542,0.9998032812709432,0.08108004161897919,0.08102738327041452,78,1.0300020221620798e-05,0.2915620002022479,0.025725699932081625,0.3172877001343295,0.31815829998231493,0.3174939001328312,2.5725699932081625e-05,0.00015539999003522098,8.200004231184721e-06,5.390000296756625e-05,0.3182208999933209,4.049998824484646e-05,1.121259235553214,0.0581954959945448,0.22526922877219543,0.05299398596481004
458,1.0,0.01304422932599754,0,datasets_sb01.npz,1.53366319761988,1.5446150138736974,1.5336631976198727,1.021328724274671,constrained_1to1,0.06832741893427555,0.23730356488053286,0.06588430394491528,1000,1000,0.5,results\constrained_1to1_beta1_profile_3.csv,0.9190307223642791,0.9992289722200669,0.9997868192846572,0.08026013264768028,0.08019824985578781,79,2.3100001271814108e-05,0.291194700228516,0.025410799396922812,0.3166054996254388,0.31750319999991916,0.3168497996230144,2.5410799396922812e-05,0.0001847999810706824,7.700000423938036e-06,5.9399986639618874e-05,0.3175708999915514,3.640001523308456e-05,2.045997670965089,0.05527014537895201,0.22424629132520932,0.05282703038959174
508,1.0,0.01993389073877779,1,datasets_sb01.npz,1.162605822754028,1.1691700505399183,1.162605822754029,0.5008771216056228,constrained_1to1,0.11398502549030487,0.3244027490257683,0.11661803430399034,1000,1000,0.5,results\constrained_1to1_beta1_profile_3.csv,0.9178835488866587,0.9992412476504191,0.9997788796338755,0.0814194759824638,0.08135769876376045,80,1.200000406242907e-05,0.3040045005909633,0.026945800054818392,0.3309503006457817,0.3318724000127986,0.33120160063845105,2.6945800054818392e-05,0.0001947999990079552,8.599978173151612e-06,6.419999408535659e-05,0.3319457999896258,4.449998959898949e-05,1.824334523902433,0.09403120086078831,0.30444892439625176,0.09666420967447377
468,1.0,0.025668541614968853,1,datasets_sb01.npz,1.2707928351154396,1.2696374748596244,1.27079283511544,0.6030317876405475,constrained_1to1,0.1160726823523441,0.30106911662925684,0.10482815482312181,1000,1000,0.5,results\constrained_1to1_beta1_profile_3.csv,0.9205610730533088,0.9991755725949397,0.9997398558099817,0.0786793649663219,0.07861449954163094,81,1.2599979527294636e-05,0.2862978997291066,0.024449400225421414,0.310747299954528,0.31166900001699105,0.3110036999278236,2.4449400225421414e-05,0.0001984999980777502,9.199982741847634e-06,7.129998994059861e-05,0.3117500999942422,4.529999569058418e-05,1.9385538825903317,0.09037847219576027,0.27537490647267304,0.07913394466653799
505,1.0,0.027644309714502987,1,datasets_sb01.npz,0.9295112428287096,0.915806878376023,0.9295112428287158,0.31969492748296724,constrained_1to1,0.09680235799194552,0.2736080636411756,0.09077666319694287,1000,1000,0.5,results\constrained_1to1_beta1_profile_3.csv,0.916954651302998,0.9992371678969663,0.999781793977824,0.08234533225694879,0.08228251659396821,82,1.2200005585327744e-05,0.29810589976841584,0.02675039993482642,0.32485629970324226,0.32576770000741817,0.32510429969988763,2.675039993482642e-05,0.00019829999655485153,7.599999662488699e-06,6.299998494796455e-05,0.32583879999583587,3.749999450519681e-05,1.5393275581744519,0.06913040396772803,0.24593610961695817,0.06310470917272538
495,1.0,0.007834228002976406,1,datasets_sb01.npz,1.1806376939168302,1.1754775793445598,1.180637693916833,0.6539038496756115,constrained_1to1,0.07222213209837888,0.2537487873818779,0.07120540005600247,1000,1000,0.5,results\constrained_1to1_beta1_profile_3.csv,0.9186098366580145,0.999338169375927,0.9998218098036384,0.08078179658475991,0.08072833271791248,83,1.1800002539530396e-05,0.30605029946309514,0.02689600025769323,0.3329462997207884,0.33385330002056435,0.333166799711762,2.689600025769323e-05,0.0001708999916445464,7.700000423938036e-06,5.119998240843415e-05,0.3339128000079654,3.779999678954482e-05,1.7073715381580488,0.0643800698673995,0.24590672515089854,0.06336333782502308
474,1.0,0.016417550254523385,1,datasets_sb01.npz,0.8395944431768914,0.8133856079493909,0.8395944431768892,0.22754395712984743,constrained_1to1,0.09751296269013503,0.29046028163815846,0.09450844435497034,1000,1000,0.5,results\constrained_1to1_beta1_profile_3.csv,0.9169031974478351,0.9993148066758951,0.999821682813747,0.08246811583047856,0.08241160922806,84,1.2600008631125093e-05,0.3119268009904772,0.02803609988768585,0.33996290087816305,0.3409047999884933,0.34019600090687163,2.803609988768585e-05,0.00017889999435283244,7.90000194683671e-06,5.2400020649656653e-05,0.34096560001489706,4.160002572461963e-05,1.4516449292239353,0.08107899488535712,0.27402631383338055,0.07807447655019244
532,1.0,0.022943350363756863,1,datasets_sb01.npz,1.05049520731788,1.0337694383859513,1.0504952073178793,0.4416268603456004,constrained_1to1,0.09650163055621519,0.2762524336663906,0.0899647919397534,1000,1000,0.5,results\constrained_1to1_beta1_profile_3.csv,0.9170852301967091,0.9992706082046592,0.9997972929631468,0.08224536710392058,0.08218537800795019,85,1.2900010915473104e-05,0.3082970002433285,0.027628299605567008,0.3359252998488955,0.33687100000679493,0.33617049985332415,2.7628299605567007e-05,0.00018849998014047742,9.69998654909432e-06,5.809997674077749e-05,0.33693929997389205,4.3800013372674584e-05,1.6593635542901595,0.07353533684209458,0.25328613995226995,0.06699849822563278
493,1.0,0.02178477504089203,1,datasets_sb01.npz,1.071862572060674,1.0443076578351886,1.0718625720606763,0.4780327820372676,constrained_1to1,0.09179347655123982,0.27246392876088954,0.08733394201422412,1000,1000,0.5,results\constrained_1to1_beta1_profile_3.csv,0.9191562608316043,0.9992465158054924,0.9997407170438848,0.08015064721974773,0.0800902549738881,86,1.3199984095990658e-05,0.3161915002274327,0.027551199891604483,0.3437427001190372,0.34470769998733886,0.3440019001136534,2.7551199891604484e-05,0.00020300000323913991,1.09999964479357e-05,7.790001109242439e-05,0.34479709999868646,4.300000728107989e-05,1.6656923620840804,0.0699869167353069,0.2506573689449566,0.0655273821982912
520,1.0,0.01712583413940503,1,datasets_sb01.npz,1.0094346875917706,0.983286545007015,1.0094346875917712,0.3747207560809225,constrained_1to1,0.10486822544095106,0.3080463307167526,0.10516658378562518,1000,1000,0.5,results\constrained_1to1_beta1_profile_3.csv,0.9206331155290858,0.9992947473627055,0.9998065489982284,0.07871714730936001,0.07866163183361978,87,1.3599987141788006e-05,0.35284819998196326,0.03014839976094663,0.3829965997429099,0.3840022000076715,0.3832668997347355,3.0148399760946632e-05,0.00021009999909438193,1.069999416358769e-05,6.299998494796455e-05,0.38407649999135174,4.6600005589425564e-05,1.6441486191026187,0.08772526546740662,0.29090337074320816,0.08802362381208076
518,1.0,0.02090508255994412,1,datasets_sb01.npz,1.0905715955139836,1.1084324282111562,1.0905715955139834,0.44864228316718857,constrained_1to1,0.10726604593139036,0.3088621084736755,0.10726761905357743,1000,1000,0.5,results\constrained_1to1_beta1_profile_3.csv,0.9202419491581676,0.999235454041602,0.9997929271089853,0.07905394525777658,0.07899350488343433,88,1.4399993233382702e-05,0.31704009999521077,0.027214700123295188,0.34425480011850595,0.3452174999983981,0.3445182001159992,2.721470012329519e-05,0.00020549999317154288,8.400005754083395e-06,6.249998114071786e-05,0.3452889999898616,4.350001108832657e-05,1.7325009078607787,0.0863400582888863,0.2879361208311714,0.08634163141107337
491,1.0,0.020501530225493905,1,datasets_sb01.npz,0.6104245723343241,0.633394849640484,0.6104245723343275,0.024556638413275933,constrained_1to1,0.0893485099950327,0.2766154219656542,0.0892069059336335,1000,1000,0.5,results\constrained_1to1_beta1_profile_3.csv,0.9167281800174066,0.9991723453056801,0.9998029988615952,0.082512457110741,0.08244416528827342,89,1.5199999324977398e-05,0.3175551003077999,0.028558700112625957,0.34611380042042583,0.3471377000096254,0.3464005004207138,2.8558700112625958e-05,0.00022799998987466097,8.700008038431406e-06,5.91999851167202e-05,0.3472061000065878,4.350001108832657e-05,1.1962925062553724,0.0688264782393133,0.2560933902099348,0.06868487417791411
465,1.0,0.02005289263440462,1,datasets_sb01.npz,1.3559350033032846,1.3473715278537806,1.3559350033032815,0.7654481060617914,constrained_1to1,0.09076290499111982,0.2802904358702395,0.0906577033272369,1000,1000,0.5,results\constrained_1to1_beta1_profile_3.csv,0.9174760690772299,0.9992384575502972,0.9997846797861328,0.08182470145666083,0.08176238847306733,90,1.4099990949034691e-05,0.317574799672002,0.02830120045109652,0.3458760001230985,0.34685040000476874,0.34613960012211464,2.830120045109652e-05,0.00020670000230893493,8.99998121894896e-06,6.520000169984996e-05,0.3469250999914948,4.2800005758181214e-05,1.9464219005447778,0.0706899594640808,0.26021749034320046,0.07058475780019788
499,1.0,0.009421095169514875,1,datasets_sb01.npz,1.1357454419353825,1.1360322939342409,1.1357454419353796,0.6320759546688354,constrained_1to1,0.06603575395755583,0.23368009462150535,0.06249360849667096,1000,1000,0.5,results\constrained_1to1_beta1_profile_3.csv,0.9187454860627267,0.9992142133231797,0.9997916274707084,0.0805320082395853,0.08046872726045305,91,1.309998333454132e-05,0.3000178999500349,0.026277199649484828,0.32629509959951974,0.32723019999684766,0.32655169957433827,2.6277199649484827e-05,0.0002032000047620386,8.200004231184721e-06,5.949998740106821e-05,0.32729839999228716,4.029998672194779e-05,1.6394149292019295,0.056605237692871437,0.22424957835682097,0.053063092231986575
453,1.0,0.009589223190175222,1,datasets_sb01.npz,0.8368891733457186,0.8215995975581252,0.8368891733457167,0.30757809234326894,constrained_1to1,0.07293060716159461,0.24147524545854948,0.06579688851813777,1000,1000,0.5,results\constrained_1to1_beta1_profile_3.csv,0.9187381630012503,0.9992496088796343,0.9998103464080296,0.08057190632143857,0.08051144587838403,92,1.2899981811642647e-05,0.2958018998906482,0.02592189985443838,0.3217237997450866,0.3226323999988381,0.32196539972210303,2.592189985443838e-05,0.0001871999993454665,8.100003469735384e-06,5.2499992307275534e-05,0.3226935999991838,4.149999585933983e-05,1.3662002543481682,0.06333179474822921,0.23187643304518407,0.05619807610477237
518,1.0,0.025380714232418368,1,datasets_sb01.npz,1.3747847291080522,1.3698913155835677,1.3747847291080513,0.7569100421592878,constrained_1to1,0.09937763660246607,0.2958562703108852,0.10158940412584469,1000,1000,0.5,results\constrained_1to1_beta1_profile_3.csv,0.9193784395453453,0.9992666983341655,0.9998037152542265,0.07994688397201509,0.07988825878882012,93,1.2200005585327744e-05,0.29814220004482195,0.02590669979690574,0.3240488998417277,0.3249740000173915,0.3242866998189129,2.5906699796905742e-05,0.0001881999778561294,8.199975127354264e-06,5.49999822396785e-05,0.32503779997932725,3.739999374374747e-05,1.9926594160568165,0.07397154165581529,0.2704501753642344,0.07618330917919391
531,1.0,0.022502145587476687,1,datasets_sb01.npz,0.9395625117719515,0.96755105729659,0.9395625117719536,0.2922790506716033,constrained_1to1,0.10906285896867085,0.3113975227885611,0.1093027586889899,1000,1000,0.5,results\constrained_1to1_beta1_profile_3.csv,0.9196028850611425,0.9992141238272634,0.999801901820792,0.07967385254842878,0.07961123876612083,94,1.1399999493733048e-05,0.28622179946978576,0.024778599967248738,0.3110003994370345,0.3119046000065282,0.31124499946599826,2.477859996724874e-05,0.00019050002447329462,8.499977411702275e-06,5.269999383017421e-05,0.31196639998233877,4.270000499673188e-05,1.5868459728722997,0.08653821123560669,0.2888728750554969,0.08677811095592575
452,1.0,0.017537339540914472,1,datasets_sb01.npz,1.5007439791949075,1.5110227959336955,1.5007439791949093,0.9489607783521635,constrained_1to1,0.0792546597074823,0.2544586645459575,0.07623532659974644,1000,1000,0.5,results\constrained_1to1_beta1_profile_3.csv,0.9172952775168587,0.9992376703523916,0.9997972228751948,0.08200490760785185,0.081942392835533,95,1.2399978004395962e-05,0.31321349961217493,0.02797950044623576,0.3411930000584107,0.3421782999939751,0.341453300032299,2.797950044623576e-05,0.00019920000340789557,9.799987310543656e-06,5.900001269765198e-05,0.342247699998552,4.8699992476031184e-05,2.0525271800376514,0.06169978282702692,0.2369037876655021,0.058680449719291046
445,1.0,0.016346471740932574,1,datasets_sb01.npz,1.0059235959966653,1.0318490539819396,1.0059235959966708,0.4170096740825512,constrained_1to1,0.09027998943780281,0.28205399544453386,0.09005496461825471,1000,1000,0.5,results\constrained_1to1_beta1_profile_3.csv,0.9157088813643459,0.9992756445802129,0.9997920081338988,0.08362733913220981,0.08356676321586701,96,1.1900003300979733e-05,0.3109859998221509,0.02838030070415698,0.3393663005263079,0.34032719998504035,0.3396123005368281,2.838030070415698e-05,0.00019079999765381217,8.500006515532732e-06,6.180000491440296e-05,0.34039800000027753,4.33000095654279e-05,1.5948375179107792,0.07391717122512931,0.26569117723186036,0.07369214640558121
481,1.0,0.024854326476236654,1,datasets_sb01.npz,1.469951486369375,1.4867466170670234,1.469951486369374,0.7907149180030527,constrained_1to1,0.12009639624272639,0.3107484343147338,0.11021823113484686,1000,1000,0.5,results\constrained_1to1_beta1_profile_3.csv,0.9194278698850354,0.9992314098723811,0.9997977973513587,0.0798649233789978,0.07980353998734566,97,1.1900003300979733e-05,0.30803499958710745,0.026736500178230926,0.3347714997653384,0.3357337999914307,0.33502899974700995,2.6736500178230925e-05,0.0002033999771811068,8.700008038431406e-06,5.859998054802418e-05,0.33580169998458587,4.220000118948519e-05,2.1491880547356974,0.0952172154400135,0.2858692535120209,0.08533905033213397
476,1.0,0.025553143815109883,1,datasets_sb01.npz,1.5619798113096635,1.5613427471694807,1.56197981130966,0.9517821667565083,constrained_1to1,0.0969234603858337,0.27887708030101793,0.09253320559396994,1000,1000,0.5,results\constrained_1to1_beta1_profile_3.csv,0.9135510053562821,0.9992715536762732,0.9998129366916004,0.08578303665768251,0.0857205483199911,98,1.4099990949034691e-05,0.3455070001655258,0.032419699971796945,0.37792670013732277,0.37894510000478476,0.3782022001396399,3.2419699971796944e-05,0.000221800000872463,9.299983503296971e-06,6.120000034570694e-05,0.37901599999167956,3.960001049563289e-05,2.1721774558628186,0.07134476342690871,0.2532983833420929,0.06695450863504494
389,1.0,0.014871588744665844,1,datasets_sb01.npz,0.8403321718064044,0.8373584873416086,0.8403321718064051,0.3108493387270873,constrained_1to1,0.07297794422264159,0.26004226044494827,0.0775668457123103,1000,1000,0.5,results\constrained_1to1_beta1_profile_3.csv,0.9151756894049383,0.9993072632835708,0.9997955069441307,0.08418989531026617,0.08413157387863242,99,1.1399999493733048e-05,0.31574330053990707,0.029026099713519216,0.3447694002534263,0.34615129997837357,0.3450084002397489,2.9026099713519217e-05,0.00018579998868517578,8.400005754083395e-06,6.19000056758523e-05,0.34622209999361075,4.1799998143687844e-05,1.3698150048857216,0.05809148388923108,0.24515580011153779,0.06268038537889979
501,1.0,0.015546517789532864,1,datasets_sb01.npz,1.0670645240161258,1.0655943038817277,1.0670645240161256,0.47445893289136143,constrained_1to1,0.09141539635368894,0.299705885177322,0.0997743871556633,1000,1000,0.5,results\constrained_1to1_beta1_profile_3.csv,0.920397188971284,0.9992732766317042,0.9997812671023217,0.07893345044339768,0.07887608766042024,100,1.309998333454132e-05,0.314852600422455,0.02698220030288212,0.3418348007253371,0.3428088999935426,0.3420834007265512,2.698220030288212e-05,0.00019630001042969525,7.599999662488699e-06,6.689998554065824e-05,0.342883899982553,3.920000744983554e-05,1.6596701151408904,0.07585333204636655,0.2841438208699996,0.0842123228483409
