acceptance_count,beta,bwVar,covers_true,dataset_file,est,est_med,ll,method,miVar,miVarclus,n_mcmc,n_sampling_draws,pstar,result_file,share_estimation_in_method,share_mcmc_in_method,share_method_in_sim,share_sampling_in_mcmc,share_sampling_in_method,sim,time_allocation,time_mcmc_estimation,time_mcmc_sampling,time_mcmc_total,time_method_call,time_method_total,time_per_sampling_draw,time_setup,time_sim_post,time_sim_prep,time_sim_total,time_summary,ul,wiVar,wiVarclus
524,1.0,0.001419658515919839,1,datasets_sb01.npz,0.871551071316563,0.8714702551253329,0.46564355481901304,constrained_1tok,0.04288861722959412,0.2162502139232079,1000,1000,0.5,results\constrained_1tok_beta1_profile_2.csv,0.9099124267576466,0.9981550550251115,0.9994810023402805,0.08840573197842987,0.08824262826746493,1,5.5500015150755644e-05,0.25789020041702315,0.025009999226313084,0.28290019964333624,0.28405419999035075,0.2834230996668339,2.5009999226313085e-05,0.0004141000099480152,2.099998528137803e-05,0.00012550002429634333,0.28420170000754297,5.329999839887023e-05,1.277458587814113,0.04146753905515836,0.21482913574877213
436,1.0,0.0019999571793185957,1,datasets_sb01.npz,1.053430984138745,1.0495439738539516,0.575610431411848,constrained_1tok,0.05943161198673402,0.24953533799112687,1000,1000,0.5,results\constrained_1tok_beta1_profile_2.csv,0.9083509333779778,0.9985346159243105,0.9997736556341981,0.09031603021879482,0.09018368254633272,2,2.010003663599491e-05,0.27950039983261377,0.02774960029637441,0.3072500001289882,0.3083098999923095,0.30770090012811124,2.7749600296374412e-05,0.00038049998693168163,1.3699987903237343e-05,5.540001438930631e-05,0.3083796999999322,5.029997555539012e-05,1.531251536865642,0.05742965485023611,0.24753338085462895
474,1.0,0.0025595907429587835,0,datasets_sb01.npz,1.4430092002593424,1.4372537521665436,1.0228086148437932,constrained_1tok,0.045962237605052664,0.2192627862778304,1000,1000,0.5,results\constrained_1tok_beta1_profile_2.csv,0.9017090041474959,0.9986287562744574,0.9997572419539658,0.09705283521830065,0.09691975212696143,3,2.099998528137803e-05,0.26605879940325394,0.028597200172953308,0.29465599957620725,0.2956957999849692,0.29506059957202524,2.8597200172953307e-05,0.0003310000174678862,1.0999967344105244e-05,5.9999991208314896e-05,0.2957675999496132,5.259999306872487e-05,1.8632097856748917,0.043400087271350925,0.21670063594412867
470,1.0,0.0035794255755297096,1,datasets_sb01.npz,0.9575127601022861,0.960720700526402,0.5184341972170823,constrained_1tok,0.05018481476086422,0.2170458331423154,1000,1000,0.5,results\constrained_1tok_beta1_profile_2.csv,0.8934544657868316,0.9987256184026797,0.9997796721194062,0.10540547941907641,0.105271152615848,4,1.9199971575289965e-05,0.2746865001972765,0.032364900049287826,0.3070514002465643,0.3081093999790028,0.30744320020312443,3.236490004928782e-05,0.000332699972204864,1.1000025551766157e-05,5.6200020480901e-05,0.3081773000303656,3.99000127799809e-05,1.39659132298749,0.04660180975975898,0.21346282814121018
461,1.0,0.0016324387276556004,1,datasets_sb01.npz,0.990696934425809,0.9875091368920645,0.6020766864749683,constrained_1tok,0.03931322811260228,0.20258990520441253,1000,1000,0.5,results\constrained_1tok_beta1_profile_2.csv,0.8938322300130801,0.9987351326738092,0.9997943953933013,0.10503575896031964,0.10490290266072906,5,1.8400023691356182e-05,0.26238320011179894,0.03079410025384277,0.2931773003656417,0.2941933000111021,0.2935486003989354,3.079410025384277e-05,0.0003152000135742128,9.800016414374113e-06,5.0099974032491446e-05,0.29425379994791,3.7699996028095484e-05,1.3793171823766497,0.037679156946219025,0.20095583403802927
466,1.0,0.0027445556981397765,1,datasets_sb01.npz,0.9439263243667956,0.948979581178143,0.483722894449539,constrained_1tok,0.0551299450509182,0.2308186307958784,1000,1000,0.5,results\constrained_1tok_beta1_profile_2.csv,0.9002945205975303,0.9987521889400197,0.9997821119754609,0.09858067840330138,0.09845766834248938,6,1.9899976905435324e-05,0.28196180012309924,0.03083579958183691,0.31279759970493615,0.3138543000095524,0.3131883996538818,3.083579958183691e-05,0.00032920000376179814,1.5400000847876072e-05,5.229999078437686e-05,0.3139227000065148,4.169996827840805e-05,1.4041297542840523,0.05238264479708028,0.22807133054204048
477,1.0,0.00259773546782078,1,datasets_sb01.npz,1.3649228734253616,1.362176776417338,0.90082738988408,constrained_1tok,0.05606638323704082,0.2312834578904975,1000,1000,0.5,results\constrained_1tok_beta1_profile_2.csv,0.903249738169732,0.9984777395955174,0.9997468999072471,0.09537318424781535,0.0952280014257855,7,2.1599989850074053e-05,0.25312770035816357,0.026686799887102097,0.27981450024526566,0.28084550000494346,0.28024110017577186,2.66867998871021e-05,0.0003640999784693122,1.0500021744519472e-05,5.9999991208314896e-05,0.280916600022465,4.0899962186813354e-05,1.8290183569666432,0.053466050033752224,0.22868312468720892
453,1.0,0.00144639090015337,1,datasets_sb01.npz,0.9749965605988801,0.9737052769288691,0.5425398387025548,constrained_1tok,0.04868253235977601,0.2235249294673756,1000,1000,0.5,results\constrained_1tok_beta1_profile_2.csv,0.8999770469636904,0.9985916606308867,0.999754034839465,0.09875369238002035,0.09861461366719625,8,2.0899984519928694e-05,0.2595118004246615,0.02843589847907424,0.2879476989037357,0.2889943000045605,0.28835379891097546,2.843589847907424e-05,0.00033730000723153353,1.2700038496404886e-05,5.759997293353081e-05,0.28906540002208203,4.7900015488266945e-05,1.4074532824952053,0.047234695068722486,0.22207709217632207
496,1.0,0.003175171966751034,1,datasets_sb01.npz,1.1925181972615735,1.1936025663429366,0.7247733556894297,constrained_1tok,0.056951592257744134,0.254146301776782,1000,1000,0.5,results\constrained_1tok_beta1_profile_2.csv,0.8994225799834559,0.9986339485375804,0.9997659880236365,0.09934708178047783,0.09921136855412448,9,2.0200037397444248e-05,0.26257410034304485,0.02896339987637475,0.2915375002194196,0.2926517999731004,0.2919363002292812,2.896339987637475e-05,0.0003428999916650355,8.400005754083395e-06,5.9500045608729124e-05,0.29272030002903193,3.5699980799108744e-05,1.6602630388337172,0.05377324511902635,0.2509679546380642
494,1.0,0.003459470311876034,1,datasets_sb01.npz,1.2654372131712794,1.2691891836137226,0.8222668598228755,constrained_1tok,0.05112452157615295,0.22034253498033557,1000,1000,0.5,results\constrained_1tok_beta1_profile_2.csv,0.9015130995480167,0.998534348543409,0.9997770619913776,0.09716365705087657,0.09702124899539225,10,2.5399960577487946e-05,0.2623990010470152,0.028239499602932483,0.2906385006499477,0.2919441999983974,0.29106510063866153,2.8239499602932482e-05,0.00036120001459494233,7.700000423938036e-06,5.689996760338545e-05,0.29200929997023195,4.0000013541430235e-05,1.7086075665196834,0.04766159179396504,0.21687960519814767
490,1.0,0.001562964483875434,1,datasets_sb01.npz,1.1200736500372712,1.1194339912379785,0.6826299095233838,constrained_1tok,0.04981180396573858,0.22842514749013096,1000,1000,0.5,results\constrained_1tok_beta1_profile_2.csv,0.9016578694019931,0.9987792590025144,0.9997801357715909,0.09724009457056301,0.09712138960052134,11,1.680001150816679e-05,0.2544529000297189,0.02740820002509281,0.2818611000548117,0.28283969999756664,0.28220560000045225,2.7408200025092812e-05,0.00028639996889978647,9.300012607127428e-06,5.23999915458262e-05,0.28290190000552684,4.12999652326107e-05,1.5575173905511588,0.04824727651737927,0.22686062004177165
476,1.0,0.001842002710320245,1,datasets_sb01.npz,1.1347138740670768,1.1328765069953572,0.7201322811321615,constrained_1tok,0.044741226884749,0.20949106409507506,1000,1000,0.5,results\constrained_1tok_beta1_profile_2.csv,0.9022630906696334,0.9984810333670535,0.9997544370746078,0.09636431687936647,0.09621794269742004,12,2.0899984519928694e-05,0.25547849980648607,0.02724439901066944,0.2827228988171555,0.2837681999662891,0.28315299877431244,2.724439901066944e-05,0.0003696000203490257,9.700015652924776e-06,5.940004484727979e-05,0.283837900031358,3.9599952287971973e-05,1.549295467001992,0.042897382171718436,0.2076472193820445
414,1.0,0.0020115347606136946,1,datasets_sb01.npz,1.1164134671356942,1.111686405034906,0.6581822653101095,constrained_1tok,0.05465843250898578,0.2360935375846899,1000,1000,0.5,results\constrained_1tok_beta1_profile_2.csv,0.9038813655030404,0.9984962636377477,0.9997683816725957,0.09475738826503347,0.09461489813470726,13,2.1900050342082977e-05,0.25732679944485426,0.026936000504065305,0.28426279994891956,0.2853171000024304,0.2846909000072628,2.6936000504065306e-05,0.0003630999708548188,8.600007276982069e-06,5.689996760338545e-05,0.28538319998187944,4.310003714635968e-05,1.574644668961279,0.05264488621361147,0.2340799912893156
472,1.0,0.0021632134480871717,1,datasets_sb01.npz,0.7089701815134982,0.7060676340469627,0.26027236332948067,constrained_1tok,0.05240778114407999,0.22586530340005795,1000,1000,0.5,results\constrained_1tok_beta1_profile_2.csv,0.9046741153231211,0.9986013387061597,0.9996924053159043,0.09405877975763144,0.0939272233830386,14,2.069998299703002e-05,0.28485699981683865,0.029575099586509168,0.3144320994033478,0.3155780000379309,0.31487249938072637,2.957509958650917e-05,0.0003809999907389283,8.400005754083395e-06,8.819997310638428e-05,0.3156751000205986,3.8700003642588854e-05,1.1576679996975159,0.05024240448254473,0.22369992673852268
406,1.0,0.0018921295209996824,1,datasets_sb01.npz,1.3088373600573415,1.3108041221524596,0.8845270921591062,constrained_1tok,0.046865681862732274,0.23038037415521617,1000,1000,0.5,results\constrained_1tok_beta1_profile_2.csv,0.9049653276598529,0.9986440761259578,0.9997870534506952,0.09380594218263733,0.09367874846610488,15,1.869996776804328e-05,0.26242799957981333,0.027165600506123155,0.2895936000859365,0.2906213999958709,0.2899868001113646,2.7165600506123155e-05,0.000333900039549917,9.299954399466515e-06,5.21000474691391e-05,0.29068330000154674,4.060001811012626e-05,1.7331476279555769,0.04497166021221159,0.22848635250469548
490,1.0,0.0021218513353077856,1,datasets_sb01.npz,0.8651694810757747,0.8673223189843005,0.4287966119739503,constrained_1tok,0.04956822180553884,0.23619375497282308,1000,1000,0.5,results\constrained_1tok_beta1_profile_2.csv,0.9037488844805815,0.9984508263433389,0.999759805141307,0.09484887924785206,0.09470194186275746,16,2.1700048819184303e-05,0.25411809975048527,0.02662850037449971,0.280746600124985,0.281786999956239,0.2811822001822293,2.6628500374499708e-05,0.0003732999903149903,8.700008038431406e-06,5.860003875568509e-05,0.28185470000607893,4.060001811012626e-05,1.3015423501775991,0.04744424861889575,0.23406978178618
428,1.0,0.0010449220630411966,1,datasets_sb01.npz,1.0635025165169991,1.0598526826214008,0.632185716637539,constrained_1tok,0.04842622393228298,0.21821033844424387,1000,1000,0.5,results\constrained_1tok_beta1_profile_2.csv,0.9031317225152625,0.9986315731074483,0.9997752833476987,0.09563071423329658,0.09549985059218581,17,1.9000028260052204e-05,0.2565995018812828,0.02713359909830615,0.2837331009795889,0.28473919996758923,0.2841219010297209,2.713359909830615e-05,0.0003291000030003488,9.000010322779417e-06,5.460000829771161e-05,0.2848031999892555,4.0700018871575594e-05,1.4948193163964594,0.04738025694717874,0.21716437145913964
381,1.0,0.0018638009331721794,1,datasets_sb01.npz,1.310094384198751,1.3003934709932385,0.8589063429260435,constrained_1tok,0.05299111010711742,0.24191732048381562,1000,1000,0.5,results\constrained_1tok_beta1_profile_2.csv,0.9026536636270104,0.9984250813608728,0.9997670460458721,0.09592248784788544,0.09577141773386236,18,2.099998528137803e-05,0.2593472007429227,0.02751669893041253,0.28686389967333525,0.2879726000246592,0.28731639962643385,2.751669893041253e-05,0.00036940001882612705,7.700000423938036e-06,5.879998207092285e-05,0.28803970001172274,6.209994899109006e-05,1.7612824254714583,0.05112544537301207,0.24005165574971027
474,1.0,0.0016516638673828076,1,datasets_sb01.npz,1.3509318591503598,1.350764679900514,0.951910357764599,constrained_1tok,0.04144579304668544,0.20691510186442752,1000,1000,0.5,results\constrained_1tok_beta1_profile_2.csv,0.9033332915474998,0.9984840507127887,0.9997802216187203,0.09529522188898619,0.09515075916528894,19,2.099998528137803e-05,0.2661228008219041,0.028031499299686402,0.2941543001215905,0.295232699951157,0.2946009001461789,2.80314992996864e-05,0.0003845000173896551,1.0300020221620798e-05,5.4100004490464926e-05,0.2952975999796763,4.110002191737294e-05,1.7499533605361206,0.03979247751543525,0.20526178633317732
398,1.0,0.0013289361517625315,1,datasets_sb01.npz,1.1169902974986112,1.1196825298073692,0.7027336152041213,constrained_1tok,0.044671126308214806,0.23883969778279665,1000,1000,0.5,results\constrained_1tok_beta1_profile_2.csv,0.9015705136397174,0.998493285981663,0.9996951344406857,0.09706902760658673,0.09692277234194553,20,2.1299987565726042e-05,0.2625642010825686,0.0282267996808514,0.29079100076342,0.29184270004043356,0.29122980078682303,2.82267996808514e-05,0.00036020000698044896,9.899958968162537e-06,7.829995593056083e-05,0.2919316999614239,5.730002885684371e-05,1.5312469797931012,0.043340861220300515,0.23750943269488237
489,1.0,0.002026580499522238,0,datasets_sb01.npz,1.4964550864333626,1.5033617570364641,1.01962314572118,constrained_1tok,0.059185938068342984,0.2289447642336013,1000,1000,0.5,results\constrained_1tok_beta1_profile_2.csv,0.9035656741836113,0.9986134840002286,0.9997588686483152,0.09517977810181018,0.09504780981661734,21,2.039998071268201e-05,0.25793520029401407,0.02713269944069907,0.28506789973471314,0.2860821000067517,0.28546369972173125,2.713269944069907e-05,0.00033760000951588154,7.800001185387373e-06,6.019999273121357e-05,0.2861511000082828,3.779999678954482e-05,1.9732870271455452,0.05715733098832122,0.22691615715357955
446,1.0,0.0014968178291624083,1,datasets_sb01.npz,1.2572904035522252,1.2534665186066074,0.8228275677906526,constrained_1tok,0.049135244600683886,0.24682018446317022,1000,1000,0.5,results\constrained_1tok_beta1_profile_2.csv,0.9053098324073682,0.9987815774175643,0.9997806432448838,0.09358577202823005,0.09347174501019619,22,1.8599967006593943e-05,0.27461940102512017,0.02835399960167706,0.30297340062679723,0.3040041000349447,0.3033430005889386,2.835399960167706e-05,0.00030720001086592674,8.90000956133008e-06,5.719996988773346e-05,0.3040708000189625,4.379998426884413e-05,1.691753239313798,0.047636929953692314,0.24532186981617865
445,1.0,0.0024495753437978837,1,datasets_sb01.npz,0.8068072097917492,0.8092891647466028,0.33858124076134216,constrained_1tok,0.05706881457581834,0.24254463575471705,1000,1000,0.5,results\constrained_1tok_beta1_profile_2.csv,0.9055622375613777,0.9985649108738857,0.999776926776066,0.09313633225016646,0.09300267331250807,23,1.880002673715353e-05,0.26243900059489533,0.026952900225296617,0.28939190082019195,0.29042289999779314,0.28980780084384605,2.6952900225296616e-05,0.00035579997347667813,9.200011845678091e-06,5.5100012104958296e-05,0.290487700025551,4.1300023440271616e-05,1.2750331788221563,0.054616789656676656,0.24009261083557537
414,1.0,0.001682757125228622,1,datasets_sb01.npz,0.7951766588081184,0.7968951775740227,0.3907854285451264,constrained_1tok,0.04256879089796341,0.20571920515906567,1000,1000,0.5,results\constrained_1tok_beta1_profile_2.csv,0.9026401101895051,0.9984666575018393,0.9997522863120487,0.0959737078773285,0.09582654731233413,24,2.1299987565726042e-05,0.2573686011019163,0.027322898851707578,0.28469149995362386,0.28574309998657554,0.28512869990663603,2.7322898851707577e-05,0.00037269998574629426,9.200011845678091e-06,6.120000034570694e-05,0.2858139000018127,4.3199979700148106e-05,1.1995678890711103,0.040884351015609555,0.20403476527671183
472,1.0,0.002339931236896698,1,datasets_sb01.npz,1.3000568873028107,1.3039684509388583,0.8341453897461186,constrained_1tok,0.05650601925122852,0.24819543370813804,1000,1000,0.5,results\constrained_1tok_beta1_profile_2.csv,0.9041566433481996,0.9984038884638108,0.9997600468225682,0.09439791471628214,0.09424724511561128,25,2.1199986804276705e-05,0.25712280021980405,0.026801899599377066,0.2839246998191811,0.28498719999333844,0.28437859978294,2.6801899599377067e-05,0.00038679997669532895,8.90000956133008e-06,5.8999983593821526e-05,0.28505559999030083,4.5900000259280205e-05,1.7659683848595027,0.054163748083094924,0.24585316254000444
443,1.0,0.0016461389607826899,1,datasets_sb01.npz,0.9622310855628994,0.9651178130941086,0.5202947684156338,constrained_1tok,0.05084019898315506,0.24567937103298468,1000,1000,0.5,results\constrained_1tok_beta1_profile_2.csv,0.9069132117656158,0.9986281825223904,0.9997662712409106,0.09184095979057573,0.09171497075677457,26,1.910002902150154e-05,0.2654330005752854,0.026842899154871702,0.2922758997301571,0.2934339999919757,0.29267739970237017,2.68428991548717e-05,0.00033919996349141,8.90000956133008e-06,5.909998435527086e-05,0.293502599990461,4.3199979700148106e-05,1.404167402710165,0.04919241388341159,0.2440315859332412
487,1.0,0.0022262561553908233,1,datasets_sb01.npz,0.9934159711542172,0.9831052165418214,0.5301497848440232,constrained_1tok,0.05586619100853586,0.2564473949450997,1000,1000,0.5,results\constrained_1tok_beta1_profile_2.csv,0.9026996059908676,0.9983754078423988,0.9997653067034177,0.09583148893690932,0.09567580185153117,27,2.1099986042827368e-05,0.25976490130415186,0.027532099338714033,0.2872970006428659,0.28839360002893955,0.28776450059376657,2.7532099338714033e-05,0.00040329998591914773,8.599949069321156e-06,5.849997978657484e-05,0.28846129996236414,4.309997893869877e-05,1.456682157464411,0.05363770859698965,0.2542189125335535
426,1.0,0.004032465000871938,1,datasets_sb01.npz,0.9654469444297246,0.9638295348976119,0.5679545670120805,constrained_1tok,0.041128745862435145,0.18953811769426232,1000,1000,0.5,results\constrained_1tok_beta1_profile_2.csv,0.9009848748093484,0.9985093282903739,0.9997690697686393,0.09767004745764842,0.09752445348102547,28,2.2099993657320738e-05,0.2572392000583932,0.02784409938612953,0.2850832994445227,0.2861676999600604,0.28550889948382974,2.7844099386129527e-05,0.0003644000389613211,8.100003469735384e-06,5.770003190264106e-05,0.28623379999771714,3.91000066883862e-05,1.3629393218473687,0.03709224839656234,0.1855016202283895
380,1.0,0.001539139793219057,1,datasets_sb01.npz,0.7568762853343765,0.7576209424745382,0.2964466581998981,constrained_1tok,0.05518415283819105,0.25587198028674635,1000,1000,0.5,results\constrained_1tok_beta1_profile_2.csv,0.8998744883606903,0.9986097530391563,0.999777377540556,0.09887272217998712,0.09873526467846605,29,1.9199971575289965e-05,0.25968739931704476,0.028493200370576233,0.288180599687621,0.2892146999947727,0.2885817996575497,2.8493200370576234e-05,0.00034229998709633946,7.800001185387373e-06,5.6100019719451666e-05,0.28927910001948476,3.9700011257082224e-05,1.2173059124688548,0.053643473905178776,0.25433130135373405
390,1.0,0.002056169146026058,1,datasets_sb01.npz,0.9956905407846939,0.9993484970995117,0.5543750927518747,constrained_1tok,0.050697450195857946,0.2235083620700472,1000,1000,0.5,results\constrained_1tok_beta1_profile_2.csv,0.9015566748848776,0.9984789768303372,0.9997411489650168,0.097069947584814,0.09692230194545953,30,2.169999061152339e-05,0.2814283987390809,0.0302551009808667,0.3116834997199476,0.31284020002931356,0.31215829972643405,3.0255100980866702e-05,0.0003711999743245542,7.499998901039362e-06,7.269997149705887e-05,0.31292120000580326,8.190004155039787e-05,1.437005988817513,0.04863922488068586,0.22145013675487513
501,1.0,0.0032132539584748434,0,datasets_sb01.npz,0.4712015350021724,0.4721715518210961,-0.04292414722527077,constrained_1tok,0.06880602278369267,0.26967519908779897,1000,1000,0.5,results\constrained_1tok_beta1_profile_2.csv,0.9059963443468984,0.9984913590026439,0.9997723584667301,0.09263476726341967,0.09249501465574553,31,2.0900042727589607e-05,0.2505445005954243,0.025578599073924124,0.27612309966934845,0.2771269000368193,0.2765402997029014,2.5578599073924123e-05,0.0003569999826140702,8.400005754083395e-06,5.4299947805702686e-05,0.27718999999342486,3.9300008211284876e-05,0.9853272172296155,0.06558955557125935,0.2664587318753657
470,1.0,0.0014649984671670192,1,datasets_sb01.npz,1.104168555114447,1.105914937722548,0.6764093205359156,constrained_1tok,0.04763066502686664,0.2272256509078604,1000,1000,0.5,results\constrained_1tok_beta1_profile_2.csv,0.9028699518714809,0.9984976175123623,0.9997665297883856,0.09577155114213133,0.0956276656408815,32,1.9900035113096237e-05,0.2592535993317142,0.02745890087680891,0.2867125002085231,0.28776390000712126,0.2871439001755789,2.7458900876808912e-05,0.00037019996671006083,9.200011845678091e-06,5.759997293353081e-05,0.28783109999494627,4.12999652326107e-05,1.5319277896929782,0.04616420156123246,0.2257591874422262
471,1.0,0.0025554735082248805,1,datasets_sb01.npz,0.7734010674099195,0.772247648573375,0.36915592592818186,constrained_1tok,0.04253803998635727,0.21732396667741208,1000,1000,0.5,results\constrained_1tok_beta1_profile_2.csv,0.9007727335071098,0.998559963560269,0.9997621667093005,0.09792825030207329,0.09778723005315922,33,2.0799983758479357e-05,0.2610924002947286,0.02834400028223172,0.2894364005769603,0.29047079995507374,0.28985380061203614,2.834400028223172e-05,0.00035500002559274435,9.300012607127428e-06,5.930004408583045e-05,0.29053990001557395,4.160002572461963e-05,1.1776462088916573,0.03998001100462417,0.21476593769567898
475,1.0,0.002286160559992642,1,datasets_sb01.npz,0.8161639007910112,0.8201911484257153,0.35239142567679865,constrained_1tok,0.055988366481039914,0.2503589342556008,1000,1000,0.5,results\constrained_1tok_beta1_profile_2.csv,0.9024089147710534,0.9985022464874417,0.9997586630319462,0.09623747172770813,0.09609333171638822,34,2.099998528137803e-05,0.26185009971959516,0.027883200265932828,0.289733299985528,0.2908092000288889,0.29016789997695014,2.788320026593283e-05,0.00037299998803064227,9.399955160915852e-06,6.019999273121357e-05,0.2908793999813497,4.060001811012626e-05,1.2799363759052238,0.053699919760487276,0.24807048753504818
471,1.0,0.0011584113059478903,1,datasets_sb01.npz,0.6834541493441857,0.6856519745422702,0.2545790202692317,constrained_1tok,0.04787949717280782,0.21906817323281588,1000,1000,0.5,results\constrained_1tok_beta1_profile_2.csv,0.9044106073556424,0.9985233060572432,0.9997649180681168,0.09425187988171549,0.0941126987016007,35,2.0300038158893585e-05,0.2632950006518513,0.027398399426601827,0.2906934000784531,0.291744300047867,0.2911233000922948,2.7398399426601827e-05,0.0003643999807536602,8.699949830770493e-06,5.949998740106821e-05,0.29181289998814464,4.5199994929134846e-05,1.1123292784191396,0.04671992745555398,0.21790860351556204
465,1.0,0.0024600178679679624,1,datasets_sb01.npz,0.7050749825184544,0.713494151477433,0.29634825119512537,constrained_1tok,0.04348644858867471,0.20849350321057467,1000,1000,0.5,results\constrained_1tok_beta1_profile_2.csv,0.9019222977971775,0.9985854241587386,0.9997667731061238,0.09680005738416955,0.09666312636156119,36,2.0899984519928694e-05,0.2661946999724023,0.028529300121590495,0.2947240000939928,0.29578000004403293,0.2951415001298301,2.8529300121590493e-05,0.0003557000309228897,8.90000956133008e-06,5.949998740106821e-05,0.29584899998735636,4.090002039447427e-05,1.1138017138417833,0.04102397070283878,0.20603102532473874
473,1.0,0.00224690517758883,1,datasets_sb01.npz,0.7367321982931163,0.7317080571225688,0.26313470649720644,constrained_1tok,0.05838572059438174,0.249367051136348,1000,1000,0.5,results\constrained_1tok_beta1_profile_2.csv,0.903089108904406,0.9986002840903582,0.9997711519072875,0.09564505108563523,0.09551117518595216,37,2.069998299703002e-05,0.26259420037968084,0.027772099594585598,0.29036629997426644,0.2913931999937631,0.2907732999883592,2.7772099594585598e-05,0.0003459000145085156,8.400005754083395e-06,5.790003342553973e-05,0.29145990003598854,4.040001658722758e-05,1.2103296900890261,0.056136568511615324,0.24711789905358159
481,1.0,0.0019272977395346025,1,datasets_sb01.npz,0.9508432442570349,0.947932177672241,0.4916770755356211,constrained_1tok,0.054881708272152704,0.2238701504869565,1000,1000,0.5,results\constrained_1tok_beta1_profile_2.csv,0.9042683434004917,0.9987471201043272,0.9997827435664277,0.09459729575387052,0.09447877670383548,38,1.9000028260052204e-05,0.2856694025103934,0.029846998280845582,0.315516400791239,0.31660740001825616,0.31591220083646476,2.9846998280845583e-05,0.0003339999821037054,1.1499971151351929e-05,5.6699966080486774e-05,0.3166761999600567,4.280003486201167e-05,1.4100094129784488,0.05295248323487857,0.22194092544968236
470,1.0,0.0016602239107096715,1,datasets_sb01.npz,1.1391522396640894,1.1390021150313638,0.6970402590673757,constrained_1tok,0.05088062353892882,0.22602654291657312,1000,1000,0.5,results\constrained_1tok_beta1_profile_2.csv,0.9035240543104831,0.9985382964574535,0.9997624857933903,0.09515332810374472,0.09501424214697038,39,2.0900042727589607e-05,0.2823621998541057,0.029693100368604064,0.3120553002227098,0.3131701999809593,0.31251210026675835,2.9693100368604065e-05,0.0003972999984398484,8.500006515532732e-06,6.54000323265791e-05,0.31324460002360865,3.860000288113952e-05,1.5812642202608032,0.04921873940430844,0.22436465878195275
450,1.0,0.0029659958855016624,1,datasets_sb01.npz,1.332841190860548,1.3264087792965598,0.899231273601625,constrained_1tok,0.04894251362590849,0.2157725964684395,1000,1000,0.5,results\constrained_1tok_beta1_profile_2.csv,0.905257294322303,0.9986015553737261,0.9997690779233543,0.09347498063578429,0.09334426105142311,40,2.069998299703002e-05,0.2706492996076122,0.027907600451726466,0.29855690005933866,0.29959900001995265,0.298975000041537,2.7907600451726466e-05,0.0003510999958962202,7.90000194683671e-06,6.0699996538460255e-05,0.29966820002300665,4.630000330507755e-05,1.766451108119471,0.04597355174452133,0.21280363458705234
446,1.0,0.0030826448400314084,1,datasets_sb01.npz,1.0975588906534635,1.100146039961707,0.6297378662005356,constrained_1tok,0.05697014549151055,0.20869546779619164,1000,1000,0.5,results\constrained_1tok_beta1_profile_2.csv,0.9017085511305474,0.9985426795467893,0.9997914723775887,0.09697545272696027,0.09683412841624191,41,1.9099970813840628e-05,0.26401809975504875,0.02835280040744692,0.2923709001624957,0.2934250999824144,0.2927976000937633,2.835280040744692e-05,0.00035769998794421554,9.600014891475439e-06,5.119998240843415e-05,0.2934862999827601,4.989997250959277e-05,1.5653799151063912,0.05388441800663911,0.2056097403113202
471,1.0,0.0022458380082860194,1,datasets_sb01.npz,0.8729632796502235,0.8752250332315612,0.4259997519943435,constrained_1tok,0.05200343478097372,0.229188980177643,1000,1000,0.5,results\constrained_1tok_beta1_profile_2.csv,0.9020816833307702,0.9985584893360905,0.999748316832941,0.09661607911366785,0.09647680600532037,42,2.1199986804276705e-05,0.263519799686037,0.02818320010555908,0.2917029997915961,0.2927546999999322,0.2921240997966379,2.818320010555908e-05,0.0003591999993659556,9.600014891475439e-06,6.339995888993144e-05,0.29282839997904375,4.0700018871575594e-05,1.3199268073061035,0.049755350934679414,0.2269408963313487
447,1.0,0.002012412990168136,1,datasets_sb01.npz,0.7707253377407599,0.773155788711377,0.3276529933585082,constrained_1tok,0.05110191127561033,0.25215357429214447,1000,1000,0.5,results\constrained_1tok_beta1_profile_2.csv,0.8926109636536333,0.9986220749401973,0.9997717675413895,0.1061573882120646,0.10601111128656399,43,1.98000343516469e-05,0.3075076010427438,0.036521198868285865,0.34402879991102964,0.3451832999708131,0.34450349991675466,3.6521198868285864e-05,0.0003537999582476914,9.700015652924776e-06,6.839999696239829e-05,0.34526209998875856,0.00010110001312568784,1.2137976821230116,0.04908748587245203,0.25013914888898614
447,1.0,0.00198715807647736,1,datasets_sb01.npz,1.3132793105903255,1.3135209762555027,0.9234860049647776,constrained_1tok,0.03955092178011553,0.2014648721184864,1000,1000,0.5,results\constrained_1tok_beta1_profile_2.csv,0.8898096612140258,0.998731472788547,0.9997631970674616,0.10906015735180723,0.10892181157452112,44,2.239999594166875e-05,0.3096905996208079,0.03790929971728474,0.34759989933809265,0.3487306000315584,0.34804139932384714,3.790929971728474e-05,0.0003792999777942896,8.300004992634058e-06,7.369997911155224e-05,0.3488132000202313,3.980001201853156e-05,1.7030726162158736,0.03756177654556169,0.19947572688393256
455,1.0,0.0021056455835865885,1,datasets_sb01.npz,1.4059621265257987,1.4056066806396075,0.9116360694250275,constrained_1tok,0.06360845760328898,0.2608184642755629,1000,1000,0.5,results\constrained_1tok_beta1_profile_2.csv,0.8983511278221987,0.9987661980042002,0.999820056670972,0.10053911554341492,0.1004150701820015,45,2.0000035874545574e-05,0.3033331986516714,0.033905700664035976,0.3372388993157074,0.3383792999666184,0.33765549934469163,3.3905700664035975e-05,0.00034309999318793416,7.499998901039362e-06,5.2900053560733795e-05,0.33844020002288744,5.3499999921768904e-05,1.9002881836265697,0.0615007063741188,0.2587107130463927
470,1.0,0.0025713404555119867,1,datasets_sb01.npz,0.9925539149302521,0.9983139045877958,0.5967584594037408,constrained_1tok,0.04077833262584303,0.20241988845433523,1000,1000,0.5,results\constrained_1tok_beta1_profile_2.csv,0.8961160434333895,0.9989203111111434,0.9998268683865863,0.10291538427464766,0.10280426767775391,46,1.7200014553964138e-05,0.3215327991056256,0.0368869011872448,0.3584197002928704,0.359779599995818,0.3588071003323421,3.68869011872448e-05,0.00029420002829283476,1.4699995517730713e-05,4.6900007873773575e-05,0.35984190000453964,7.599999662488699e-05,1.3883493704567633,0.03820442082987553,0.19984597665836773
408,1.0,0.0022250348591504976,1,datasets_sb01.npz,1.2002135807207375,1.2020929774545985,0.7864774219411395,constrained_1tok,0.04455893614163284,0.22443168322649154,1000,1000,0.5,results\constrained_1tok_beta1_profile_2.csv,0.9000950229719158,0.9983918883109805,0.9997790748662675,0.09845519228462227,0.0982968653390647,47,3.290001768618822e-05,0.3759651003056206,0.04105809930479154,0.4170231996104121,0.4186013999860734,0.4176948996610008,4.105809930479154e-05,0.0005973000079393387,9.800016414374113e-06,8.209998486563563e-05,0.4186938999919221,4.150002496317029e-05,1.6139497395003355,0.04233167624762319,0.2222044233324819
500,1.0,0.0026507603783467483,1,datasets_sb01.npz,1.2101309167349728,1.2066453444793297,0.742729282413549,constrained_1tok,0.05686804658640616,0.24033146050006202,1000,1000,0.5,results\constrained_1tok_beta1_profile_2.csv,0.8901186206587015,0.9988095689638453,0.9997737251409244,0.108820491595709,0.10869094830514386,48,2.5100016500800848e-05,0.3991372002637945,0.048737999401055276,0.4478751996648498,0.44935150002129376,0.4484089996549301,4.873799940105528e-05,0.0004515000036917627,8.600007276982069e-06,9.269994916394353e-05,0.4494531999807805,5.719996988773346e-05,1.6775325510563965,0.05421463544768106,0.23767804936133693
476,1.0,0.001622359634314939,1,datasets_sb01.npz,1.3028669020959223,1.3048890817252716,0.9309187202044669,constrained_1tok,0.03601245575082237,0.18569411276390893,1000,1000,0.5,results\constrained_1tok_beta1_profile_2.csv,0.8991598001222583,0.9986314731893804,0.9998135697510264,0.09960798927099142,0.09947167306712217,49,3.6699988413602114e-05,0.31517610017908737,0.034867099253460765,0.35004319943254814,0.3512722000014037,0.35052289941813797,3.4867099253460766e-05,0.0004073000163771212,7.700000423938036e-06,5.7299970649182796e-05,0.35133769997628406,3.5699980799108744e-05,1.6748150839873777,0.034388473756873116,0.18407013076995968
444,1.0,0.002614966249704569,1,datasets_sb01.npz,0.6277224605236698,0.6305089836011424,0.19489554675562804,constrained_1tok,0.04876591453612241,0.22498962421186314,1000,1000,0.5,results\constrained_1tok_beta1_profile_2.csv,0.8923559706411923,0.99873805370521,0.9997399173861189,0.10651650116800065,0.1063820830640177,50,2.1199986804276705e-05,0.3047715998836793,0.03633330052252859,0.3411049004062079,0.34249449998605996,0.34153590037021786,3.633330052252859e-05,0.00037099997280165553,8.90000956133008e-06,7.940002251416445e-05,0.34258360002422705,3.880000440403819e-05,1.0605493742917114,0.046148333320168135,0.22237204299590888
443,1.0,0.0023947300618607694,1,datasets_sb01.npz,1.001839389513807,0.9967628258456216,0.5712598840144518,constrained_1tok,0.04826080553833539,0.20718204907447899,1000,1000,0.5,results\constrained_1tok_beta1_profile_2.csv,0.9011637009462176,0.9987099779785722,0.9998028526202213,0.09767227641981915,0.0975462770323546,51,2.069998299703002e-05,0.2990554998978041,0.03237120027188212,0.33142670016968623,0.3331876999582164,0.33185480016982183,3.237120027188212e-05,0.0003609000123105943,1.0200019460171461e-05,5.490001058205962e-05,0.3332533999928273,4.650000482797623e-05,1.432418895013162,0.045863680746412755,0.20478492428255635
515,1.0,0.0030020181800038356,1,datasets_sb01.npz,1.3066388971482596,1.3090499501049409,0.8991237085004365,constrained_1tok,0.04322902670206967,0.19382046245122306,1000,1000,0.5,results\constrained_1tok_beta1_profile_2.csv,0.9017455611415908,0.9992169867473535,0.9998730183206558,0.09754780683127828,0.0974714256057628,52,1.98000343516469e-05,0.509598599979654,0.055083500454202294,0.5646821004338562,0.5661516999825835,0.5651246004854329,5.50835004542023e-05,0.000375300005543977,8.500006515532732e-06,6.290001329034567e-05,0.5662236000061966,4.740001168102026e-05,1.7141540857960829,0.04022400650388583,0.19081544225303923
525,1.0,0.0026922577589361257,0,datasets_sb01.npz,0.5264233166583238,0.5269722732162336,0.10904952248249877,constrained_1tok,0.04534591942542793,0.194029942167916,1000,1000,0.5,results\constrained_1tok_beta1_profile_2.csv,0.9053085263272075,0.9988598654677611,0.9998447853438179,0.09365812199967007,0.09355133914055361,53,2.2599997464567423e-05,0.37835840025218204,0.03909820131957531,0.41745660157175735,0.41870969999581575,0.4179331015329808,3.909820131957531e-05,0.0004181999829597771,7.499998901039362e-06,5.709996912628412e-05,0.4187746999668889,3.5699980799108744e-05,0.9437971108341487,0.042650969408732864,0.19133499215122093
434,1.0,0.0022144905703220972,1,datasets_sb01.npz,1.1056019121815437,1.112704093171525,0.6764176886970121,constrained_1tok,0.04794853646606109,0.23087391611815566,1000,1000,0.5,results\constrained_1tok_beta1_profile_2.csv,0.9019379234555612,0.9990016923380317,0.9998212023595674,0.09716076521883112,0.09706376888247045,54,1.6900012269616127e-05,0.29597579973051324,0.031851999869104475,0.3278277995996177,0.3288045000517741,0.328155399649404,3.1851999869104474e-05,0.0002747999969869852,7.399998139590025e-06,5.099998088553548e-05,0.328863300033845,3.590004052966833e-05,1.5347861356660752,0.04573183140516868,0.22865721105726325
439,1.0,0.0028796604624770775,1,datasets_sb01.npz,0.982559381213236,0.979796403010649,0.5034908193759049,constrained_1tok,0.059742473693484184,0.24248076849400563,1000,1000,0.5,results\constrained_1tok_beta1_profile_2.csv,0.9030392114520029,0.998788610638731,0.9998265503995186,0.0958655296694821,0.09574939918672808,55,1.8599967006593943e-05,0.3002701998921111,0.03183769970200956,0.3321078995941207,0.3331804000190459,0.3325106995180249,3.1837699702009555e-05,0.0003266999847255647,7.300055585801601e-06,5.000003147870302e-05,0.33323820005171,5.749997217208147e-05,1.4616279430505672,0.05685993357054463,0.23959822837106606
462,1.0,0.002094673326149484,1,datasets_sb01.npz,1.1318353279671152,1.1322980843939983,0.6953329131148154,constrained_1tok,0.04959765675028355,0.23599314882115205,1000,1000,0.5,results\constrained_1tok_beta1_profile_2.csv,0.8940455711695189,0.9988991563040401,0.9998123439878992,0.1049691397502857,0.10485358513452127,56,1.7199956346303225e-05,0.28709350037388504,0.03367030021036044,0.3207638005842455,0.3218053999589756,0.3211173005402088,3.367030021036044e-05,0.0002956000389531255,9.000010322779417e-06,5.0900038331747055e-05,0.3218658000114374,4.069996066391468e-05,1.568337742819415,0.047500888750807914,0.2338963808216764
453,1.0,0.0012968598989330422,1,datasets_sb01.npz,0.7063339896609662,0.7025366240504278,0.30589746827014624,constrained_1tok,0.0417402664680291,0.20751463207154863,1000,1000,0.5,results\constrained_1tok_beta1_profile_2.csv,0.9002517716925367,0.9971120841722008,0.9997446053543128,0.09714084706944183,0.09686031247966417,57,2.440001117065549e-05,0.2799340991768986,0.030118801398202777,0.3100529005751014,0.3115949999773875,0.3109509006026201,3.011880139820278e-05,0.0008339000050909817,8.200004231184721e-06,7.090001599863172e-05,0.31167460000142455,3.9700011257082224e-05,1.106770511051786,0.04044210970919712,0.20621647531271667
432,1.0,0.003111808913280167,1,datasets_sb01.npz,1.1422793493681203,1.1414190866202414,0.682482184787232,constrained_1tok,0.055032651123652764,0.2341060779767407,1000,1000,0.5,results\constrained_1tok_beta1_profile_2.csv,0.8987977922263328,0.9988042288749434,0.9998033242052505,0.10012616462513194,0.10000643664861053,58,1.810002140700817e-05,0.2932175004389137,0.032625399879179895,0.3258429003180936,0.3268697999883443,0.32623300031991675,3.262539987917989e-05,0.00032869999995455146,7.800001185387373e-06,5.600001895800233e-05,0.32693410001229495,4.329998046159744e-05,1.6020765139490085,0.05191773040145932,0.23099115725454727
452,1.0,0.0032276707349303928,1,datasets_sb01.npz,1.1738920510174935,1.1818400778545766,0.7025939749908232,constrained_1tok,0.057820146935245995,0.24265492285471527,1000,1000,0.5,results\constrained_1tok_beta1_profile_2.csv,0.9026152802652633,0.9988936111324387,0.9998352025633552,0.09638497012512204,0.09627833086717537,59,2.069998299703002e-05,0.32902060070773587,0.03509530023438856,0.3641159009421244,0.36523669998859987,0.3645192009280436,3.509530023438856e-05,0.00033979996806010604,9.100011084228754e-06,5.069997860118747e-05,0.3652968999813311,4.280003486201167e-05,1.6451901270441638,0.05458924852958067,0.23942402444904995
433,1.0,0.0023694573218565047,1,datasets_sb01.npz,0.8555305080404365,0.8501343790463807,0.4912106976752346,constrained_1tok,0.034550428005137614,0.170843889203854,1000,1000,0.5,results\constrained_1tok_beta1_profile_2.csv,0.8971958556347361,0.9986079835592584,0.9997105352520783,0.10155349205507769,0.1014121279245223,60,2.3500004317611456e-05,0.29313209891552106,0.03313340083695948,0.32626549975248054,0.32740629999898374,0.3267202997813001,3.313340083695948e-05,0.00038899999344721437,9.000010322779417e-06,8.50000069476664e-05,0.3275011000223458,4.2300031054764986e-05,1.2198503184056384,0.03217860122595925,0.16847206242467563
517,1.0,0.002924781198347172,1,datasets_sb01.npz,0.770490838260781,0.7619031128629862,0.34094425830716146,constrained_1tok,0.04802953570123159,0.20310575937742567,1000,1000,0.5,results\constrained_1tok_beta1_profile_2.csv,0.9049785957832055,0.9986004719422888,0.999786103406004,0.09375308623376444,0.09362187615908327,61,2.099998528137803e-05,0.295898498443421,0.030611301423050463,0.32650979986647144,0.3276583999977447,0.3269673999166116,3.061130142305046e-05,0.0003950000391341746,8.90000956133008e-06,6.079999729990959e-05,0.32772850000765175,4.160002572461963e-05,1.2000374182144005,0.045101829721686075,0.20017805339788014
445,1.0,0.0036914727078613987,1,datasets_sb01.npz,1.2272274989547465,1.2179160526166848,0.8247011634179677,constrained_1tok,0.04217707486481346,0.20770395136542136,1000,1000,0.5,results\constrained_1tok_beta1_profile_2.csv,0.8995141152588784,0.9988040992148635,0.9998046332973275,0.09940886709819742,0.09928998395598515,62,1.950003206729889e-05,0.3036488000652753,0.03351730003487319,0.33716610010014847,0.33827190002193674,0.3375698000891134,3.3517300034873185e-05,0.0003404999733902514,8.999952115118504e-06,5.640002200379968e-05,0.3383380000013858,4.369998350739479e-05,1.6297538344915252,0.0384819106842442,0.2040087871848521
399,1.0,0.0019005860114286559,1,datasets_sb01.npz,0.8133806081977973,0.8136465642022358,0.3331685021261551,constrained_1tok,0.06002802655606053,0.25912133484209593,1000,1000,0.5,results\constrained_1tok_beta1_profile_2.csv,0.9013302949482892,0.9986500366617502,0.9997963311710077,0.09745129739220529,0.09731974171346093,63,2.1499989088624716e-05,0.3019872001023032,0.0326065999106504,0.3345938000129536,0.33577090001199394,0.3350460999645293,3.2606599910650405e-05,0.0003874999820254743,8.100003469735384e-06,5.979998968541622e-05,0.33583930000895634,4.329998046159744e-05,1.2935927142694394,0.058125539958620444,0.25721884824465585
458,1.0,0.0017408608716253115,1,datasets_sb01.npz,0.7133836139850608,0.7176811516053931,0.305579580573114,constrained_1tok,0.04329032946351837,0.20474961811838352,1000,1000,0.5,results\constrained_1tok_beta1_profile_2.csv,0.9023061147385015,0.9984918017153368,0.9997865829895161,0.09633097318535337,0.09618568697683529,64,2.2799998987466097e-05,0.2965013991924934,0.031607001554220915,0.3281084007467143,0.3293317999923602,0.3286040007369593,3.1607001554220915e-05,0.00043299997923895717,8.300004992634058e-06,6.150000263005495e-05,0.3294021000037901,3.980001201853156e-05,1.1211876473970075,0.04154772773102144,0.20300701638588659
464,1.0,0.0021660622244035013,1,datasets_sb01.npz,0.8982984298588751,0.8967663683080976,0.44533742731130366,constrained_1tok,0.053408389688905926,0.23270460482215855,1000,1000,0.5,results\constrained_1tok_beta1_profile_2.csv,0.8902377026571725,0.9989217651842403,0.999732837616772,0.1088013759586289,0.10868406252706775,65,2.0499981474131346e-05,0.31779020035173744,0.0387971997843124,0.35658740013604984,0.35773909999988973,0.35697230009827763,3.87971997843124e-05,0.0003282999969087541,7.599999662488699e-06,8.739996701478958e-05,0.3578346999711357,3.609998384490609e-05,1.3512594324064464,0.05124016140227802,0.23053637653553063
409,1.0,0.0034855624169909992,1,datasets_sb01.npz,1.1641896583898568,1.1670122330618597,0.7255098854787184,constrained_1tok,0.05009369615820697,0.22226491883172658,1000,1000,0.5,results\constrained_1tok_beta1_profile_2.csv,0.8996625688608835,0.9988135966129278,0.9997765578116283,0.09926880059329873,0.09915102775204425,66,1.9000028260052204e-05,0.29483129910659045,0.03249310055980459,0.32732439966639504,0.3284230999997817,0.327713199716527,3.2493100559804585e-05,0.00033080001594498754,8.499948307871819e-06,6.430002395063639e-05,0.3284964999766089,3.9000005926936865e-05,1.602869431300995,0.04660464817879898,0.2187758708523186
474,1.0,0.0029025128567725564,1,datasets_sb01.npz,1.2014270802906746,1.1954731058891335,0.6823026014023691,constrained_1tok,0.07015051660273186,0.25732264395247906,1000,1000,0.5,results\constrained_1tok_beta1_profile_2.csv,0.8906318691783804,0.9987873565761929,0.999790881406131,0.10828680067453553,0.10815548739781244,67,2.080004196614027e-05,0.294002300419379,0.03570269962074235,0.3297050000401214,0.3308437999803573,0.3301053000614047,3.570269962074235e-05,0.00034069997491315007,1.3500044587999582e-05,5.490001058205962e-05,0.33091300004161894,3.880000440403819e-05,1.72055155917898,0.06724510123310252,0.2544172285828497
478,1.0,0.0022706357812698023,1,datasets_sb01.npz,1.0904050178304578,1.0963659714898693,0.6822092137684755,constrained_1tok,0.04337354603649737,0.21061512980264244,1000,1000,0.5,results\constrained_1tok_beta1_profile_2.csv,0.9032145006414665,0.9986465034711974,0.9997777154739776,0.09556134477817593,0.09543200282973097,68,2.0299979951232672e-05,0.2792732007219456,0.029507498897146434,0.30878069961909205,0.30989420000696555,0.30919919966254383,2.9507498897146435e-05,0.0003575000446289778,8.599949069321156e-06,5.9800047893077135e-05,0.3099631000077352,4.0700018871575594e-05,1.49860082189244,0.041100639619446294,0.20834222338559136
473,1.0,0.001971772770199187,1,datasets_sb01.npz,1.1027223136088817,1.0937918752372753,0.7066301483076758,constrained_1tok,0.040839494849281,0.18973328631175657,1000,1000,0.5,results\constrained_1tok_beta1_profile_2.csv,0.9015294558588378,0.9985382919278336,0.9997680312847563,0.09715084223931468,0.09700883606899571,69,2.099998528137803e-05,0.27797569934045896,0.029911500809248537,0.3078872001497075,0.3090217999997549,0.30833790014730766,2.9911500809248535e-05,0.00038320000749081373,9.400013368576765e-06,6.180000491440296e-05,0.3090935000218451,4.650000482797623e-05,1.4988144789100877,0.03886575030631161,0.18775954176878717
433,1.0,0.002068194321674544,1,datasets_sb01.npz,1.121654875205285,1.1249440039379048,0.6718739319779319,constrained_1tok,0.05266110393859006,0.22106673442053282,1000,1000,0.5,results\constrained_1tok_beta1_profile_2.csv,0.9049669670343612,0.9984235345891033,0.9996439815595292,0.09360413122994313,0.09345656755474209,70,2.500001573935151e-05,0.29948089976096526,0.030927600630093366,0.3304085003910586,0.3316062000230886,0.3309302004054189,3.092760063009337e-05,0.00045409996528178453,9.399955160915852e-06,0.0001078000059351325,0.3317242999910377,4.2600033339113e-05,1.5714358184326382,0.05059084142259384,0.2189964719045366
535,1.0,0.001971820479516613,1,datasets_sb01.npz,0.797969250517915,0.7941816402735791,0.3716783883137573,constrained_1tok,0.04730422199051545,0.22285781924553583,1000,1000,0.5,results\constrained_1tok_beta1_profile_2.csv,0.9050432834562951,0.9988169493766448,0.9997978404638654,0.09388473631617196,0.09377366592034957,71,2.010003663599491e-05,0.30103069986216724,0.031190499721560627,0.33222119958372787,0.3333326000138186,0.3326146996114403,3.1190499721560625e-05,0.00032649998320266604,8.000002708286047e-06,5.8999983593821526e-05,0.3334000000031665,4.6900007873773575e-05,1.2242601127220727,0.04533042969051932,0.22088402694553969
408,1.0,0.00313194040915982,1,datasets_sb01.npz,1.1175226535479357,1.1195781126738211,0.6840199723828106,constrained_1tok,0.04891830866757392,0.21728946755134884,1000,1000,0.5,results\constrained_1tok_beta1_profile_2.csv,0.8983380454115621,0.9987288689792919,0.999804895821342,0.10051859587310215,0.10039082356772983,72,2.4900014977902174e-05,0.3022655990207568,0.0337787012103945,0.3360443002311513,0.337190099991858,0.3364720002282411,3.37787012103945e-05,0.00035449996357783675,7.90000194683671e-06,5.740002961829305e-05,0.3372559000272304,4.830001853406429e-05,1.5510253347130607,0.04578323631800494,0.21415439520177987
452,1.0,0.004267051669669458,1,datasets_sb01.npz,0.6686857201897931,0.6826385595386152,0.26324277031919613,constrained_1tok,0.04279050020818706,0.19045233515886945,1000,1000,0.5,results\constrained_1tok_beta1_profile_2.csv,0.8933387647716132,0.9988044899481819,0.9998092980942425,0.10559196142784683,0.10546572517656864,73,2.1200045011937618e-05,0.3318514986895025,0.0391777009353973,0.3710291996248998,0.37223789998097345,0.3714732996886596,3.91777009353973e-05,0.0003816999960690737,8.400005754083395e-06,6.200000643730164e-05,0.37230889999773353,4.120002267882228e-05,1.07412867006039,0.03851918148684793,0.18618101643753032
414,1.0,0.0016087935190708532,1,datasets_sb01.npz,1.1116058308058796,1.1142280284625334,0.6872246487335326,constrained_1tok,0.046881348317659964,0.22920197084611715,1000,1000,0.5,results\constrained_1tok_beta1_profile_2.csv,0.8993184312636118,0.9986498753374585,0.9997869623094272,0.09946573521603976,0.09933144407384675,74,2.0600040443241596e-05,0.2846912998938933,0.03144469961989671,0.31613599951379,0.31724709999980405,0.3165633995668031,3.144469961989671e-05,0.00035689998185262084,9.500014130026102e-06,5.759997293353081e-05,0.31731469999067485,4.9900030717253685e-05,1.5359870128782265,0.04527094600507004,0.22759156853352722
474,1.0,0.0019189081960193624,1,datasets_sb01.npz,0.8779780777339459,0.8755794507699496,0.4017618266947622,constrained_1tok,0.059033193917590286,0.24505246691144608,1000,1000,0.5,results\constrained_1tok_beta1_profile_2.csv,0.8977525508924069,0.998593231628334,0.999772915530098,0.10098274006072866,0.10084068073592706,75,2.2799998987466097e-05,0.28200580150587484,0.03167649812530726,0.3136822996311821,0.31478939997032285,0.3141241996199824,3.1676498125307264e-05,0.00038079998921602964,8.200004231184721e-06,6.280001252889633e-05,0.3148608999908902,3.8300000596791506e-05,1.3541943287731295,0.05711236681337491,0.2431316398072307
452,1.0,0.0015367285073129423,1,datasets_sb01.npz,1.0304498564864106,1.0297872120833214,0.5819757105568308,constrained_1tok,0.052355544452120484,0.24129158907645035,1000,1000,0.5,results\constrained_1tok_beta1_profile_2.csv,0.9028306212984042,0.9987467337029219,0.9997996992477972,0.09603647167776175,0.09591611240451771,76,1.9000028260052204e-05,0.28238979942398146,0.03000090061686933,0.3123907000408508,0.3134655000176281,0.3127827000571415,3.000090061686933e-05,0.0003307999577373266,9.499955922365189e-06,5.269999383017421e-05,0.3135282999719493,4.220003029331565e-05,1.4789240024159904,0.05081727921630023,0.23975332384063008
431,1.0,0.0019562652733647904,1,datasets_sb01.npz,0.9536417435657409,0.9562010288537636,0.49882582987838003,constrained_1tok,0.05384670849210458,0.22612987869815934,1000,1000,0.5,results\constrained_1tok_beta1_profile_2.csv,0.900899397086642,0.9985227027871615,0.9997733767664373,0.09776773770693943,0.09762330570051944,77,3.029999788850546e-05,0.27759440056979656,0.030080698372330517,0.3076750989421271,0.3088125000358559,0.30813029897399247,3.0080698372330516e-05,0.00038139999378472567,8.499948307871819e-06,6.0999998822808266e-05,0.30888249998679385,4.350004019215703e-05,1.4084576572531018,0.05188848695346642,0.2241716571595212
457,1.0,0.0019021989483950007,1,datasets_sb01.npz,0.683140751668827,0.6828082175008376,0.2881395890521051,constrained_1tok,0.040614826756706066,0.2086249986982067,1000,1000,0.5,results\constrained_1tok_beta1_profile_2.csv,0.903347764255175,0.9985429569979297,0.9997861604713965,0.09533409862401343,0.09519519274275463,78,2.099998528137803e-05,0.2785602008225396,0.029354798956774175,0.3079149997793138,0.3090440999949351,0.30836429982446134,2.9354798956774177e-05,0.0003855000250041485,8.700008038431406e-06,5.690002581104636e-05,0.30911019997438416,4.280003486201167e-05,1.078141914285549,0.03871072560936267,0.2067208975508633
444,1.0,0.0017487646522552794,0,datasets_sb01.npz,1.568453538560353,1.569884976864811,1.1649637301073452,constrained_1tok,0.042379223637402395,0.21377749148439448,1000,1000,0.5,results\constrained_1tok_beta1_profile_2.csv,0.9012114765528995,0.9985270983820459,0.999771452167019,0.09745916959773135,0.09731562182914638,79,2.1099986042827368e-05,0.276132999220863,0.029817701200954616,0.3059507004218176,0.30708630004664883,0.30640200042398646,2.9817701200954616e-05,0.00036720000207424164,8.899951353669167e-06,6.0699996538460255e-05,0.30715649999910966,6.3000014051795e-05,1.971943347013361,0.040628710220494864,0.21202697806748694
485,1.0,0.0023075069499407775,1,datasets_sb01.npz,1.1815571865072951,1.1792241706956095,0.6863522321501001,constrained_1tok,0.06383484663158884,0.2594626280766392,1000,1000,0.5,results\constrained_1tok_beta1_profile_2.csv,0.9006724200625246,0.9987837029485026,0.9997852212005671,0.09823076067054795,0.09811128288597802,80,2.1599989850074053e-05,0.32300769980065525,0.0351856003399007,0.35819330014055595,0.3593624000204727,0.3586295001441613,3.5185600339900706e-05,0.00037640001391991973,8.400005754083395e-06,6.809999467805028e-05,0.359439600026235,3.819999983534217e-05,1.6767621408644902,0.061525032174698124,0.2571528136197485
421,1.0,0.003289293607727208,1,datasets_sb01.npz,1.3330908188036446,1.3352455735516893,0.8398960203736867,constrained_1tok,0.06331765649686766,0.27452286038855,1000,1000,0.5,results\constrained_1tok_beta1_profile_2.csv,0.9059216362716809,0.998918813890241,0.9997406546616623,0.09309783370320865,0.09299717761856008,81,1.8000020645558834e-05,0.316305800457485,0.03247029933845624,0.34877609979594126,0.3500215000240132,0.3491535998182371,3.247029933845624e-05,0.00031159998616203666,8.100003469735384e-06,8.219998562708497e-05,0.3501123000169173,4.7900015488266945e-05,1.8262856172336024,0.06002507359553272,0.27123027748721507
437,1.0,0.003041248338786816,1,datasets_sb01.npz,0.9397515977800733,0.931378123728075,0.5019379451522651,constrained_1tok,0.049896083513979374,0.20711657031066527,1000,1000,0.5,results\constrained_1tok_beta1_profile_2.csv,0.8955164155489747,0.998816992037061,0.9998027728725707,0.10342292663384459,0.10330057648808628,82,2.0299979951232672e-05,0.32663800136651844,0.03767869941657409,0.36431670078309253,0.3654963999870233,0.3647482008091174,3.767869941657409e-05,0.0003515999997034669,8.300004992634058e-06,6.3000014051795e-05,0.36556850001215935,5.960004637017846e-05,1.3775652504078817,0.04685179392685377,0.20407228072353967
450,1.0,0.001863070542144391,1,datasets_sb01.npz,1.1887985120433264,1.1903629464444103,0.7648012882008107,constrained_1tok,0.04679655503596428,0.21464279976275016,1000,1000,0.5,results\constrained_1tok_beta1_profile_2.csv,0.8979527540353477,0.9983907593818605,0.9998154591727711,0.10059989478337884,0.10043800534651287,83,0.0002041999832727015,0.3072893998469226,0.03437100030714646,0.34166040015406907,0.3429500000202097,0.342211100156419,3.437100030714646e-05,0.00030229997355490923,9.399955160915852e-06,5.339999916031957e-05,0.3430132999783382,4.420004552230239e-05,1.6127957358858422,0.044931621423277744,0.21277786615006364
426,1.0,0.0027563912448874822,1,datasets_sb01.npz,0.9462305698401567,0.9475584226550912,0.4713714951003096,constrained_1tok,0.05869719410214069,0.24014113935811718,1000,1000,0.5,results\constrained_1tok_beta1_profile_2.csv,0.9011840600655351,0.9985714161531678,0.9997550281257218,0.09752668112892864,0.0973873560876327,84,2.1799991372972727e-05,0.2810948992264457,0.030376801209058613,0.3114717004355043,0.31261259998427704,0.31191730045247823,3.0376801209058614e-05,0.00037920003524050117,9.90001717582345e-06,6.600003689527512e-05,0.3126892000436783,4.4599990360438824e-05,1.4210896445800039,0.05593804646600832,0.23738199172198482
375,1.0,0.0033853898093297633,1,datasets_sb01.npz,1.095500052623234,1.1026742487902765,0.6484620172631879,constrained_1tok,0.05202077391153939,0.20800363432052507,1000,1000,0.5,results\constrained_1tok_beta1_profile_2.csv,0.9040932744522455,0.9987129882531285,0.9997958108442168,0.09474164741402277,0.09461971380088297,85,2.3200002033263445e-05,0.31189879903104156,0.032642400881741196,0.34454119991278276,0.3456873000250198,0.3449851999175735,3.26424008817412e-05,0.0003819999983534217,7.700000423938036e-06,6.240000948309898e-05,0.3457579000387341,3.880000440403819e-05,1.54253808798328,0.0486319987124003,0.20461485912138597
443,1.0,0.0027661137088728456,1,datasets_sb01.npz,1.0516929482940465,1.059494889231606,0.6239922700626908,constrained_1tok,0.047617625510089995,0.20112733296281665,1000,1000,0.5,results\constrained_1tok_beta1_profile_2.csv,0.8982892333746123,0.9987206173823735,0.9998127061064838,0.1005600387733958,0.10043138400776126,86,1.9799976143985987e-05,0.3010018998757005,0.033652899612206966,0.33465479948790744,0.3357729999697767,0.33508349949261174,3.365289961220696e-05,0.0003491000388748944,9.400013368576765e-06,5.289999535307288e-05,0.33583589998306707,5.979998968541622e-05,1.4793936265254022,0.044848745687508275,0.19835845314023492
492,1.0,0.0026331699388734975,1,datasets_sb01.npz,1.0115870394455777,1.0182606458328791,0.5352548172587506,constrained_1tok,0.059061949680716604,0.26442707422727063,1000,1000,0.5,results\constrained_1tok_beta1_profile_2.csv,0.8972778790037788,0.9986721034180185,0.9998182372633183,0.10152904448538363,0.10139422441423965,87,2.2499996703118086e-05,0.33197809965349734,0.0375142001430504,0.36949229979654774,0.3707453000242822,0.3699835997540504,3.75142001430504e-05,0.00042259995825588703,8.699949830770493e-06,5.7999975979328156e-05,0.37081269995542243,4.6200002543628216e-05,1.4879192616324048,0.056426146571904236,0.26179127111845824
514,1.0,0.0025929324911211408,1,datasets_sb01.npz,1.1901758240438294,1.1867375888233256,0.7102369255530533,constrained_1tok,0.0599597423689451,0.2639736855350086,1000,1000,0.5,results\constrained_1tok_beta1_profile_2.csv,0.8957331673177369,0.9986992541425641,0.9997567862057015,0.10310019397504105,0.10296608682482718,88,2.2199994418770075e-05,0.3009315006202087,0.03459259984083474,0.3355241004610434,0.33665880002081394,0.33596110047074035,3.4592599840834735e-05,0.0003717999788932502,1.0399962775409222e-05,7.100001676008105e-05,0.3367407000041567,4.3000036384910345e-05,1.6701147225346054,0.057364216945332835,0.26137816011139636
455,1.0,0.004736995690640435,1,datasets_sb01.npz,0.6326267066835773,0.6232440159292613,0.1912170784462892,constrained_1tok,0.05071909097786884,0.20976350894521406,1000,1000,0.5,results\constrained_1tok_beta1_profile_2.csv,0.8974622351816476,0.9984816474574293,0.9997708530801185,0.10117302860099762,0.10101941227578172,89,2.0299979951232672e-05,0.2859626997378655,0.03218830021796748,0.31815099995583296,0.3193724000011571,0.31863479991443455,3.218830021796748e-05,0.00035170000046491623,1.1299969628453255e-05,6.130000110715628e-05,0.3194455999764614,0.00011179997818544507,1.0740363349208655,0.04597735829153777,0.205021776258883
426,1.0,0.0015064664123712343,1,datasets_sb01.npz,1.2943222066473454,1.2950101271141647,0.8700387472506945,constrained_1tok,0.046859759974382936,0.22564736313818137,1000,1000,0.5,results\constrained_1tok_beta1_profile_2.csv,0.901507254111943,0.9980119952166585,0.9997381192617281,0.09669697515385609,0.09650474110471556,90,2.600002335384488e-05,0.3001086998847313,0.03212610021000728,0.3322348000947386,0.3336524000042118,0.3328966001281515,3.212610021000728e-05,0.0005854999762959778,9.500014130026102e-06,7.700000423938036e-05,0.33373980002943426,5.030003376305103e-05,1.7186056660439963,0.04535178709559933,0.22413939025939777
503,1.0,0.0014865148016272648,1,datasets_sb01.npz,1.0656511897353205,1.0631179429564857,0.6673439732005156,constrained_1tok,0.04129754236352143,0.20416298741541986,1000,1000,0.5,results\constrained_1tok_beta1_profile_2.csv,0.8972845775632765,0.9985604096582316,0.9997804980800538,0.10142183799337476,0.1012758320949551,91,2.269999822601676e-05,0.29363269882742316,0.03314210078679025,0.3267747996142134,0.32794320001266897,0.3272458996507339,3.314210078679025e-05,0.00040800002170726657,8.200004231184721e-06,6.349995965138078e-05,0.3280151999788359,4.040001658722758e-05,1.4639584062701254,0.039809541047092535,0.20267498609899096
428,1.0,0.002029187915641089,1,datasets_sb01.npz,0.7954273208839477,0.7893455173273044,0.38289192866829447,constrained_1tok,0.04430066894797035,0.22798515971483416,1000,1000,0.5,results\constrained_1tok_beta1_profile_2.csv,0.9016168576578243,0.9988576121309581,0.9998281917593033,0.09735196818061077,0.09724075447313389,92,1.8700025975704193e-05,0.33566330082248896,0.03620179940480739,0.37186510022729635,0.3730263999896124,0.37229040026431903,3.6201799404807386e-05,0.0003667999990284443,8.600007276982069e-06,5.490001058205962e-05,0.37309050001204014,3.980001201853156e-05,1.207962713099601,0.04226945184441362,0.22595394261127744
466,1.0,0.0032623170477556526,0,datasets_sb01.npz,1.4757166037453973,1.4780670826149618,1.0237378083209068,constrained_1tok,0.05317701778253159,0.21690580762410247,1000,1000,0.5,results\constrained_1tok_beta1_profile_2.csv,0.9020388564271512,0.9988365196001843,0.9998220169993552,0.09691041654321902,0.09679766317303301,93,1.9899976905435324e-05,0.33275600080378354,0.03570799977751449,0.368464000581298,0.3696322999894619,0.36889320058980957,3.570799977751449e-05,0.00036020000698044896,8.700008038431406e-06,5.659996531903744e-05,0.3696980999666266,4.910002462565899e-05,1.9276953991698877,0.04991143841772818,0.21364022825929907
467,1.0,0.0017110085482952698,1,datasets_sb01.npz,0.8488110971424918,0.8485031644280676,0.37891709945666924,constrained_1tok,0.05747614771479692,0.2513289946365006,1000,1000,0.5,results\constrained_1tok_beta1_profile_2.csv,0.9022092195017395,0.9986980548347216,0.9998040174262336,0.09661462227334615,0.09648883533298218,94,2.239999594166875e-05,0.31322250148514286,0.03349829919170588,0.34672080067684874,0.34792189998552203,0.3471728006261401,3.3498299191705885e-05,0.00039229996036738157,8.000002708286047e-06,5.959998816251755e-05,0.34799009998096153,3.7299992982298136e-05,1.3187050948283143,0.055763428157953356,0.24961627507965706
415,1.0,0.001522062164499404,0,datasets_sb01.npz,1.5400744482344337,1.5398595046224424,1.1402264544829432,constrained_1tok,0.041617664022046,0.19514276605643427,1000,1000,0.5,results\constrained_1tok_beta1_profile_2.csv,0.9013587791039696,0.9987656793992978,0.9998111165019874,0.09752728022644226,0.09740690029532831,95,1.839996548369527e-05,0.28136410110164434,0.030406099744141102,0.31177020084578544,0.31283210002584383,0.31215550081105903,3.04060997441411e-05,0.0003253000322729349,8.100003469735384e-06,5.0499977078288794e-05,0.3128912000101991,4.1599967516958714e-05,1.9399224419859242,0.0400940797953821,0.19361918182977036
499,1.0,0.0026866050239811277,1,datasets_sb01.npz,0.9754518073270824,0.9695118565038835,0.5353025489903281,constrained_1tok,0.05042986505997366,0.22319190897333913,1000,1000,0.5,results\constrained_1tok_beta1_profile_2.csv,0.9032839967029425,0.9984705400397659,0.9981281943692573,0.0953323503495982,0.09518654333682347,96,2.3100001271814108e-05,0.28702680132118985,0.030246399983298033,0.3172732013044879,0.3183996999869123,0.31775920127984136,3.0246399983298034e-05,0.0004216000088490546,8.100003469735384e-06,0.0005882999976165593,0.31899679999332875,4.12999652326107e-05,1.4156010656638367,0.047740573430968554,0.22050261734433402
442,1.0,0.0021127228146878337,1,datasets_sb01.npz,1.3459166222183299,1.3458520889350742,0.8551154520523827,constrained_1tok,0.06270454722934793,0.23445127673296012,1000,1000,0.5,results\constrained_1tok_beta1_profile_2.csv,0.9030638888994075,0.9988849567019992,0.9997235143224561,0.09592803171144186,0.0958210678025916,97,1.810002140700817e-05,0.3020894999499433,0.032053699425887316,0.3341431993758306,0.33518689998891205,0.3345161994220689,3.205369942588732e-05,0.0003129999968223274,8.500006515532732e-06,8.369999704882503e-05,0.33527959999628365,4.190002800896764e-05,1.836717792384277,0.060589711691845405,0.2323364411954576
475,1.0,0.002089759106397127,0,datasets_sb01.npz,1.4801622714667986,1.4754064406025122,1.045021830636549,constrained_1tok,0.049288630582555164,0.21444919385853287,1000,1000,0.5,results\constrained_1tok_beta1_profile_2.csv,0.9049312841594064,0.9986914345517576,0.9997968320915767,0.09388300244552862,0.09376015039235114,98,2.080004196614027e-05,0.284432299551554,0.02947009971830994,0.31390239926986396,0.3149462000001222,0.31431369931669906,2.9470099718309938e-05,0.00034929998219013214,8.700008038431406e-06,5.4699950851500034e-05,0.3150101999635808,4.120002267882228e-05,1.915302712297048,0.04719678171705164,0.21235734499302933
444,1.0,0.0022985166403117043,1,datasets_sb01.npz,0.8456629564374197,0.8404654618457432,0.44396870177260744,constrained_1tok,0.0420028827131193,0.20225791945577698,1000,1000,0.5,results\constrained_1tok_beta1_profile_2.csv,0.911224709183608,0.9989043860009974,0.9998133019982396,0.087775845262233,0.08767967681738942,99,1.9199971575289965e-05,0.3219520005513914,0.0309787992737256,0.352930799825117,0.3539815000258386,0.35331789986230433,3.09787992737256e-05,0.0003329000319354236,7.499998901039362e-06,5.8299978263676167e-05,0.3540476000052877,3.50000336766243e-05,1.247357211102232,0.03970206755616728,0.19995710429882496
471,1.0,0.0026316431057105977,1,datasets_sb01.npz,1.1701138444264527,1.173551571575922,0.7143922486990146,constrained_1tok,0.05406137359755374,0.258673285514121,1000,1000,0.5,results\constrained_1tok_beta1_profile_2.csv,0.9031375577726134,0.9983383817897719,0.9996683391599566,0.09535927472455488,0.09520082401715842,100,2.47000134550035e-05,0.2730146009125747,0.028778799809515476,0.30179340072209015,0.3029200999881141,0.3022957007633522,2.8778799809515476e-05,0.00043710001045838,9.100011084228754e-06,9.060004958882928e-05,0.30302060005487874,4.050001734867692e-05,1.6258354401538908,0.05142709884873743,0.25603901076530466
