beta,bwVar,change_count,changed_iteration_count,covers_true,dataset_file,est,est_med,estdiff,ll,method,miVar,miVarclus,miVarpaired,n_mcmc,n_sampling_draws,pstar,result_file,share_estimation_in_method,share_mcmc_in_method,share_method_in_sim,share_sampling_in_mcmc,share_sampling_in_method,sim,time_allocation,time_mcmc_estimation,time_mcmc_sampling,time_mcmc_total,time_method_call,time_method_total,time_per_sampling_draw,time_setup,time_sim_post,time_sim_prep,time_sim_total,time_summary,ul,wiVar,wiVarclus,wiVarpaired
1.0,0.015524250604468102,28827,1000,1,datasets_sb01.npz,0.8739683901533389,0.8740944000555037,0.8739683901533352,0.3296586958694565,constrained_1to1_gibbs,0.07712230406377903,0.25768556869896514,0.0768145392566196,1000,30000,0.5,results\constrained_1to1_gibbs_beta1_profile_1.csv,0.6775493461427123,0.9940624968554503,0.9976342480755191,0.318403673525532,0.31651315071273795,1,4.449998959898949e-05,0.32550879870541394,0.15205950097879395,0.4775682996842079,0.4830978999962099,0.4804207996930927,5.068650032626465e-06,0.002276000042911619,0.00017529999604448676,0.0009688999853096902,0.48424349998822436,0.0005319999763742089,1.4182780844372214,0.06158252920870646,0.2421457938438926,0.061274764401547034
1.0,0.019427463472965895,28567,1000,1,datasets_sb01.npz,1.0484345756514877,1.050909788094132,1.048434575651489,0.4184773253468004,constrained_1to1_gibbs,0.10330230560481116,0.2927888094816338,0.09765997794012987,1000,30000,0.5,results\constrained_1to1_gibbs_beta1_profile_1.csv,0.6527222239970581,0.9992575791749028,0.9998066512216209,0.34679282139043915,0.3465353551778446,2,1.6200006939470768e-05,0.25373160088201985,0.13470809970749542,0.38843970058951527,0.38937600003555417,0.38872830057516694,4.490269990249847e-06,0.00023509998572990298,1.0699965059757233e-05,6.359996041283011e-05,0.38945129996864125,3.7299992982298136e-05,1.678391825956175,0.0838554146683723,0.27334191854519496,0.07821308700369102
1.0,0.017738549150241006,28709,1000,1,datasets_sb01.npz,1.4276483155302249,1.4276969809780273,1.4276483155302198,0.8547189723287881,constrained_1to1_gibbs,0.08544565605508894,0.2663263605240824,0.08236665948621512,1000,30000,0.5,results\constrained_1to1_gibbs_beta1_profile_1.csv,0.6540875116500138,0.9992528539855416,0.9998168485941105,0.3454234240701224,0.3451653423355278,3,1.3199984095990658e-05,0.26307209994411096,0.13882449950324371,0.4018965994473547,0.4028714000014588,0.4021970994072035,4.6274833167747906e-06,0.0001973999897018075,1.769996015354991e-05,5.530001362785697e-05,0.4029451999813318,8.9899986051023e-05,2.0005776587316615,0.0676893683556977,0.24857007282469112,0.06461037178682387
1.0,0.020442696778974003,28728,1000,1,datasets_sb01.npz,0.9938152419597834,0.9959821397393016,0.9938152419597784,0.40801443790174174,constrained_1to1_gibbs,0.08932803572340905,0.2777013255775626,0.08963253497745441,1000,30000,0.5,results\constrained_1to1_gibbs_beta1_profile_1.csv,0.6656321017682938,0.9993916629591999,0.9998384422687536,0.3339627230856056,0.33375956119090616,4,1.2399978004395962e-05,0.2726703999796882,0.13672170077916235,0.4093921007588506,0.4103132000309415,0.4096413007355295,4.557390025972078e-06,0.00019729998894035816,1.1000025551766157e-05,5.440000677481294e-05,0.4103795000119135,3.950000973418355e-05,1.5796160460178252,0.06886489624765608,0.25723818610180965,0.06916939550170144
1.0,0.015975438394549644,28754,1000,1,datasets_sb01.npz,0.9981688570817341,0.9967482111477786,0.9981688570817292,0.47211413792243084,constrained_1to1_gibbs,0.07203601820849996,0.2453073238786542,0.07097369034440737,1000,30000,0.5,results\constrained_1to1_gibbs_beta1_profile_1.csv,0.662646654105693,0.9993754402445095,0.9998247977758903,0.3369392248186844,0.33672878613881646,5,1.190003240481019e-05,0.2778712000581436,0.14120230037951842,0.419073500437662,0.42001259996322915,0.41933540045283735,4.7067433459839475e-06,0.0002145000034943223,1.0000017937272787e-05,6.280001252889633e-05,0.4200861999997869,3.549997927621007e-05,1.5242235762410372,0.056044604375555765,0.22931591004571,0.054982276511463174
1.0,0.02245964907373664,28634,1000,1,datasets_sb01.npz,0.944171689577355,0.9459411205400228,0.9441716895773521,0.32529866582573663,constrained_1to1_gibbs,0.09969903673663871,0.29093201068592744,0.09787985766964713,1000,30000,0.5,results\constrained_1to1_gibbs_beta1_profile_1.csv,0.6594036374291485,0.9992223793456014,0.9998424124059241,0.3400831976351479,0.3398187419164529,6,1.1300027836114168e-05,0.2643989005009644,0.13625599956139922,0.4006549000623636,0.4016178000019863,0.40096670005004853,4.54186665204664e-06,0.0001919999485835433,1.109996810555458e-05,5.139998393133283e-05,0.4016810999601148,0.00010850001126527786,1.5630447133289733,0.07721692801382835,0.2684499019631171,0.07539774894683676
1.0,0.02103415106680101,28838,1000,1,datasets_sb01.npz,1.3488089537354413,1.3482895541572772,1.3488089537354404,0.7196428603135853,constrained_1to1_gibbs,0.10304299591621191,0.2915735023914027,0.09754622326110993,1000,30000,0.5,results\constrained_1to1_gibbs_beta1_profile_1.csv,0.6544877300507328,0.9993584919972351,0.9998324605939612,0.3450921413168484,0.3448707619465024,7,1.2000033166259527e-05,0.2628121007583104,0.13848419958958402,0.40129630034789443,0.40222629997879267,0.4015539003885351,4.6161399863194675e-06,0.00019940000493079424,1.0700023267418146e-05,5.590001819655299e-05,0.40229370002634823,4.6200002543628216e-05,1.9779750471572974,0.0819878106983441,0.27051831717353486,0.07649103804324212
1.0,0.014396174961759605,28644,1000,1,datasets_sb01.npz,0.953745394399845,0.9493411186072366,0.9537453943998401,0.3771074933007196,constrained_1to1_gibbs,0.08655541154310827,0.2754960672232839,0.08566671838019793,1000,30000,0.5,results\constrained_1to1_gibbs_beta1_profile_1.csv,0.6553472932966705,0.9993071308156196,0.9998251613886681,0.3441983219295296,0.3439598375189492,8,1.4699995517730713e-05,0.26076970010763034,0.13686529966071248,0.3976349997683428,0.3985837000072934,0.3979106998303905,4.562176655357083e-06,0.00022380001610144973,1.0800024028867483e-05,5.7699973694980145e-05,0.3986534000141546,3.720005042850971e-05,1.5303832954989702,0.0721448404063869,0.26108549608656256,0.07125614724347656
1.0,0.0218453961120528,28794,1000,1,datasets_sb01.npz,1.2323444328556599,1.231160037794408,1.2323444328556574,0.6034771698661207,constrained_1to1_gibbs,0.10294513600061284,0.29820557573968615,0.10173137889517747,1000,30000,0.5,results\constrained_1to1_gibbs_beta1_profile_1.csv,0.6538800694823844,0.9990351111087314,0.9998455817595252,0.3454883995451302,0.34515504162634697,9,1.3499986380338669e-05,0.2637506992323324,0.1392226003226824,0.4029732995550148,0.4040349999559112,0.40336249954998493,4.6407533440894135e-06,0.0003383000148460269,8.600007276982069e-06,5.339999916031957e-05,0.4040973999653943,3.739999374374747e-05,1.8612116958451992,0.08107789449244798,0.2763383342315213,0.07986413738701262
1.0,0.02259468747121052,28697,1000,1,datasets_sb01.npz,1.244567195128511,1.2464090886322852,1.2445671951285102,0.6464679734235791,constrained_1to1_gibbs,0.09311814842879149,0.2810965530967773,0.09248498639804847,1000,30000,0.5,results\constrained_1to1_gibbs_beta1_profile_1.csv,0.669825832236176,0.9994034979917505,0.9998483590061646,0.32977437683362504,0.32957766575557457,10,1.2899981811642647e-05,0.29499189933994785,0.14514630060875788,0.44013819994870573,0.4411062000435777,0.44040089996997267,4.838210020291929e-06,0.00020920002134516835,8.400005754083395e-06,5.7699973694980145e-05,0.4411730999709107,4.060001811012626e-05,1.8426664168334432,0.07050086627010975,0.25847927093809553,0.06986770423936674
1.0,0.02097706821735989,28773,1000,1,datasets_sb01.npz,1.1072277340984509,1.1063124174211447,1.1072277340984469,0.50788940372705,constrained_1to1_gibbs,0.0935043820940177,0.28525591206551804,0.09399328231222276,1000,30000,0.5,results\constrained_1to1_gibbs_beta1_profile_1.csv,0.6563566685211705,0.9993560405756616,0.9998274495775509,0.34322039206058363,0.34299937205449116,11,2.1499989088624716e-05,0.2764210007735528,0.14445229893317446,0.42087329970672727,0.4218327000271529,0.4211444996763021,4.815076631105815e-06,0.0002106999745592475,9.200011845678091e-06,6.310001481324434e-05,0.4219054999994114,3.9000005926936865e-05,1.7065660644698517,0.07250633680844044,0.2642578667799408,0.07299523702664551
1.0,0.01730262543278045,28692,1000,1,datasets_sb01.npz,1.1226119427414123,1.1241817598612105,1.1226119427414136,0.5631445150707789,constrained_1to1_gibbs,0.08147745799260606,0.25825516062091103,0.07804569183773417,1000,30000,0.5,results\constrained_1to1_gibbs_beta1_profile_1.csv,0.6546834343093307,0.9993699864418862,0.999838804152041,0.34490384623192727,0.34468655213255556,12,1.4199991710484028e-05,0.27080449974164367,0.1425768003682606,0.41338130010990426,0.41433619998861104,0.41364190011518076,4.752560012275353e-06,0.0002060999977402389,8.700008038431406e-06,5.740002961829305e-05,0.4144030000315979,4.0300015825778246e-05,1.6820793704120458,0.06415752993439283,0.24093523256269778,0.06072576377952094
1.0,0.02010108013283504,28563,1000,1,datasets_sb01.npz,1.0911192840445156,1.0890385995817087,1.0911192840445074,0.4704644022042549,constrained_1to1_gibbs,0.10027396979179198,0.29034166570915465,0.09672481968970796,1000,30000,0.5,results\constrained_1to1_gibbs_beta1_profile_1.csv,0.6517335519543193,0.9994103037613867,0.9998482626718428,0.34788189645288736,0.3476767518070675,13,1.2800039257854223e-05,0.267127399914898,0.14250300056301057,0.40963040047790855,0.4105157000012696,0.4098721005138941,4.750100018767019e-06,0.00019599997904151678,6.699992809444666e-06,5.5100012104958296e-05,0.41057800000999123,3.290001768618822e-05,1.7117741658847763,0.08015278857882412,0.2702204844961868,0.0766036384767401
1.0,0.02055297260786436,28704,1000,1,datasets_sb01.npz,0.7483486537854502,0.7480374913950323,0.7483486537854463,0.1431738556702764,constrained_1to1_gibbs,0.09533437533156533,0.28082605819879863,0.09138857253888051,1000,30000,0.5,results\constrained_1to1_gibbs_beta1_profile_1.csv,0.6525785494085887,0.9994334433850538,0.9998617606768702,0.3470515183098906,0.3468548939764651,14,1.0899966582655907e-05,0.26860739942640066,0.1427686998504214,0.41137609927682206,0.4122715999837965,0.4116092992480844,4.758956661680714e-06,0.00018229999113827944,9.400013368576765e-06,4.7200010158121586e-05,0.412328600010369,4.0000013541430235e-05,1.353523451900624,0.07476084975109311,0.2602525326183264,0.07081504695840829
1.0,0.015750191367167855,28638,1000,1,datasets_sb01.npz,1.3368889066045717,1.3348852522586703,1.336888906604568,0.7678890436564949,constrained_1to1_gibbs,0.08427760413237459,0.2710375539093234,0.08383434768909512,1000,30000,0.5,results\constrained_1to1_gibbs_beta1_profile_1.csv,0.6515926537133828,0.999384017516193,0.9998439676162828,0.3480057292362842,0.34779136380281017,15,1.209997572004795e-05,0.2672028999659233,0.14262109994888306,0.40982399991480634,0.4107481999672018,0.41007659991737455,4.754036664962769e-06,0.00020150002092123032,7.90000194683671e-06,5.570001667365432e-05,0.41081229998962954,3.9000005926936865e-05,1.9058887695526485,0.06851166257383957,0.2552716123507884,0.06806840613056009
1.0,0.020101387094616077,28694,1000,1,datasets_sb01.npz,0.8703152151441336,0.8710259621467025,0.870315215144129,0.2739715144242221,constrained_1to1_gibbs,0.09257231606318185,0.2820591479838382,0.09199123000204568,1000,30000,0.5,results\constrained_1to1_gibbs_beta1_profile_1.csv,0.6600325257561499,0.9994266199876088,0.9998569027396605,0.3395888076662064,0.3393940942314589,16,1.1499971151351929e-05,0.2840977996820584,0.14608539978507906,0.43018319946713746,0.4311135999741964,0.4304299994255416,4.869513326169302e-06,0.00020289997337386012,7.299997378140688e-06,5.3800002206116915e-05,0.43117529997834936,3.2400013878941536e-05,1.466658915864045,0.07245082758147116,0.2619376595021275,0.07186974152033498
1.0,0.01426117141840485,28730,1000,1,datasets_sb01.npz,1.0489875638252684,1.048531992489718,1.0489875638252668,0.4757592116923641,constrained_1to1_gibbs,0.08553486664124452,0.2696779613822689,0.08241922848237761,1000,30000,0.5,results\constrained_1to1_gibbs_beta1_profile_1.csv,0.6594033785533978,0.9994482676899332,0.9998690671968143,0.34023260645845677,0.3400448891365354,17,1.1499971151351929e-05,0.2775140004232526,0.14311000000452623,0.4206240004277788,0.42153519997373223,0.4208562003914267,4.770333333484208e-06,0.00018350000027567148,7.499998901039362e-06,4.740001168102026e-05,0.42159039998659864,3.71999922208488e-05,1.6222159159581726,0.07125943405142127,0.2554025287924456,0.06814379589255436
1.0,0.019854385013931376,28595,1000,1,datasets_sb01.npz,1.3314159551532385,1.334224640088034,1.3314159551532398,0.7291561715324213,constrained_1to1_gibbs,0.09441817132626862,0.279177998918341,0.09017631499842536,1000,30000,0.5,results\constrained_1to1_gibbs_beta1_profile_1.csv,0.6533477017704298,0.9993135612077846,0.9998541035999455,0.34620350695452945,0.34596585943735486,18,2.2899999748915434e-05,0.26507440058048815,0.14036429999396205,0.4054387005744502,0.4063937999890186,0.4057172005996108,4.678809999798735e-06,0.00021160003961995244,9.100011084228754e-06,4.9600028432905674e-05,0.4064531000331044,4.39999857917428e-05,1.9336757387740557,0.07454393192732331,0.2593037595193957,0.07030207559948005
1.0,0.01581152913349212,28731,1000,1,datasets_sb01.npz,1.3492513386070815,1.3444992160820832,1.3492513386070824,0.8131358859892104,constrained_1to1_gibbs,0.07481772660757621,0.2487185014951969,0.07264333490052538,1000,30000,0.5,results\constrained_1to1_gibbs_beta1_profile_1.csv,0.6549996892548662,0.9993076298070454,0.9998270965584237,0.3445464942749022,0.3443079405521792,19,1.3199984095990658e-05,0.2692388006253168,0.14152839838061482,0.4107671990059316,0.41171910002594814,0.411051799019333,4.717613279353828e-06,0.00023310002870857716,8.700008038431406e-06,6.180000491440296e-05,0.41179029998602346,3.8300000596791506e-05,1.8853667912249525,0.0589903859449506,0.23289116083257128,0.05681599423789977
1.0,0.016876438623865002,28669,1000,1,datasets_sb01.npz,1.0885593558943576,1.0885710320819313,1.0885593558943576,0.5330184470697719,constrained_1to1_gibbs,0.08033780231613044,0.2662163351772321,0.08209377054122674,1000,30000,0.5,results\constrained_1to1_gibbs_beta1_profile_1.csv,0.6655962080936958,0.9993469164434965,0.9998391080516358,0.3339688178931516,0.3337507083498007,20,1.2999982573091984e-05,0.277109399670735,0.13895130006130785,0.41606069973204285,0.41698290000203997,0.4163325997069478,4.631710002043595e-06,0.00022109999554231763,7.299997378140688e-06,5.9399986639618874e-05,0.4170499999891035,3.779999678954482e-05,1.6441002647189433,0.06344448725364157,0.24932302011474325,0.06520045547873787
1.0,0.017204949143115707,28820,1000,1,datasets_sb01.npz,1.4723924974470142,1.4708743535423572,1.4723924974470137,0.8474671247265716,constrained_1to1_gibbs,0.10165861137801543,0.2920249960416524,0.09622791304540113,1000,30000,0.5,results\constrained_1to1_gibbs_beta1_profile_1.csv,0.6517374350459574,0.9993339629759658,0.9998618350687047,0.3478281943854721,0.3475965279300084,21,1.309998333454132e-05,0.27075929910643026,0.14440630108583719,0.41516560019226745,0.41611200000625104,0.4154423001455143,4.813543369527906e-06,0.0002258999738842249,7.800001185387373e-06,4.930002614855766e-05,0.4161695000366308,3.7699996028095484e-05,2.0973178701674566,0.0844364572857566,0.2748028419493936,0.07900575895314231
1.0,0.01600924018011732,28656,1000,1,datasets_sb01.npz,1.2778390050525827,1.2804010139573994,1.2778390050525827,0.694334503224529,constrained_1to1_gibbs,0.08862908778988053,0.27787504817354536,0.08760881700032364,1000,30000,0.5,results\constrained_1to1_gibbs_beta1_profile_1.csv,0.661567353898145,0.9993798037311766,0.9998631866313349,0.33802208987195,0.33781244983303155,22,1.3299984857439995e-05,0.28673070116201416,0.14641169947572052,0.4331424006377347,0.43410859996220097,0.43341120064724237,4.880389982524017e-06,0.00021959998412057757,8.000002708286047e-06,5.0600036047399044e-05,0.4341679999488406,3.590004052966833e-05,1.8613435068806363,0.07260383836958309,0.26184979875324793,0.0715835675800262
1.0,0.017294583626317535,28664,1000,1,datasets_sb01.npz,0.8251907984383506,0.8279459423008038,0.8251907984383481,0.21068586425528169,constrained_1to1_gibbs,0.09829662487904464,0.2915450736995511,0.0958921805420691,1000,30000,0.5,results\constrained_1to1_gibbs_beta1_profile_1.csv,0.6526957228894532,0.9994180579334462,0.9998557979523972,0.34692422484433644,0.3467223350439929,23,1.1999974958598614e-05,0.27108639979269356,0.14400540135102347,0.415091801143717,0.4160231999703683,0.4153335011797026,4.800180045034116e-06,0.00018900004215538502,8.400005754083395e-06,5.110003985464573e-05,0.41608320001978427,4.0700018871575594e-05,1.4396957326214195,0.0809847466691008,0.2742331954896073,0.07858030233212526
1.0,0.01622621991287743,28618,1000,1,datasets_sb01.npz,0.8063952767678781,0.8095743486399682,0.8063952767678758,0.26564894152988316,constrained_1to1_gibbs,0.07611583690996511,0.25056208748200626,0.073609994860081,1000,30000,0.5,results\constrained_1to1_gibbs_beta1_profile_1.csv,0.6520921178804951,0.9993514034140589,0.9998449253877721,0.3474846628995874,0.34725928553356383,24,1.2400036212056875e-05,0.27577829943038523,0.14686050114687532,0.42263880057726055,0.42360080004436895,0.4229131005704403,4.8953500382291775e-06,0.0002190999803133309,8.400005754083395e-06,5.689996760338545e-05,0.42366649996256456,4.279997665435076e-05,1.3471416120058732,0.0598733907771748,0.23431964134921596,0.0573675487272907
1.0,0.02017249070722227,28688,1000,1,datasets_sb01.npz,1.2855461129617205,1.2779407096636386,1.2855461129617212,0.6546068883801912,constrained_1to1_gibbs,0.10362461086931002,0.301455419322458,0.10293838519648794,1000,30000,0.5,results\constrained_1to1_gibbs_beta1_profile_1.csv,0.6506852684706356,0.9993685535523623,0.9998478167347328,0.34890359901989587,0.34868328508172675,25,1.2400036212056875e-05,0.27740190038457513,0.14865159947657958,0.4260534998611547,0.42705180001212284,0.4263226998155005,4.955053315885986e-06,0.00020859995856881142,8.200004231184721e-06,5.630002124235034e-05,0.4271168000414036,4.819995956495404e-05,1.9164853375432498,0.08343194767138053,0.2812627561245285,0.08274572199855845
1.0,0.018976365823912187,28743,1000,1,datasets_sb01.npz,0.9370806878622134,0.9319226196050964,0.9370806878622097,0.33622832692161564,constrained_1to1_gibbs,0.0939773947438282,0.28452511851032086,0.09285194669687166,1000,30000,0.5,results\constrained_1to1_gibbs_beta1_profile_1.csv,0.6493765016460502,0.9993682421342903,0.9998428206054155,0.35021299029953556,0.3499917404882401,26,1.3199984095990658e-05,0.2701290010008961,0.1455902992747724,0.4157193002756685,0.4166560000157915,0.4159821002394892,4.853009975825747e-06,0.00021309999283403158,7.499998901039362e-06,5.740002961829305e-05,0.41672150004887953,3.649998689070344e-05,1.5379330488028113,0.0749820525540921,0.2655297763205848,0.07385660450713556
1.0,0.019798328078946496,28714,1000,1,datasets_sb01.npz,0.9648816169827426,0.9659171836809881,0.9648816169827367,0.3452141624270113,constrained_1to1_gibbs,0.09995516301425947,0.29353667521183,0.09817120870658441,1000,30000,0.5,results\constrained_1to1_gibbs_beta1_profile_1.csv,0.6566013981542501,0.9994116893106401,0.9998685051131505,0.34301208883483114,0.34281029115638995,27,1.2599979527294636e-05,0.28013590030604973,0.14625839941436425,0.426394299720414,0.4273370000300929,0.426645299710799,4.875279980478809e-06,0.0001914000022225082,8.200004231184721e-06,4.75000124424696e-05,0.4273932000505738,4.700000863522291e-05,1.5845490715384738,0.08013703660723402,0.27371854880480456,0.07835308229955897
1.0,0.019851138620875095,28714,1000,1,datasets_sb01.npz,0.9689955635999506,0.9711097460601181,0.9689955635999482,0.42813730423477436,constrained_1to1_gibbs,0.07614734920958152,0.24937456129211502,0.07518643508177603,1000,30000,0.5,results\constrained_1to1_gibbs_beta1_profile_1.csv,0.6583150084776365,0.9993428084408623,0.9998361779434657,0.34125206794181545,0.3410277999632258,28,1.3499986380338669e-05,0.2747689008247107,0.14233889937167987,0.4171078001963906,0.4180680999998003,0.41738210018957034,4.7446299790559955e-06,0.0002164000179618597,9.000010322779417e-06,5.89000410400331e-05,0.41813659999752417,4.439998883754015e-05,1.5098538229651268,0.05627635945008556,0.22950357153261905,0.055315445322280055
1.0,0.018912906741056116,28670,1000,1,datasets_sb01.npz,0.7703705858604284,0.7653565387263768,0.7703705858604288,0.14813960456117958,constrained_1to1_gibbs,0.10078389058950074,0.2957138186174367,0.09883348401957175,1000,30000,0.5,results\constrained_1to1_gibbs_beta1_profile_1.csv,0.6503137700451694,0.9993197715034472,0.9998353492491084,0.3492435668847105,0.34900600145827776,29,1.2899981811642647e-05,0.2680687003885396,0.14386529941111803,0.4119339997996576,0.41292769997380674,0.4122143997810781,4.795509980370601e-06,0.00022620003437623382,8.400005754083395e-06,5.920004332438111e-05,0.412995700025931,4.12999652326107e-05,1.3926015671596772,0.08185207094170358,0.2767819989696395,0.07990166437177458
1.0,0.019447521831554897,28592,1000,1,datasets_sb01.npz,0.9857287620434729,0.9815699733061204,0.9857287620434739,0.39340105689887783,constrained_1to1_gibbs,0.09132968301797752,0.27391220314845566,0.08725806452090541,1000,30000,0.5,results\constrained_1to1_gibbs_beta1_profile_1.csv,0.6525792858195146,0.999336262071523,0.9998293334953894,0.3469872848736783,0.34675697625200835,30,1.2899981811642647e-05,0.277455699571874,0.14742990088416263,0.4248856004560366,0.42590410000411794,0.4251678004511632,4.914330029472088e-06,0.0002308000111952424,7.599999662488699e-06,6.419996498152614e-05,0.425976799975615,3.850000211969018e-05,1.578056467188068,0.07186271366459107,0.2544452337950692,0.06779109516751897
1.0,0.028926095362579504,28732,1000,1,datasets_sb01.npz,0.4776923708214996,0.4757366123694404,0.477692370821498,-0.2271551570115814,constrained_1to1_gibbs,0.1293237290432127,0.34058641676615425,0.1304833894225714,1000,30000,0.5,results\constrained_1to1_gibbs_beta1_profile_1.csv,0.6510205094933184,0.9993603066917591,0.9998599208687479,0.3485627704702125,0.3483397971984408,31,1.2100033927708864e-05,0.27325440058484674,0.1462094989256002,0.41946389951044694,0.4204176000203006,0.4197323995176703,4.873649964186673e-06,0.00021269998978823423,7.90000194683671e-06,5.059997783973813e-05,0.42047650000313297,4.369998350739479e-05,1.1825398986545808,0.10036870758527064,0.31163139530821216,0.10152836796462932
1.0,0.016712878774384713,28597,1000,1,datasets_sb01.npz,1.1119890718729006,1.106320623409284,1.1119890718729015,0.5407130062830235,constrained_1to1_gibbs,0.08495323383898624,0.2725825455719042,0.08516676916354927,1000,30000,0.5,results\constrained_1to1_gibbs_beta1_profile_1.csv,0.6525213269825594,0.9993313352546301,0.9998553468039729,0.3470420630648027,0.3468100082720708,32,1.3999990187585354e-05,0.2764603001996875,0.14693649852415547,0.42339679872384295,0.42440209997585043,0.4236800986691378,4.897883284138515e-06,0.0002261999761685729,8.800008799880743e-06,5.199998850002885e-05,0.42446349997771904,4.309997893869877e-05,1.6832651374627776,0.06822364218582715,0.25585295391874513,0.06843717751039018
1.0,0.017064451964185327,28655,1000,1,datasets_sb01.npz,0.77141083247858,0.7693635525102605,0.7714108324785798,0.22121767701885098,constrained_1to1_gibbs,0.07879854964460992,0.26011310761799733,0.07889899274449425,1000,30000,0.5,results\constrained_1to1_gibbs_beta1_profile_1.csv,0.6584200404097207,0.9993554484238693,0.9998420493243716,0.34115530020059825,0.3409354080141486,33,1.3499986380338669e-05,0.28878270043060184,0.1495340994442813,0.43831679987488315,0.4393083000322804,0.43859949987381697,4.984469981476043e-06,0.000229199999012053,8.400005754083395e-06,6.0399994254112244e-05,0.4393777000368573,4.0000013541430235e-05,1.321603987938309,0.06171703322846041,0.2430315912018478,0.06181747632834473
1.0,0.01783725625974992,28762,1000,1,datasets_sb01.npz,0.8046953250295853,0.801629457064059,0.8046953250295851,0.19256008207976116,constrained_1to1_gibbs,0.0975399717985319,0.2882452558268038,0.0942417897204089,1000,30000,0.5,results\constrained_1to1_gibbs_beta1_profile_1.csv,0.6527892597796596,0.9993811238957332,0.9998432770689749,0.3468064943682426,0.3465918641160736,34,1.2399978004395962e-05,0.2789941005175933,0.14812909974716604,0.42712320026475936,0.42807729996275157,0.4273877002997324,4.937636658238868e-06,0.00021270004799589515,8.90000956133008e-06,5.770003190264106e-05,0.4281444000080228,3.940000897273421e-05,1.4168305679794093,0.07968487828252223,0.27039016231079416,0.07638669620439924
1.0,0.017020183396371853,28771,1000,1,datasets_sb01.npz,0.6934080217501701,0.6943208797009246,0.6934080217501712,0.11388223414658283,constrained_1to1_gibbs,0.08742454667262553,0.2791511137610331,0.08885102366590338,1000,30000,0.5,results\constrained_1to1_gibbs_beta1_profile_1.csv,0.6515564970994399,0.9993642149980596,0.9998478425334618,0.3480289895103909,0.34780771789861975,35,1.2599979527294636e-05,0.2774150992045179,0.1480871006497182,0.4255021998542361,0.4264670999837108,0.4257728998782113,4.93623668832394e-06,0.00021000002743676305,8.200004231184721e-06,5.6200020480901e-05,0.42653200001223013,4.810001701116562e-05,1.2729338093537574,0.07038734309285731,0.26211391018126484,0.07181382008613515
1.0,0.01807781686853699,28793,1000,1,datasets_sb01.npz,0.7067769204193821,0.707980256828753,0.7067769204193813,0.1582535324564177,constrained_1to1_gibbs,0.07832098790669743,0.25545593551021223,0.07703732336577743,1000,30000,0.5,results\constrained_1to1_gibbs_beta1_profile_1.csv,0.6512611475994577,0.9993663960716888,0.9998423691772623,0.34832594916195275,0.34810524847223095,36,1.2800039257854223e-05,0.2816357988631353,0.1505370005615987,0.43217279942473397,0.4332222000230104,0.43244679941562936,5.0179000187199565e-06,0.00021739996736869216,9.999959729611874e-06,5.7699973694980145e-05,0.43329049996100366,4.379998426884413e-05,1.2553003083823464,0.06022509322129191,0.2373600408248067,0.05894142868037191
1.0,0.019101462784614633,28746,1000,1,datasets_sb01.npz,0.7272563778899899,0.7269052555435069,0.7272563778899892,0.09691256312252305,constrained_1to1_gibbs,0.1034291245355067,0.30036754650585196,0.1018287314545467,1000,30000,0.5,results\constrained_1to1_gibbs_beta1_profile_1.csv,0.6513613614308762,0.999324853412787,0.9998325895884786,0.34819857706288726,0.34796349198191084,37,1.4199991710484028e-05,0.2734159012325108,0.14606139907846227,0.4194773003109731,0.4204530999995768,0.41976070031523705,4.868713302615409e-06,0.00022990000434219837,8.000002708286047e-06,6.160000339150429e-05,0.4205235000117682,3.9300008211284876e-05,1.3576001926574568,0.08430856028810746,0.2812469822584527,0.08270816720714745
1.0,0.020794334882690117,28711,1000,1,datasets_sb01.npz,0.9409968938422407,0.9417210394371205,0.9409968938422374,0.3274335608407294,constrained_1to1_gibbs,0.0979956173479601,0.2850159282322544,0.093873354493012,1000,30000,0.5,results\constrained_1to1_gibbs_beta1_profile_1.csv,0.6530035236159535,0.9993435954171597,0.9998508494851768,0.3465675603360746,0.3463400718012062,38,1.3400043826550245e-05,0.2823295991984196,0.14974200003780425,0.43207159923622385,0.4330550999729894,0.43235539930174127,4.991400001260141e-06,0.00022749998606741428,7.700000423938036e-06,5.630002124235034e-05,0.4331196999992244,4.290003562346101e-05,1.5545602268437522,0.07718048813038729,0.26420079901468163,0.07305822527543919
1.0,0.021321684686458932,28777,1000,1,datasets_sb01.npz,1.1057688592030537,1.1009897513611888,1.1057688592030526,0.49829230078537734,constrained_1to1_gibbs,0.09606095611906096,0.28591367768490655,0.09457441051183882,1000,30000,0.5,results\constrained_1to1_gibbs_beta1_profile_1.csv,0.6576762801829036,0.9993676870609478,0.999861232865704,0.341907599477154,0.3416914068780443,39,1.260003773495555e-05,0.28291050117695704,0.14698429923737422,0.42989480041433126,0.4308778999838978,0.4301668004482053,4.899476641245807e-06,0.00021129997912794352,8.500006515532732e-06,5.069997860118747e-05,0.4309376999735832,4.810001701116562e-05,1.7132454176207301,0.07471794974791557,0.26457067131376116,0.07323140414069343
1.0,0.020243991765183024,28651,1000,1,datasets_sb01.npz,1.3315090985701472,1.3295459907559912,1.331509098570148,0.7478401626400447,constrained_1to1_gibbs,0.08867904695173315,0.274354226053965,0.08779036416462814,1000,30000,0.5,results\constrained_1to1_gibbs_beta1_profile_1.csv,0.6600748234107399,0.9992997773985888,0.9998238917629043,0.33946265341010173,0.33922495398784897,40,1.2899981811642647e-05,0.27761459979228675,0.142671401030384,0.42028600082267076,0.4212575000128709,0.4205805007950403,4.755713367679467e-06,0.0002400000230409205,8.200004231184721e-06,6.539997411891818e-05,0.4213316999957897,4.1599967516958714e-05,1.9151780345002498,0.06841481119478494,0.2540899902970168,0.06752612840767994
1.0,0.028164879942499003,28777,1000,1,datasets_sb01.npz,1.0855668470435642,1.082735166717435,1.0855668470435622,0.43156806166655737,constrained_1to1_gibbs,0.11133757061500424,0.2942403518186267,0.10233238678393103,1000,30000,0.5,results\constrained_1to1_gibbs_beta1_profile_1.csv,0.669664721543644,0.9993744292161787,0.999843762570556,0.3299160935417669,0.3297097076725347,41,1.3100041542202234e-05,0.28581980080343783,0.14072349929483607,0.4265433000982739,0.42748750001192093,0.42681030015228316,4.690783309827869e-06,0.00021959998412057757,7.800001185387373e-06,5.859998054802418e-05,0.42755429999670014,3.430002834647894e-05,1.739565632420571,0.08314452579256275,0.2660473069961852,0.07413934196148952
1.0,0.02052747025380842,28810,1000,1,datasets_sb01.npz,0.8782091056103731,0.8765068373386036,0.8782091056103716,0.27735253696220596,constrained_1to1_gibbs,0.0939787109765852,0.2837161039346874,0.09301819843430108,1000,30000,0.5,results\constrained_1to1_gibbs_beta1_profile_1.csv,0.6539144870762651,0.9993977176535607,0.9998718256253427,0.34569143442556544,0.3454832305772957,42,1.1100026313215494e-05,0.28163770103128627,0.1487979005323723,0.43043560156365857,0.43138829997042194,0.4306950015597977,4.9599300177457436e-06,0.0001990000018849969,8.000002708286047e-06,4.67000063508749e-05,0.4314435999840498,4.929996794089675e-05,1.4790656742585404,0.07343071325252297,0.26316810621062514,0.07247020071023885
1.0,0.017665342075170024,28681,1000,1,datasets_sb01.npz,0.7673386938179025,0.7689723884427139,0.7673386938179055,0.18364913868827737,constrained_1to1_gibbs,0.08868531256961157,0.2794141651894246,0.08934823939807765,1000,30000,0.5,results\constrained_1to1_gibbs_beta1_profile_1.csv,0.6480850368547316,0.9993910504968959,0.9998605416654603,0.35152007161510535,0.35130601364216424,43,1.2800039257854223e-05,0.2778801988461055,0.15062990097794682,0.4285100998240523,0.4294590000063181,0.42877119983313605,5.020996699264894e-06,0.0002109999768435955,6.499991286545992e-06,5.2799994591623545e-05,0.42951889999676496,3.7299992982298136e-05,1.3510282489475278,0.07100230515236637,0.26173115777217937,0.07166523198083247
1.0,0.0163143443162719,28664,1000,1,datasets_sb01.npz,1.2944776891575749,1.2885764344239368,1.2944776891575702,0.76707414727115,constrained_1to1_gibbs,0.07240589754121875,0.24508262519751936,0.0710609904354975,1000,30000,0.5,results\constrained_1to1_gibbs_beta1_profile_1.csv,0.6560009001035391,0.9994477380435858,0.9998805565607282,0.3436366153695463,0.34344683794004677,44,1.179997343569994e-05,0.29220949998125434,0.15298519982025027,0.4451946998015046,0.44618299999274313,0.44544069975381717,5.099506660675009e-06,0.00019180000526830554,8.800008799880743e-06,4.3899985030293465e-05,0.446236299991142,4.239997360855341e-05,1.8218812310439998,0.05607523888063058,0.2287519665369312,0.05473033177490933
1.0,0.024975273555038976,28771,1000,1,datasets_sb01.npz,1.3807743099501162,1.3801615267982033,1.3807743099501157,0.708261589176834,constrained_1to1_gibbs,0.11773046636867,0.32162579226214943,0.11717307551307381,1000,30000,0.5,results\constrained_1to1_gibbs_beta1_profile_1.csv,0.6477054588733989,0.9993501778330632,0.9998398596407605,0.3518733740780951,0.35164471895966437,45,1.360004534944892e-05,0.279785699385684,0.15189799974905327,0.43168369913473725,0.43267609999747947,0.43196439917664975,5.063266658301776e-06,0.0002232000115327537,8.100003469735384e-06,6.079999729990959e-05,0.4327454000012949,4.3899985030293465e-05,2.053287030723398,0.09273021754007599,0.2966255434335554,0.09217282668447979
1.0,0.015751536368491217,28766,1000,1,datasets_sb01.npz,1.0066433548170333,1.0046605850596415,1.0066433548170322,0.48099799921764697,constrained_1to1_gibbs,0.07192394831924337,0.24677036667386076,0.07155921936449813,1000,30000,0.5,results\constrained_1to1_gibbs_beta1_profile_1.csv,0.6493586328690605,0.9994240910403188,0.999847989747391,0.3502671801786055,0.35006545817125834,46,1.2300035450607538e-05,0.28143320028902963,0.1517189996666275,0.4331521999556571,0.4341151000116952,0.43340179993538186,5.057299988887583e-06,0.00019669998437166214,8.100003469735384e-06,5.7399971410632133e-05,0.4341810999903828,4.0599959902465343e-05,1.5322887104164196,0.05615666041438366,0.23100307876900106,0.055791931459638434
1.0,0.0171318313275743,28764,1000,1,datasets_sb01.npz,1.1788142713015812,1.1833536179343245,1.1788142713015843,0.6187793464709785,constrained_1to1_gibbs,0.08164283554509028,0.2623960970401933,0.08003700089628521,1000,30000,0.5,results\constrained_1to1_gibbs_beta1_profile_1.csv,0.649033283540747,0.9993397817369298,0.9998526843338116,0.35053792973929554,0.35030649819618287,47,1.2500036973506212e-05,0.2841039999620989,0.15334109956165776,0.43744509952375665,0.43844969995552674,0.4377340995706618,5.111369985388592e-06,0.00022990000434219837,7.90000194683671e-06,5.6200020480901e-05,0.4385142999817617,4.6600005589425564e-05,1.738849196132184,0.06449387238618841,0.2452471338812914,0.06288803773738333
1.0,0.025703384745036542,28768,1000,1,datasets_sb01.npz,1.1554815573411539,1.154396682472346,1.1554815573411548,0.5212146010156435,constrained_1to1_gibbs,0.10472057785465087,0.2961517690737142,0.10238411945479298,1000,30000,0.5,results\constrained_1to1_gibbs_beta1_profile_1.csv,0.6486202264493653,0.999326253144235,0.9998528586062091,0.35094247308266346,0.3507060266948696,48,1.4599994756281376e-05,0.28293929988285527,0.1529840014409274,0.43592330132378265,0.43693049997091293,0.4362172012915835,5.099466714697579e-06,0.00023880001390352845,8.300004992634058e-06,5.530001362785697e-05,0.43699479999486357,4.0499959141016006e-05,1.7897485136666642,0.0789914897248693,0.2704226809439326,0.0766550313250114
1.0,0.013340976552281301,28725,1000,1,datasets_sb01.npz,1.3004977126344333,1.2983552601055544,1.3004977126344368,0.8049952891939561,constrained_1to1_gibbs,0.06391156071308461,0.22828305367297297,0.06163402119277138,1000,30000,0.5,results\constrained_1to1_gibbs_beta1_profile_1.csv,0.6574298066244266,0.9994282306878195,0.9998527751103272,0.3421940801372252,0.3419984240633929,49,1.2299977242946625e-05,0.28929390013217926,0.15049219998763874,0.439786100119818,0.4407571000047028,0.4400377001729794,5.016406666254625e-06,0.00020420004148036242,8.199946023523808e-06,5.6100019719451666e-05,0.4408219999750145,3.5100034438073635e-05,1.7960001360749103,0.05055724318425103,0.21492873614413938,0.048279703663937794
1.0,0.02070209460677513,28813,1000,1,datasets_sb01.npz,0.6150841937096888,0.6205530167297377,0.6150841937096894,0.02741009456754151,constrained_1to1_gibbs,0.0899002620789604,0.27942618098274713,0.09071468256398806,1000,30000,0.5,results\constrained_1to1_gibbs_beta1_profile_1.csv,0.6597333352670587,0.9994414790231362,0.999816852878549,0.3398979839100851,0.33970814375607755,50,1.0899966582655907e-05,0.2786486002150923,0.1434810000937432,0.4221296003088355,0.4230793000315316,0.422365500300657,4.782700003124773e-06,0.0001849000109359622,8.200004231184721e-06,6.859999848529696e-05,0.42315679998137057,4.010001430287957e-05,1.202758292851836,0.0691774653775785,0.25870338428136525,0.06999188586260616
1.0,0.020840194722741262,28643,1000,1,datasets_sb01.npz,0.9933752991715585,0.9888576383122041,0.9933752991715601,0.4045692440623756,constrained_1to1_gibbs,0.09024692069274212,0.275038488555149,0.08850360597567711,1000,30000,0.5,results\constrained_1to1_gibbs_beta1_profile_1.csv,0.6641478780280565,0.9993647402025502,0.999859972620469,0.33542994733489623,0.33521686217449365,51,1.3400043826550245e-05,0.29451020021224394,0.14864880015375093,0.44315900036599487,0.4441367000108585,0.44344070041552186,4.954960005125031e-06,0.0002248000237159431,8.100003469735384e-06,5.360000068321824e-05,0.4441989000188187,4.349998198449612e-05,1.5821813542807415,0.06938588577527811,0.254177453637685,0.06764257105821311
1.0,0.022938305652975697,28709,1000,1,datasets_sb01.npz,1.3520158781884941,1.3495024014999362,1.3520158781884926,0.7892576765837079,constrained_1to1_gibbs,0.08243877381129042,0.2616883370502993,0.08255539720896096,1000,30000,0.5,results\constrained_1to1_gibbs_beta1_profile_1.csv,0.6862222887867596,0.9994543445161903,0.999869137060121,0.31340306583094407,0.31323205572943064,52,1.2400036212056875e-05,0.3083662003627978,0.1407563998363912,0.44912260019918904,0.4500302000087686,0.44936780020361766,4.6918799945463735e-06,0.0001878999755717814,8.200004231184721e-06,5.029997555539012e-05,0.45008909999160096,4.4899992644786835e-05,1.9147740797932804,0.059477529852661755,0.23872709309167064,0.0595941532503323
1.0,0.021980210458781582,28775,1000,1,datasets_sb01.npz,0.5483174387616278,0.5527930378454482,0.548317438761625,-0.025503622235041323,constrained_1to1_gibbs,0.08571184143152409,0.2645700165976544,0.08359147119558547,1000,30000,0.5,results\constrained_1to1_gibbs_beta1_profile_1.csv,0.6581643842056434,0.9993822916903973,0.9998529887577834,0.3414288108983837,0.34121790748475395,53,1.2800039257854223e-05,0.28065109957242385,0.14550039963796735,0.4261514992103912,0.4271154999732971,0.4264148992369883,4.850013321265578e-06,0.00020019995281472802,9.600014891475439e-06,5.269999383017421e-05,0.427178299985826,5.040003452450037e-05,1.1221384997582968,0.06370965076228373,0.24256782592841403,0.06158928052634511
1.0,0.017799938163390563,28723,1000,1,datasets_sb01.npz,1.069619539880622,1.06589352045136,1.0696195398806239,0.4964683058037693,constrained_1to1_gibbs,0.08551185368695838,0.2699789617197992,0.08434664473236328,1000,30000,0.5,results\constrained_1to1_gibbs_beta1_profile_1.csv,0.6508771123764795,0.9993454459550885,0.9998355714141802,0.3486965743317845,0.34846833357860885,54,1.3800046872347593e-05,0.28329960064729676,0.15167369978735223,0.434973300434649,0.4359839999815449,0.4352582004503347,5.055789992911741e-06,0.0002201999886892736,8.100003469735384e-06,6.290001329034567e-05,0.43605570000363514,5.089998012408614e-05,1.6427707739574748,0.06769411558540443,0.2521612236182452,0.06652890663080932
1.0,0.02459036990129642,28603,1000,1,datasets_sb01.npz,0.9665273487035859,0.9645860146854257,0.9665273487035853,0.31840489573550534,constrained_1to1_gibbs,0.10934577104366977,0.3036685592020349,0.10609393962598757,1000,30000,0.5,results\constrained_1to1_gibbs_beta1_profile_1.csv,0.6534559918263338,0.9993275479459032,0.999844867988942,0.3461042946634475,0.3458715561195693,55,1.6400008462369442e-05,0.28802699939114973,0.15245150052942336,0.4404784999205731,0.4414909000042826,0.44077489990741014,5.081716684314112e-06,0.00023849995341151953,8.000002708286047e-06,5.9999991208314896e-05,0.44155940000200644,4.150002496317029e-05,1.6146498016716664,0.08473081077247206,0.2790535989308372,0.08147897935478986
1.0,0.017691011127731315,28742,1000,1,datasets_sb01.npz,1.1025394476124042,1.098527795276397,1.102539447612409,0.5220863687919378,constrained_1to1_gibbs,0.0877045441254057,0.2729195636737619,0.08582603022924772,1000,30000,0.5,results\constrained_1to1_gibbs_beta1_profile_1.csv,0.6481030450539783,0.9994813358386925,0.9998749913122947,0.35156063268541465,0.3513782907847141,56,1.079996582120657e-05,0.28827390185324475,0.15629179909592494,0.4445657009491697,0.44551300001330674,0.4447964009013958,5.209726636530831e-06,0.00018620002083480358,6.89999433234334e-06,4.829996032640338e-05,0.44556869997177273,3.3699965570122004e-05,1.6829925264328707,0.06999584198654665,0.25521086153490286,0.06811732809038867
1.0,0.012989780401122928,28678,1000,1,datasets_sb01.npz,0.6936976945898967,0.6929443563005697,0.6936976945898946,0.1584274878492009,constrained_1to1_gibbs,0.07458199558106707,0.24998708311631132,0.07168532857721319,1000,30000,0.5,results\constrained_1to1_gibbs_beta1_profile_1.csv,0.6504322133595916,0.9994191006727313,0.9998707811188248,0.34918973139319526,0.3489868873131398,57,1.1500029359012842e-05,0.2793647985672578,0.14989210170460865,0.42925690027186647,0.43022219999693334,0.42950640025082976,4.996403390153621e-06,0.00019289995543658733,9.500014130026102e-06,4.549999721348286e-05,0.43027780001284555,4.509999416768551e-05,1.2289679013305925,0.06157922539954302,0.23698431293478728,0.058682558395689144
1.0,0.02194174573627477,28720,1000,1,datasets_sb01.npz,1.1532896985736876,1.1535919366986058,1.1532896985736896,0.5335572963534141,constrained_1to1_gibbs,0.09997611681635539,0.2879523875282681,0.09598762480594628,1000,30000,0.5,results\constrained_1to1_gibbs_beta1_profile_1.csv,0.652411095953916,0.9993324814285524,0.9998252030511466,0.34715311662712095,0.3469213854746364,58,1.4200049918144941e-05,0.26936260011279956,0.1432342996704392,0.41259689978323877,0.4135502999997698,0.412872499844525,4.774476655681307e-06,0.00022439996246248484,7.90000194683671e-06,6.379996193572879e-05,0.41362259996822104,3.700004890561104e-05,1.773022100793961,0.07801242933434435,0.265988700046257,0.07402393732393524
1.0,0.019245917212657445,28767,1000,1,datasets_sb01.npz,1.1989961584382804,1.197811545930091,1.1989961584382731,0.5759717067633295,constrained_1to1_gibbs,0.10104109417557092,0.29293485263259894,0.09762213164330276,1000,30000,0.5,results\constrained_1to1_gibbs_beta1_profile_1.csv,0.6493385914714596,0.9993619676326266,0.9998514813891144,0.35024684498483777,0.350023376161167,59,1.2199976481497288e-05,0.26969590090448037,0.1453784990007989,0.4150743999052793,0.4160476999823004,0.4153393998858519,4.845949966693297e-06,0.00020489998860284686,8.600007276982069e-06,5.2799994591623545e-05,0.4161094999872148,4.7900015488266945e-05,1.8220206101132312,0.08177593104570081,0.27366968950272885,0.07835696851343266
1.0,0.018740719965581902,28748,1000,1,datasets_sb01.npz,0.8225409560228093,0.8237483465954705,0.8225409560228056,0.3104548431606732,constrained_1to1_gibbs,0.06826118986522606,0.23397705728959597,0.0672153693582125,1000,30000,0.5,results\constrained_1to1_gibbs_beta1_profile_1.csv,0.6545174332025808,0.9991718069318692,0.9997971067680655,0.34494005068818906,0.3446543737292884,60,2.2099993657320738e-05,0.2907497995183803,0.15310240030521527,0.4438521998235956,0.4449715999653563,0.44422009983099997,5.103413343507175e-06,0.0002982000005431473,9.700015652924776e-06,7.98000255599618e-05,0.44506190001266077,4.7600013203918934e-05,1.3346270688849455,0.04950172917967858,0.2152175966040485,0.04845590867266502
1.0,0.02229144872077394,28651,1000,1,datasets_sb01.npz,0.7695892156912651,0.7707326943406533,0.7695892156912585,0.1876596175085018,constrained_1to1_gibbs,0.088151306029038,0.2724778400845924,0.08777863853063136,1000,30000,0.5,results\constrained_1to1_gibbs_beta1_profile_1.csv,0.6443496327575595,0.9993854693181838,0.9998455520447094,0.35525415113634023,0.3550358365606244,61,1.3899989426136017e-05,0.30899979948299006,0.17025850055506453,0.4792583000380546,0.48034679994452745,0.47955300007015467,5.6752833518354845e-06,0.00023310002870857716,9.600014891475439e-06,6.400002166628838e-05,0.4804209999856539,4.770001396536827e-05,1.3515188138740286,0.0658375658595433,0.2501640999150977,0.06546489836113666
1.0,0.018833008031505057,28747,1000,1,datasets_sb01.npz,1.1852539887012974,1.183891180458715,1.1852539887012983,0.6464691583552643,constrained_1to1_gibbs,0.07556463281211048,0.25230724405742255,0.07590690508516548,1000,30000,0.5,results\constrained_1to1_gibbs_beta1_profile_1.csv,0.6455869887534997,0.9993410207193453,0.9998431395268224,0.3539873022636521,0.3537540319658455,62,1.550000160932541e-05,0.30360200081486255,0.1663608991075307,0.46996289992239326,0.47104530001524836,0.4702727999538183,5.545363303584357e-06,0.00024500000290572643,1.0700023267418146e-05,6.260001100599766e-05,0.4711191999958828,4.9400026910007e-05,1.7240388190473306,0.05671279177257392,0.233455403017886,0.05705506404562893
1.0,0.016077248649454312,28602,1000,1,datasets_sb01.npz,0.7968516817360581,0.7966081116279974,0.7968516817360626,0.16458899620609313,constrained_1to1_gibbs,0.10405979370927827,0.302993296002445,0.1020494703037673,1000,30000,0.5,results\constrained_1to1_gibbs_beta1_profile_1.csv,0.650967920647846,0.9992766833160263,0.9998248376028456,0.3485608825699236,0.34830876266818017,63,1.4399993233382702e-05,0.2711629007826559,0.14508919941727072,0.41625210019992664,0.4172540999716148,0.4165534002240747,4.836306647242357e-06,0.00023639999562874436,8.700008038431406e-06,6.400002166628838e-05,0.4173272000043653,5.050003528594971e-05,1.4291143672660231,0.08796646781117451,0.28689997010434126,0.08595614440566354
1.0,0.01649613545172111,28750,1000,1,datasets_sb01.npz,0.7102080076696122,0.713461318059035,0.7102080076696112,0.1577623144639434,constrained_1to1_gibbs,0.07944508640709391,0.2575643143036171,0.0772872889367343,1000,30000,0.5,results\constrained_1to1_gibbs_beta1_profile_1.csv,0.6500460524538036,0.9993496977062034,0.999848406562802,0.34953094602835494,0.3493036452523998,64,1.3000040780752897e-05,0.283788199943956,0.1524941999814473,0.4362823999254033,0.4372876000124961,0.43656629999168217,5.083139999381577e-06,0.00023140001576393843,8.000002708286047e-06,5.779997445642948e-05,0.4373538999934681,3.950000973418355e-05,1.2626537008752812,0.06293245481992107,0.24105168271644425,0.060774657349561466
1.0,0.023675246849839567,28622,1000,1,datasets_sb01.npz,0.8948823797323112,0.8942115251152496,0.8948823797323069,0.2667780610543743,constrained_1to1_gibbs,0.10269550060960937,0.3006182218632371,0.10391086940519942,1000,30000,0.5,results\constrained_1to1_gibbs_beta1_profile_1.csv,0.6583553165662792,0.9993905129836923,0.9998623918223251,0.3412431797048468,0.34103519641741314,65,1.3299984857439995e-05,0.29132440051762387,0.1509092000196688,0.44223360053729266,0.4432266000076197,0.4425033005536534,5.030306667322293e-06,0.0002180000301450491,7.599999662488699e-06,5.2799994591623545e-05,0.4432876000064425,3.840000135824084e-05,1.5229866984102483,0.07899657851291997,0.2769192997665477,0.08021194730851001
1.0,0.023299358978933305,28747,1000,1,datasets_sb01.npz,1.1857777402758112,1.1807648862692917,1.1857777402758096,0.5864600595413705,constrained_1to1_gibbs,0.09349793899440573,0.27878559273019893,0.09168753219970391,1000,30000,0.5,results\constrained_1to1_gibbs_beta1_profile_1.csv,0.6499736738785642,0.9993610901306199,0.9998620422276389,0.34961078603369444,0.34938741625205577,66,1.3499986380338669e-05,0.28688330022851005,0.15421149972826242,0.4410947999567725,0.4421036999556236,0.44137679995037615,5.1403833242754145e-06,0.00021680002100765705,9.300012607127428e-06,5.110003985464573e-05,0.44216470001265407,5.169998621568084e-05,1.7850954210102519,0.07017528065649349,0.2554629343922867,0.06836487386179167
1.0,0.02356868254765385,28699,1000,1,datasets_sb01.npz,1.2109307573033548,1.2171343584591847,1.2109307573033512,0.5167570749744109,constrained_1to1_gibbs,0.1254365632127565,0.33317598813858157,0.12371946300089667,1000,30000,0.5,results\constrained_1to1_gibbs_beta1_profile_1.csv,0.6505169435941949,0.9992920209724084,0.9998314356000224,0.34902217776023214,0.34877507737821356,67,1.6400008462369442e-05,0.28006139973877,0.15015509945806116,0.43021649919683114,0.4312162999995053,0.43052129924762994,5.005169981935372e-06,0.00024290004512295127,8.299946784973145e-06,6.370001938194036e-05,0.43128899997100234,4.549999721348286e-05,1.9051044396322987,0.10184431198255502,0.3095837369083801,0.10012721177069517
1.0,0.019541281522246007,28771,1000,1,datasets_sb01.npz,1.0478802997312786,1.0508705839953838,1.04788029973128,0.48867191314074754,constrained_1to1_gibbs,0.08140202510234926,0.26176452953154444,0.08092957317054814,1000,30000,0.5,results\constrained_1to1_gibbs_beta1_profile_1.csv,0.648442226835578,0.9993798491726086,0.9998514342200505,0.3511553916437014,0.35093762233703063,68,1.2500036973506212e-05,0.28712729981634766,0.15539359982358292,0.4425208996399306,0.44350890000350773,0.44279549963539466,5.179786660786098e-06,0.0002231999533250928,8.200004231184721e-06,5.720002809539437e-05,0.44357480003964156,3.890000516548753e-05,1.6070886863218097,0.061841202298581,0.2422037067277762,0.06136875036677988
1.0,0.01971444231018599,28792,1000,1,datasets_sb01.npz,1.0852233847280335,1.0830461903532593,1.085223384728029,0.5331057118829963,constrained_1to1_gibbs,0.07935077172735827,0.2573140349156652,0.07876909565414927,1000,30000,0.5,results\constrained_1to1_gibbs_beta1_profile_1.csv,0.6527640979648756,0.9993900253177582,0.9998556210219545,0.3468374894402935,0.3466259273528826,69,1.2299977242946625e-05,0.28251949994591996,0.15002139972057194,0.4325408996664919,0.43351820000680164,0.4328048996976577,5.000713324019065e-06,0.0002107000327669084,9.800016414374113e-06,5.230004899203777e-05,0.43358079995959997,4.1000021155923605e-05,1.6373410575730707,0.0596166149748621,0.237579878163169,0.059034938901653095
1.0,0.021909537947034416,28613,1000,1,datasets_sb01.npz,1.110099616098621,1.107458048807871,1.1100996160986245,0.49751683447761386,constrained_1to1_gibbs,0.09768264898441546,0.2891929285189481,0.09673553180846158,1000,30000,0.5,results\constrained_1to1_gibbs_beta1_profile_1.csv,0.6518147944716696,0.9992968881768102,0.9998307591221882,0.3477265843778541,0.3474820937051406,70,1.379998866468668e-05,0.285251101187896,0.1520671987091191,0.4373182998970151,0.4383543999865651,0.43762599991168827,5.068906623637304e-06,0.0002474000211805105,9.400013368576765e-06,6.400002166628838e-05,0.4384286000276916,4.650000482797623e-05,1.7226823977196282,0.07575120149943401,0.2672614810339667,0.07480408432348012
1.0,0.016347988642059618,28830,1000,1,datasets_sb01.npz,0.8226937498772626,0.8220389929208582,0.8226937498772654,0.26261148790801836,constrained_1to1_gibbs,0.08165663790415068,0.2577404325149651,0.0773357979198632,1000,30000,0.5,results\constrained_1to1_gibbs_beta1_profile_1.csv,0.658189645473084,0.9993344792660718,0.9998395981437714,0.34137202395291144,0.34114483379298777,71,1.4199991710484028e-05,0.2949151007924229,0.1528568000649102,0.4477719008573331,0.44880040001589805,0.4480701007996686,5.09522666883034e-06,0.00024159997701644897,7.800001185387373e-06,6.389996269717813e-05,0.44887239998206496,4.239997360855341e-05,1.382776011846507,0.065292301273449,0.2413760958842634,0.060971461289161526
1.0,0.022056624818914107,28644,1000,1,datasets_sb01.npz,1.160461344693357,1.157966946913165,1.160461344693359,0.5728004871440247,constrained_1to1_gibbs,0.08989621082247415,0.27087968678763014,0.08699460755895153,1000,30000,0.5,results\constrained_1to1_gibbs_beta1_profile_1.csv,0.647485730948987,0.9994212581350741,0.999863734080806,0.3521393249557258,0.35193552718608717,72,1.2000033166259527e-05,0.285065499949269,0.15494500065688044,0.44001050060614944,0.4409888000227511,0.4402653005672619,5.164833355229348e-06,0.00020079995738342404,8.599949069321156e-06,5.089998012408614e-05,0.4410488999565132,4.199997056275606e-05,1.7481222022426892,0.06781752937874112,0.2488010053438971,0.0649159261152185
1.0,0.016411573486246233,28626,1000,1,datasets_sb01.npz,0.6580731617902461,0.6584306021100803,0.6580731617902463,0.12895379728443057,constrained_1to1_gibbs,0.07287778579108656,0.24325228520893563,0.07029049202035303,1000,30000,0.5,results\constrained_1to1_gibbs_beta1_profile_1.csv,0.650947482176681,0.9992776508076638,0.9998487190772084,0.3485819665329709,0.3483301686309829,73,1.3999990187585354e-05,0.2869272994576022,0.15353839955059811,0.4404656990082003,0.4414960999856703,0.4407840990461409,5.117946651686604e-06,0.00026530004106462,8.200004231184721e-06,5.800003418698907e-05,0.44156290002865717,3.91000066883862e-05,1.1871925262960616,0.05644980073135408,0.22682430014920316,0.05386250696062055
1.0,0.015606157064085068,28636,1000,1,datasets_sb01.npz,1.1239714113566301,1.1247226372730088,1.1239714113566344,0.5539736414689229,constrained_1to1_gibbs,0.08457347398921274,0.2711714478486159,0.08392479929206635,1000,30000,0.5,results\constrained_1to1_gibbs_beta1_profile_1.csv,0.6503677974015591,0.9993385967292955,0.999832456259973,0.3492017625156,0.34897079932773634,74,1.4499993994832039e-05,0.2711982983164489,0.14551810116972774,0.41671639948617667,0.4177313999971375,0.41699219949077815,4.850603372324258e-06,0.00022149999858811498,7.90000194683671e-06,6.170000415295362e-05,0.4178014000062831,3.980001201853156e-05,1.6939691812443374,0.06895171076806358,0.25554968462746674,0.0683030360709172
1.0,0.021129318220294697,28725,1000,1,datasets_sb01.npz,0.8650545386387989,0.8596890581878407,0.8650545386387967,0.2195656700027565,constrained_1to1_gibbs,0.10845894406836681,0.3039818184771562,0.1048037536881222,1000,30000,0.5,results\constrained_1to1_gibbs_beta1_profile_1.csv,0.6851297739239052,0.9993654826765263,0.9998584707610754,0.31443522334894636,0.3142357087526211,75,1.379998866468668e-05,0.304493801377248,0.1396564988535829,0.4441503002308309,0.4450747999944724,0.4444323002244346,4.655216628452763e-06,0.00022899999748915434,7.299997378140688e-06,5.530001362785697e-05,0.4451378000085242,3.920000744983554e-05,1.5105434072748412,0.08730849652985183,0.28283137093864125,0.08365330614960721
1.0,0.018318441975415437,28675,1000,1,datasets_sb01.npz,1.035913330896003,1.0343201666779627,1.0359133308960031,0.43546885662333146,constrained_1to1_gibbs,0.09384984555512932,0.2823320064148014,0.09116036389738835,1000,30000,0.5,results\constrained_1to1_gibbs_beta1_profile_1.csv,0.6745046011584007,0.9994666257971585,0.9998830159233727,0.3251354434967484,0.32496202463875784,76,1.1399970389902592e-05,0.30792989942710847,0.14835410076193511,0.4562840001890436,0.4572732000378892,0.45652750018052757,4.945136692064504e-06,0.00019270001212134957,8.100003469735384e-06,4.509999416768551e-05,0.4573266999796033,3.940000897273421e-05,1.6363578051686742,0.07551308513773847,0.26399524599741053,0.0728236034799975
1.0,0.02469104826029932,28761,1000,1,datasets_sb01.npz,0.9182244821175746,0.9224813024904379,0.9182244821175698,0.2884294964689438,constrained_1to1_gibbs,0.1032490951551851,0.2969395208013779,0.102191186344405,1000,30000,0.5,results\constrained_1to1_gibbs_beta1_profile_1.csv,0.6525963506173026,0.9994014316885259,0.9998586640688312,0.34701279193215,0.3468050810712232,77,1.290004001930356e-05,0.29360760090639815,0.1560299988486804,0.44963759975507855,0.4506357000209391,0.4499068997683935,5.20099996162268e-06,0.0002095999661833048,9.300012607127428e-06,5.400000372901559e-05,0.45069940004032105,4.680000711232424e-05,1.5480194677662054,0.07853335584662548,0.2722237814928183,0.07747544703584537
1.0,0.013883112181283878,28725,1000,1,datasets_sb01.npz,0.6570613894122928,0.6625160488322326,0.657061389412291,0.13015084413679512,constrained_1to1_gibbs,0.07227059629386773,0.24636209026399988,0.07035586470608711,1000,30000,0.5,results\constrained_1to1_gibbs_beta1_profile_1.csv,0.647121467616147,0.9993621754969841,0.9998435517063748,0.35246551902533974,0.35224070788083717,78,1.3300043065100908e-05,0.29108190134866163,0.1584414984099567,0.4495233997586183,0.45055770000908524,0.449810299789533,5.28138328033189e-06,0.00022639997769147158,9.000010322779417e-06,6.089999806135893e-05,0.4506282000220381,4.7200010158121586e-05,1.1839719346877904,0.058373601000402564,0.23246509497053472,0.056458869412621945
1.0,0.015780556552949868,28703,1000,0,datasets_sb01.npz,1.5550004178544223,1.5544197907181028,1.555000417854415,1.0105415524248569,constrained_1to1_gibbs,0.07716458146211208,0.25423672694166044,0.07530551390235157,1000,30000,0.5,results\constrained_1to1_gibbs_beta1_profile_1.csv,0.6472859778859322,0.9993239499703279,0.9998479189175105,0.35227612837143396,0.3520379720843957,79,1.4699995517730713e-05,0.29527839965885505,0.16059240052709356,0.4558708001859486,0.45692359999520704,0.45617920014774427,5.353080017569785e-06,0.0002478999667800963,7.90000194683671e-06,6.10999995842576e-05,0.4569931000005454,4.579999949783087e-05,2.099459283283988,0.061368244352609264,0.23844038983215765,0.05950917679284875
1.0,0.02169399940837246,28702,1000,1,datasets_sb01.npz,1.2183900037896387,1.2191971859454958,1.2183900037896402,0.5618614474495803,constrained_1to1_gibbs,0.11220057926123522,0.3101469175280477,0.10865879230009326,1000,30000,0.5,results\constrained_1to1_gibbs_beta1_profile_1.csv,0.6488650729866452,0.9993724696242047,0.9998460737393052,0.35072748879040194,0.3505073966375596,80,1.4100049156695604e-05,0.2928282000939362,0.1581814992823638,0.4510096993763,0.45209500001510605,0.45129289937904105,5.27271664274546e-06,0.00022419996093958616,9.200011845678091e-06,5.949998740106821e-05,0.45216460002120584,4.4899992644786835e-05,1.874918560129697,0.09048488585345439,0.28843122412026684,0.08694309889231243
1.0,0.024821690288929076,28663,1000,1,datasets_sb01.npz,1.2907949393502471,1.2925950838159928,1.2907949393502482,0.6291938347140257,constrained_1to1_gibbs,0.11394107185960756,0.3137207051063933,0.11217231298571022,1000,30000,0.5,results\constrained_1to1_gibbs_beta1_profile_1.csv,0.6599544543034991,0.9993368170537862,0.9998439691541825,0.3396075847088709,0.3393823627502871,81,1.479999627918005e-05,0.29555420082760975,0.15198909916216508,0.4475432999897748,0.44855930004268885,0.44784030003938824,5.066303305405502e-06,0.0002454000059515238,8.100003469735384e-06,6.130000110715628e-05,0.44862930005183443,3.6800047382712364e-05,1.9523960439864685,0.08909455988038956,0.2888741931271753,0.08732580100649222
1.0,0.019414604003129707,28728,1000,1,datasets_sb01.npz,0.9723235775454442,0.969416694406666,0.9723235775454497,0.38835428918012527,constrained_1to1_gibbs,0.08877033781598734,0.2729206669611016,0.08672469491116103,1000,30000,0.5,results\constrained_1to1_gibbs_beta1_profile_1.csv,0.6571125466335652,0.9994054505271098,0.9998611470100265,0.3424965350279121,0.34229290389354455,82,1.2200034689158201e-05,0.2904537996510044,0.15129870071541518,0.44175250036641955,0.44285300001502037,0.4420153003302403,5.043290023847172e-06,0.00020179996499791741,1.1199968867003918e-05,4.970002919435501e-05,0.4429145000176504,4.8799964133650064e-05,1.556292865910763,0.0693363192088545,0.2534866483539688,0.06729067630402819
1.0,0.016324289456530028,28761,1000,1,datasets_sb01.npz,1.1857323023448252,1.1822654508701027,1.1857323023448272,0.6186291636077622,constrained_1to1_gibbs,0.08371667273152555,0.2675719849986429,0.0822969167559803,1000,30000,0.5,results\constrained_1to1_gibbs_beta1_profile_1.csv,0.6474553563469715,0.9993149678583848,0.9998298884769539,0.35210081188464315,0.3518596115114134,83,1.4099990949034691e-05,0.2910103992326185,0.1581496006110683,0.4491599998436868,0.45021590002579615,0.44946789980167523,5.271653353702277e-06,0.0002476999652571976,9.09995287656784e-06,6.719998782500625e-05,0.45029249996878207,4.610000178217888e-05,1.752835441081888,0.067376058985539,0.2512313712526563,0.06595630300999375
1.0,0.021960277525305626,28817,1000,1,datasets_sb01.npz,0.9511412789822505,0.9551303728567742,0.9511412789822498,0.31562096153539887,constrained_1to1_gibbs,0.10513485888373258,0.2947531936630079,0.09987703103065337,1000,30000,0.5,results\constrained_1to1_gibbs_beta1_profile_1.csv,0.6460236681829735,0.9993741733606953,0.9998505414254095,0.3535717798164373,0.35335050517772176,84,1.2500036973506212e-05,0.2808813998126425,0.1536314989789389,0.4345128987915814,0.43550730001879856,0.4347849988262169,5.12104996596463e-06,0.00021659996127709746,9.200011845678091e-06,5.540001438930631e-05,0.4355724000488408,4.3000036384910345e-05,1.5866615964291022,0.08315262108090166,0.27277095586017697,0.07789479322782245
1.0,0.020061178089702016,28661,1000,1,datasets_sb01.npz,1.0830048644764698,1.0829933897035635,1.0830048644764698,0.47792542622118417,constrained_1to1_gibbs,0.09530433324639004,0.27762212925299234,0.08945897870916289,1000,30000,0.5,results\constrained_1to1_gibbs_beta1_profile_1.csv,0.6490276482897664,0.9993399849772184,0.9998426060395266,0.35054370079611885,0.35031233668745193,85,1.3199984095990658e-05,0.29018740094034,0.1566284992150031,0.4468159001553431,0.4478501999983564,0.44711100013228133,5.2209499738334366e-06,0.00023750000400468707,1.0499963536858559e-05,5.9500045608729124e-05,0.44792070001130924,4.439998883754015e-05,1.6880843027317556,0.07522309397859832,0.25754088998520064,0.06937773944137117
1.0,0.02093019665396159,28673,1000,1,datasets_sb01.npz,1.0601424265380484,1.0614059331614967,1.0601424265380508,0.47526393601154593,constrained_1to1_gibbs,0.08904697227211578,0.26856917249103696,0.08504225744894033,1000,30000,0.5,results\constrained_1to1_gibbs_beta1_profile_1.csv,0.6573206052925263,0.9993480424061796,0.9998414597367095,0.34225056997173564,0.3420274371136532,86,1.279998105019331e-05,0.29591429920401424,0.1539748009527102,0.44988910015672445,0.45091780001530424,0.4501826001214795,5.13249336509034e-06,0.00022829999215900898,1.079996582120657e-05,6.019999273121357e-05,0.4509892999776639,5.23999915458262e-05,1.6450209170645507,0.06809584542150023,0.2476180456404214,0.06409113059832477
1.0,0.018762859991570895,28713,1000,1,datasets_sb01.npz,1.0229539514769077,1.0236106757920844,1.0229539514769084,0.39170752592343516,constrained_1to1_gibbs,0.10372554398532793,0.30055102905070413,0.10174343697007815,1000,30000,0.5,results\constrained_1to1_gibbs_beta1_profile_1.csv,0.6467429135548947,0.9993879022021995,0.9998544454588216,0.3528609740724644,0.3526449886473049,87,1.2899981811642647e-05,0.28697269986150786,0.15647559851640835,0.4434482983779162,0.44444240001030266,0.4437198983505368,5.2158532838802785e-06,0.00020969996694475412,8.300004992634058e-06,5.590001819655299e-05,0.4445071000372991,4.900002386420965e-05,1.6542003770303801,0.08494392113376548,0.28176940619914165,0.08296181411851569
1.0,0.015319147896011144,28755,1000,1,datasets_sb01.npz,1.1477963220931593,1.1529166602290837,1.147796322093159,0.5216832656270983,constrained_1to1_gibbs,0.10204538720253872,0.30537302923667564,0.10309368116668147,1000,30000,0.5,results\constrained_1to1_gibbs_beta1_profile_1.csv,0.6479077287667692,0.9993774492593576,0.9998470448806938,0.35168866453116787,0.35146972049258846,88,1.1899974197149277e-05,0.2832868993282318,0.1536743009928614,0.4369612003210932,0.4379699000273831,0.4372334002982825,5.122476699762047e-06,0.00021520000882446766,9.7999582067132e-06,5.6500022765249014e-05,0.4380369000136852,4.509999416768551e-05,1.7739093785592202,0.08671092015863158,0.29003856219276847,0.08775921412277432
1.0,0.02021002600931961,28827,1000,1,datasets_sb01.npz,0.6187714828817474,0.6164761643862435,0.6187714828817503,0.036967787459839974,constrained_1to1_gibbs,0.08811316639071942,0.27129475866241737,0.08622564934825439,1000,30000,0.5,results\constrained_1to1_gibbs_beta1_profile_1.csv,0.6478378601188319,0.9992968273179423,0.9998342260744315,0.35170627744551836,0.35145896719911046,89,1.599994720891118e-05,0.27657629922032356,0.15004560007946566,0.4266218992997892,0.42762009997386485,0.4269220992573537,5.001520002648855e-06,0.0002442999975755811,7.90000194683671e-06,6.250001024454832e-05,0.4276909999898635,3.99000127799809e-05,1.200575178303655,0.0678829303553905,0.25106452262708845,0.06599541331292545
1.0,0.018006064686303055,28648,1000,1,datasets_sb01.npz,1.2965925718880875,1.2950092927225474,1.2965925718880844,0.7238331201657745,constrained_1to1_gibbs,0.08539498894659639,0.27255437730806586,0.08576493940023185,1000,30000,0.5,results\constrained_1to1_gibbs_beta1_profile_1.csv,0.645243948367579,0.9993732774698517,0.9998536848304513,0.3543514091139542,0.3541293291022727,90,1.3100041542202234e-05,0.29053980082971975,0.15945700072916225,0.449996801558882,0.45101530000101775,0.4502790015540086,5.315233357638742e-06,0.0002223999472334981,9.200011845678091e-06,5.6100019719451666e-05,0.451081300037913,4.67000063508749e-05,1.8693520236104004,0.06737091819560703,0.25453030655707654,0.06774086864924249
1.0,0.01382136708983198,28730,1000,1,datasets_sb01.npz,1.0878936162951083,1.0851634323810613,1.0878936162951052,0.5595582836201447,constrained_1to1_gibbs,0.07266196994813734,0.25101702832283723,0.07261782928059987,1000,30000,0.5,results\constrained_1to1_gibbs_beta1_profile_1.csv,0.6529378446793174,0.9993668235448513,0.9998461357969642,0.3466484685140103,0.34642897886553387,91,1.2899981811642647e-05,0.2982259001582861,0.15822960011428222,0.4564555002725683,0.4574760000105016,0.4567447002627887,5.274320003809407e-06,0.00023720000172033906,7.800001185387373e-06,6.210000719875097e-05,0.457546400022693,3.91000066883862e-05,1.6162289489700719,0.05882678149121553,0.23718183986591543,0.05878264082367806
1.0,0.01755656363094332,28644,1000,1,datasets_sb01.npz,0.7811734261410368,0.7835481965751951,0.781173426141035,0.22599162719018573,constrained_1to1_gibbs,0.0802339727942272,0.2560327249175462,0.07707009938341708,1000,30000,0.5,results\constrained_1to1_gibbs_beta1_profile_1.csv,0.6518441862975252,0.9994139836301089,0.9998688023717852,0.34777359835423527,0.34756979733258375,92,1.2899981811642647e-05,0.2951014004647732,0.15735099907033145,0.45245239953510463,0.45345470000756904,0.4527176995179616,5.245033302344382e-06,0.0002117999829351902,7.800001185387373e-06,5.129998316988349e-05,0.4535141999949701,4.060001811012626e-05,1.336355225091888,0.06265985259965294,0.23845860472297192,0.05949597918884282
1.0,0.022633377912959853,28712,1000,1,datasets_sb01.npz,1.4298050510679228,1.428211499055788,1.4298050510679219,0.8182640373585953,constrained_1to1_gibbs,0.09735069019383377,0.284754994445298,0.0946420746015022,1000,30000,0.5,results\constrained_1to1_gibbs_beta1_profile_1.csv,0.6490183135976973,0.99940543426389,0.9998614705761828,0.35059557278100006,0.3503871206661926,93,1.2500036973506212e-05,0.28948799887439236,0.1562866012682207,0.44577460014261305,0.4467742000124417,0.44603980012470856,5.2095533756073565e-06,0.00021049997303634882,9.599956683814526e-06,5.1799986977130175e-05,0.4468360999599099,4.2199972085654736e-05,2.04134606477725,0.07469467890296096,0.2620989831544252,0.07198606331062939
1.0,0.020450788672310292,28797,1000,1,datasets_sb01.npz,0.844172481000119,0.84047374696975,0.8441724810001212,0.20892480097749422,constrained_1to1_gibbs,0.10504467278585149,0.30320411958872334,0.10405012975678159,1000,30000,0.5,results\constrained_1to1_gibbs_beta1_profile_1.csv,0.6476709857731117,0.9993631091653418,0.9998395977050156,0.35191625563000817,0.3516921233922302,94,1.2999982573091984e-05,0.2865697992965579,0.15561040007742122,0.4421801993739791,0.4431895000161603,0.4424619993660599,5.18701333591404e-06,0.00022360001457855105,9.100011084228754e-06,6.120000034570694e-05,0.44326060003368184,4.5199994929134846e-05,1.4794201610227438,0.08457343332486889,0.2827328801277407,0.08357889029579899
1.0,0.01568559595058828,28571,1000,0,datasets_sb01.npz,1.5536834025603772,1.5510967113375793,1.5536834025603803,1.012929404781596,constrained_1to1_gibbs,0.07611799409457881,0.250381793659376,0.07328511850037904,1000,30000,0.5,results\constrained_1to1_gibbs_beta1_profile_1.csv,0.6472132656973744,0.9993506397718221,0.999847657078362,0.3523661866618207,0.3521373740744478,95,1.3899989426136017e-05,0.28963919781381264,0.1575876020360738,0.44722679984988645,0.4482626999961212,0.4475173998507671,5.252920067869127e-06,0.00023230002261698246,8.800008799880743e-06,5.9100042562931776e-05,0.44833100005052984,4.439998883754015e-05,2.0944374003391584,0.06041671254803995,0.23468051211283714,0.05758383695384018
1.0,0.019479923749542976,28794,1000,1,datasets_sb01.npz,0.9710198275117672,0.9668952472917322,0.9710198275117722,0.38083961858924265,constrained_1to1_gibbs,0.0906686482204901,0.27624189616354416,0.08840612204904395,1000,30000,0.5,results\constrained_1to1_gibbs_beta1_profile_1.csv,0.6547091047640892,0.9993669796993979,0.9998546358128275,0.34487618856386393,0.34465787493530875,96,1.3599987141788006e-05,0.2994189011515118,0.1576227998593822,0.45704170101089403,0.4580932999961078,0.4573312009451911,5.254093328646074e-06,0.00023959996178746223,8.100003469735384e-06,5.800003418698907e-05,0.4581599000375718,3.6299985367804766e-05,1.5612000364342917,0.07116924454719759,0.25674249249025166,0.06890671837575144
1.0,0.026888316940114676,28767,1000,1,datasets_sb01.npz,1.3495187577465668,1.3472347349294722,1.3495187577465648,0.6776860972167557,constrained_1to1_gibbs,0.11749248327638602,0.31555980509607995,0.11401373885670782,1000,30000,0.5,results\constrained_1to1_gibbs_beta1_profile_1.csv,0.6610723665146728,0.9994270384154993,0.999861942524617,0.33854864727019696,0.3383546719008264,97,1.190003240481019e-05,0.2877531002741307,0.1472797998576425,0.4350329001317732,0.4359896000241861,0.4352823001681827,4.909326661921417e-06,0.00019370001973584294,9.299954399466515e-06,5.019997479394078e-05,0.4360497999587096,4.379998426884413e-05,2.021351418276378,0.09057727801933123,0.2886445998390252,0.08709853359965303
1.0,0.02151493697444652,28720,1000,1,datasets_sb01.npz,1.5107512052371659,1.5098418753138372,1.5107512052371603,0.9180271968425964,constrained_1to1_gibbs,0.09145193412310643,0.27600455612865116,0.08934647698629841,1000,30000,0.5,results\constrained_1to1_gibbs_beta1_profile_1.csv,0.6554979847357472,0.9993826573313916,0.9998448600670959,0.3440970984166413,0.3438846725956444,98,1.3400043826550245e-05,0.2876432001357898,0.1509021995589137,0.4385453996947035,0.43953490001149476,0.43881629972020164,5.030073318630457e-06,0.00021919998107478023,8.300004992634058e-06,5.9299985878169537e-05,0.43960310000693426,3.8300000596791506e-05,2.1034752136317354,0.06991548221168546,0.2544681042172302,0.06781002507487745
1.0,0.01805053346574011,28665,1000,1,datasets_sb01.npz,0.817687019560424,0.8175995458684324,0.8176870195604266,0.2698678489159436,constrained_1to1_gibbs,0.07812001346459974,0.25634036231551494,0.07748655638401244,1000,30000,0.5,results\constrained_1to1_gibbs_beta1_profile_1.csv,0.6482083211213724,0.9993691667729555,0.9998515379845555,0.3513825094139237,0.3511608456515831,99,1.2199976481497288e-05,0.2797998999594711,0.1515790005796589,0.43137890053913,0.4323697999934666,0.43165120045887306,5.0526333526552964e-06,0.00021329999435693026,9.200011845678091e-06,5.4500007536262274e-05,0.4324340000166558,4.6799948904663324e-05,1.3655061902049044,0.060051429465393893,0.23827177831630908,0.05941797238480659
1.0,0.021142763202275386,28752,1000,1,datasets_sb01.npz,1.1197087653160975,1.11873261060982,1.1197087653160966,0.5005724465561113,constrained_1to1_gibbs,0.09978388723648149,0.29699929865893143,0.10080052675311199,1000,30000,0.5,results\constrained_1to1_gibbs_beta1_profile_1.csv,0.6509008727041571,0.9993471319704761,0.9998272201434953,0.3486738973066,0.34844625926631895,100,1.4399993233382702e-05,0.2884283011080697,0.15440409869188443,0.44283239979995415,0.44384080002782866,0.44312169979093596,5.146803289729481e-06,0.0002345999819226563,8.100003469735384e-06,6.78999931551516e-05,0.4439175000297837,4.0300015825778246e-05,1.7388450840760838,0.07861998127100384,0.27583539269345375,0.07963662078763432
