beta,bwVar,covers_true,dataset_file,est,est_med,estdiff,ll,method,miVar,miVarpaired,n_mcmc,n_sampling_draws,pstar,result_file,share_estimation_in_method,share_mcmc_in_method,share_method_in_sim,share_sampling_in_mcmc,share_sampling_in_method,sim,time_allocation,time_mcmc_estimation,time_mcmc_sampling,time_mcmc_total,time_method_call,time_method_total,time_per_sampling_draw,time_setup,time_sim_post,time_sim_prep,time_sim_total,time_summary,ul,wiVar,wiVarpaired
1.0,0.024978537051989158,1,datasets_sb01.npz,0.8763279910864594,0.8821930607230604,0.8763279910864555,0.30161096758183126,unconstrained_1to1,0.08597971082518203,0.08549179376037187,1000,30000,0.5,results\unconstrained_1to1_beta1_profile_2.csv,0.8723329165496752,0.9971320591646781,0.9973084210018835,0.12515808860819325,0.12479914261500297,1,5.200039595365524e-06,0.07887049776036292,0.01128350233193487,0.09015400009229779,0.09100199991371483,0.09041330008767545,3.76116744397829e-07,0.0002101999707520008,2.4400069378316402e-05,0.0002194000408053398,0.09124760003760457,4.3899985030293465e-05,1.4510450145910876,0.06097619523614089,0.06048827817133073
1.0,0.03572125894069785,1,datasets_sb01.npz,1.0610970613474937,1.0677250389417452,1.0610970613474948,0.3818824983433252,unconstrained_1to1,0.12008861479512276,0.11783865207811497,1000,30000,0.5,results\unconstrained_1to1_beta1_profile_2.csv,0.8568189178465285,0.9978728364019757,0.9987892845207976,0.14135460292119434,0.14105391855544722,2,2.900022082030773e-06,0.05727800168097019,0.009429397992789745,0.06670739967375994,0.06731650000438094,0.066849599708803,3.1431326642632487e-07,0.00011549994815140963,9.899958968162537e-06,7.079995702952147e-05,0.06739809992723167,2.380006480962038e-05,1.740311624351662,0.0843316345954842,0.08208167187847644
1.0,0.032033914893850546,1,datasets_sb01.npz,1.4345316897936968,1.437987842748503,1.4345316897936922,0.818588385506077,unconstrained_1to1,0.09875732874238635,0.09735877230637804,1000,30000,0.5,results\unconstrained_1to1_beta1_profile_2.csv,0.8610001755331406,0.998098758950483,0.9991176278614691,0.13735973738861657,0.13709858341734246,3,2.00001522898674e-06,0.0547057994408533,0.008710901369340718,0.06341670081019402,0.06397540005855262,0.06353750091511756,2.9036337897802393e-07,9.34000127017498e-05,9.999959729611874e-06,4.579999949783087e-05,0.06403190002311021,2.5400076992809772e-05,2.0504749940813167,0.06669137993364196,0.06529282349763366
1.0,0.03549622595759136,1,datasets_sb01.npz,0.9960357122502669,1.0025960357626083,0.9960357122502617,0.3622999586564175,unconstrained_1to1,0.10454524296729595,0.10458549111044968,1000,30000,0.5,results\unconstrained_1to1_beta1_profile_2.csv,0.8601919129652832,0.9980996718594951,0.9990541934562955,0.13817032785642025,0.13790775889421192,4,2.300017513334751e-06,0.0571249999338761,0.00915839895606041,0.0662833988899365,0.06686360004823655,0.066409598919563,3.052799652020137e-07,9.220000356435776e-05,1.0699965059757233e-05,5.179992876946926e-05,0.06692689994815737,3.170000854879618e-05,1.6297714658441163,0.06901352078374699,0.06905376892690072
1.0,0.02844973240419607,1,datasets_sb01.npz,0.9994260380478219,1.0038393447182579,0.9994260380478172,0.42965480054251115,unconstrained_1to1,0.08450626381932873,0.08421994462335194,1000,30000,0.5,results\unconstrained_1to1_beta1_profile_2.csv,0.8602029281764733,0.9981748045640404,0.9990886032321279,0.13822416249809794,0.13797187638756706,5,2.600019797682762e-06,0.060325601254589856,0.009675898705609143,0.070001499960199,0.07059639994986355,0.07012950000353158,3.2252995685363807e-07,9.990006219595671e-05,1.009996049106121e-05,5.330005660653114e-05,0.07066079997457564,2.5499961338937283e-05,1.5691972755531327,0.056028081682728464,0.05574176248675169
1.0,0.040042030111108344,1,datasets_sb01.npz,0.9564137361176697,0.9596048927782576,0.9564137361176666,0.2855649169487052,unconstrained_1to1,0.11714861989285555,0.11658074243687216,1000,30000,0.5,results\unconstrained_1to1_beta1_profile_2.csv,0.8636230310958083,0.998293196533333,0.9990830610654506,0.13490041393167812,0.13467016543752472,6,2.499902620911598e-06,0.06754939828533679,0.010533402091823518,0.07808280037716031,0.07877709995955229,0.07821630022954196,3.5111340306078397e-07,9.310001041740179e-05,1.910002902150154e-05,5.230004899203777e-05,0.07884940004441887,3.7899939343333244e-05,1.627262555286634,0.0770665477516361,0.07649867029565272
1.0,0.03450662095995787,1,datasets_sb01.npz,1.351938882415494,1.356238219845464,1.3519388824154934,0.6816996913644409,unconstrained_1to1,0.1169358010258148,0.11416054082066651,1000,30000,0.5,results\unconstrained_1to1_beta1_profile_2.csv,0.857877984191051,0.9976202412765154,0.9983896606480837,0.1400756032241845,0.13974225708546437,7,3.00002284348011e-06,0.059733100002631545,0.00973009958397597,0.06946319958660752,0.07012050005141646,0.06962889956776053,3.24336652799199e-07,0.00013589998707175255,1.079996582120657e-05,0.00010139995720237494,0.07023359998129308,2.6799971237778664e-05,2.0221780734665473,0.08239467344489697,0.0796194132397487
1.0,0.023796897289131865,1,datasets_sb01.npz,0.9673132584167476,0.9639614561265185,0.967313258416743,0.36146353719844726,unconstrained_1to1,0.09554713783327061,0.09575420256531131,1000,30000,0.5,results\unconstrained_1to1_beta1_profile_2.csv,0.8561080887273481,0.9979956436861639,0.9990334251505931,0.1421725193456202,0.14188755495881583,8,2.500019036233425e-06,0.05685019982047379,0.009422099799849093,0.06627229962032288,0.06687260000035167,0.06640539970248938,3.140699933283031e-07,0.00010459998156875372,1.109996810555458e-05,5.279993638396263e-05,0.06693729991093278,2.6000081561505795e-05,1.5731629796350481,0.07172644364684962,0.07193350837889032
1.0,0.037890942080564455,1,datasets_sb01.npz,1.2146676173353292,1.221038604069009,1.2146676173353277,0.542904997519953,unconstrained_1to1,0.11746798661526905,0.11777221916092692,1000,30000,0.5,results\unconstrained_1to1_beta1_profile_2.csv,0.8648767928405598,0.9987132152875439,0.9993178611020392,0.13400886300323023,0.13383642244698404,9,2.600019797682762e-06,0.08764479868113995,0.013562702108174562,0.10120750078931451,0.10196250001899898,0.10133790085092187,4.520900702724854e-07,9.830005001276731e-05,1.00000761449337e-05,5.8999983593821526e-05,0.10203210008330643,2.9499991796910763e-05,1.8864302371507056,0.07953915359262405,0.07984338613828192
1.0,0.040589464054186224,1,datasets_sb01.npz,1.266132210041716,1.2698177101533499,1.2661322100417152,0.6147580351119396,unconstrained_1to1,0.11044572984315053,0.10975916030171931,1000,30000,0.5,results\unconstrained_1to1_beta1_profile_2.csv,0.8623085080192769,0.9979370263463826,0.99899631869898,0.13590889479636287,0.1356285183271057,10,2.900022082030773e-06,0.07222920190542936,0.011360597214661539,0.0835897991200909,0.08430470002349466,0.08376259915530682,3.7868657382205127e-07,0.00013970001600682735,9.500072337687016e-06,7.449998520314693e-05,0.08438940008636564,3.0199997127056122e-05,1.9175063849714924,0.06981567632491012,0.0691291067834789
1.0,0.040443944349464085,1,datasets_sb01.npz,1.117785578901871,1.120708149076619,1.1177855789018671,0.46210169259523326,unconstrained_1to1,0.11191205715383584,0.111912842274482,1000,30000,0.5,results\unconstrained_1to1_beta1_profile_2.csv,0.8574889131210556,0.9983760528733528,0.9992026403455406,0.14111630517060209,0.14088713975229722,11,2.500019036233425e-06,0.07270940172020346,0.011946299811825156,0.08465570153202862,0.08533869998063892,0.08479340153280646,3.982099937275052e-07,0.00010579999070614576,9.399955160915852e-06,5.7999975979328156e-05,0.08540679991710931,2.9399991035461426e-05,1.7734694652085086,0.07142766886002229,0.07142845398066845
1.0,0.032240347778789764,1,datasets_sb01.npz,1.1165681603893427,1.121537186884944,1.116568160389344,0.509407377820404,unconstrained_1to1,0.09596111409041183,0.09498616676509647,1000,30000,0.5,results\unconstrained_1to1_beta1_profile_2.csv,0.859320141059289,0.998063444065219,0.9984547659781653,0.13901250850428276,0.13874330300593,12,2.800021320581436e-06,0.0690010015387088,0.011140698799863458,0.08014170033857226,0.08083359990268946,0.08029720035847276,3.713566266621153e-07,0.00012310000602155924,9.70007386058569e-06,0.00011470005847513676,0.08095870004035532,2.95999925583601e-05,1.7237289429582814,0.06368852596384328,0.06271357863852792
1.0,0.03561488650591525,1,datasets_sb01.npz,1.112674464502469,1.1162213947513888,1.1126744645024609,0.4499107627311837,unconstrained_1to1,0.11434186911328026,0.11399923919279584,1000,30000,0.5,results\unconstrained_1to1_beta1_profile_2.csv,0.8583522293834097,0.9978804577937647,0.9990308962190044,0.13982459253570403,0.13952822841035495,13,3.200024366378784e-06,0.06196049856953323,0.010071900906041265,0.0720323994755745,0.07267719996161759,0.07218539947643876,3.3573003020137547e-07,0.00011629995424300432,1.00000761449337e-05,5.9999991208314896e-05,0.07274770003277808,3.350002225488424e-05,1.7754381662737546,0.07869136772085909,0.07834873780037467
1.0,0.03147038976660721,1,datasets_sb01.npz,0.7249776109911058,0.7234090157059427,0.7249776109911018,0.08774405370789451,unconstrained_1to1,0.1057024694210266,0.10491402415479756,1000,30000,0.5,results\unconstrained_1to1_beta1_profile_2.csv,0.8583499082321078,0.9980585967714211,0.9989094177968654,0.13998044703111742,0.13970868853931326,14,2.300017513334751e-06,0.056990399840287864,0.009276000317186117,0.06626640015747398,0.066863700048998,0.0663953002076596,3.092000105728706e-07,9.910005610436201e-05,9.7999582067132e-06,6.290001329034567e-05,0.0669367000227794,2.7499976567924023e-05,1.362211168274317,0.07420060926465277,0.07341216399842374
1.0,0.028506095162199274,1,datasets_sb01.npz,1.339467644322466,1.3317886442075744,1.339467644322462,0.7268402869752055,unconstrained_1to1,0.09769686562117035,0.09742213783980495,1000,30000,0.5,results\unconstrained_1to1_beta1_profile_2.csv,0.8858862157274096,0.9984462395870282,0.9992237762966625,0.11273518733084228,0.11256002385961866,15,2.499902620911598e-06,0.07645800476893783,0.00971469550859183,0.08617270027752966,0.08676330000162125,0.08630680036731064,3.238231836197277e-07,0.0001015000743791461,8.70006624609232e-06,5.809997674077749e-05,0.08683070004917681,3.0100112780928612e-05,1.9520950016697265,0.06916226436380887,0.06888753658244348
1.0,0.03532628716126943,1,datasets_sb01.npz,0.8768550619698183,0.8813468370818116,0.8768550619698136,0.2360061331364952,unconstrained_1to1,0.10690528675208705,0.10625145030810788,1000,30000,0.5,results\unconstrained_1to1_beta1_profile_2.csv,0.8626283372524375,0.9981294769838426,0.9991621078829931,0.1357550727194871,0.13550113973140518,16,3.300025127828121e-06,0.06977490009739995,0.010960199288092554,0.0807350993854925,0.0814457000233233,0.08088639925699681,3.653399762697518e-07,0.00011139991693198681,1.0299962013959885e-05,5.7299970649182796e-05,0.08151399996131659,3.659992944449186e-05,1.5177039908031413,0.07154367330365635,0.07088983685967719
1.0,0.02729809866186295,1,datasets_sb01.npz,1.053958118111853,1.0502473210920162,1.0539581181118505,0.44016663012773616,unconstrained_1to1,0.09806851070433054,0.09682219952400582,1000,30000,0.5,results\unconstrained_1to1_beta1_profile_2.csv,0.8592197668246273,0.9980427723674731,0.9990537343385699,0.1390952466030504,0.13882300554284574,17,2.6999041438102722e-06,0.06677160039544106,0.010788199491798878,0.07755979988723993,0.07823370001278818,0.07771189976483583,3.596066497266293e-07,0.00012019998393952847,8.999952115118504e-06,6.470002699643373e-05,0.07830779999494553,2.9199989512562752e-05,1.6677496060959696,0.07074311394380572,0.06949680276348101
1.0,0.033435166973487196,1,datasets_sb01.npz,1.3201443402968533,1.3184471259906863,1.320144340296855,0.6724600696499181,unconstrained_1to1,0.10919796814958674,0.10769188287052153,1000,30000,0.5,results\unconstrained_1to1_beta1_profile_2.csv,0.8581340083151703,0.9979601542799283,0.9989581324424065,0.14011195273186902,0.13982614596475804,18,3.100023604929447e-06,0.05809670244343579,0.009466397925280035,0.06756310036871582,0.06817169999703765,0.06770120037253946,3.155465975093345e-07,0.00010750000365078449,9.699957445263863e-06,6.089999806135893e-05,0.06824279995635152,2.7499976567924023e-05,1.9678286109437886,0.07572936600912607,0.07422328073006085
1.0,0.027129325518769367,1,datasets_sb01.npz,1.3643283370479522,1.3639718131547274,1.364328337047953,0.7883352094450815,unconstrained_1to1,0.08636195414559997,0.08599854898299926,1000,30000,0.5,results\unconstrained_1to1_beta1_profile_2.csv,0.8584452190938987,0.9979549289522313,0.9989357658171922,0.13979560179617123,0.13950970985833247,19,2.700020559132099e-06,0.057297698920592666,0.00931170117110014,0.0666094000916928,0.06720689998473972,0.06674590019974858,3.1039003903667134e-07,0.0001097000204026699,7.6000578701496124e-06,6.340001709759235e-05,0.06727850006427616,2.410006709396839e-05,1.940321464650823,0.05920549930131183,0.058842094138711123
1.0,0.02740075813612146,1,datasets_sb01.npz,1.0901101175517265,1.0944352007857283,1.0901101175517265,0.49992341325657885,unconstrained_1to1,0.09067064398343608,0.09087270719729254,1000,30000,0.5,results\unconstrained_1to1_beta1_profile_2.csv,0.8603310377995395,0.9977077578583151,0.9989737344891662,0.13769234425285948,0.1373767200587757,20,3.600027412176132e-06,0.056148300995118916,0.008965699351392686,0.0651140003465116,0.06570499995723367,0.06526360032148659,2.988566450464229e-07,0.00011969998013228178,1.3599987141788006e-05,5.340005736798048e-05,0.06577250000555068,2.629996743053198e-05,1.6802968218468741,0.0632424850891785,0.06344454830303496
1.0,0.03293709578225855,1,datasets_sb01.npz,1.4990415689280359,1.498193443416504,1.4990415689280356,0.8260462348941111,unconstrained_1to1,0.11789950011230581,0.11638838739097028,1000,30000,0.5,results\unconstrained_1to1_beta1_profile_2.csv,0.8577732758634766,0.9979609071540827,0.9988234567579153,0.1404740709637451,0.14018763129060605,21,2.700020559132099e-06,0.053508496610447764,0.008745002443902194,0.06225349905434996,0.06282210000790656,0.06238069909159094,2.915000814634065e-07,0.00010149995796382427,8.399947546422482e-06,6.530003156512976e-05,0.06289609998930246,2.3000058718025684e-05,2.1720369029619606,0.084929467234265,0.08341835451292948
1.0,0.028829361902978277,1,datasets_sb01.npz,1.2581402767841028,1.2574288663000135,1.2581402767841028,0.6354122963484694,unconstrained_1to1,0.10094495460678948,0.10100764863244774,1000,30000,0.5,results\unconstrained_1to1_beta1_profile_2.csv,0.8558942470120483,0.9982007588295932,0.9991516848275159,0.14256301706722968,0.14230651181754492,22,2.300017513334751e-06,0.05656040192116052,0.009404098149389029,0.06596450007054955,0.06654619995970279,0.06608340004459023,3.134699383129676e-07,9.14999982342124e-05,8.200062438845634e-06,4.7900015488266945e-05,0.0666027000406757,2.5099958293139935e-05,1.8808682572197362,0.07208676334190824,0.07214945736756649
1.0,0.034886332716404074,1,datasets_sb01.npz,0.8185130754521254,0.8085620818032299,0.8185130754521227,0.14810383808284666,unconstrained_1to1,0.11699514409362193,0.11564949419627149,1000,30000,0.5,results\unconstrained_1to1_beta1_profile_2.csv,0.858120286467754,0.9980846657424222,0.9991460479670643,0.14023297229053827,0.13996437927466823,23,2.600019797682762e-06,0.05739219987299293,0.009360999567434192,0.06675319944042712,0.06739359989296645,0.06688129948452115,3.1203331891447306e-07,9.980006143450737e-05,7.900060154497623e-06,4.930002614855766e-05,0.0674511999823153,2.5699962861835957e-05,1.488922312821404,0.08207392504450145,0.08072827514715102
1.0,0.02815434573093795,1,datasets_sb01.npz,0.7960355253247753,0.794526305284017,0.796035525324773,0.21422768998411723,unconstrained_1to1,0.08811442036229236,0.08793153699922564,1000,30000,0.5,results\unconstrained_1to1_beta1_profile_2.csv,0.857143545046615,0.9979359196139289,0.9990576247790142,0.14108358242258903,0.14079237456731394,24,2.500019036233425e-06,0.052406699513085186,0.00860820070374757,0.06101490021683276,0.06159459997434169,0.06114110036287457,2.8694002345825237e-07,0.00010090006981045008,6.7999353632330894e-06,5.080003757029772e-05,0.06165269995108247,2.280005719512701e-05,1.3778433606654334,0.05993192028562348,0.05974903692255675
1.0,0.035754642985412394,1,datasets_sb01.npz,1.3019801464104481,1.2987151951410887,1.3019801464104486,0.6265737011861042,unconstrained_1to1,0.11874580025265113,0.1184163848882065,1000,30000,0.5,results\unconstrained_1to1_beta1_profile_2.csv,0.8571591286302616,0.9981183740646763,0.9992020297043537,0.14122497801576475,0.14095924543441476,25,2.200016751885414e-06,0.05266060039866716,0.008660000516101718,0.061320600914768875,0.061857699998654425,0.061436200863681734,2.8866668387005725e-07,9.079999290406704e-05,6.400048732757568e-06,4.239997360855341e-05,0.06190710002556443,2.259993925690651e-05,1.977386591634792,0.08295540262425334,0.08262598725980869
1.0,0.03444468715797187,1,datasets_sb01.npz,0.9553080543955899,0.9615331789600845,0.9553080543955862,0.3131239476095766,unconstrained_1to1,0.10735121486061788,0.10672457544615391,1000,30000,0.5,results\unconstrained_1to1_beta1_profile_2.csv,0.8580267239247602,0.9982232710373602,0.9992851923493693,0.1404460817337055,0.14019654711259993,26,2.300017513334751e-06,0.052542296005412936,0.008585103787481785,0.06112739979289472,0.06165080005303025,0.06123619992285967,2.861701262493928e-07,8.500006515532732e-05,6.100046448409557e-06,3.7499936297535896e-05,0.061694900039583445,2.150004729628563e-05,1.597492161181603,0.07287208301548805,0.07224544360102407
1.0,0.034183662293200134,1,datasets_sb01.npz,0.9837802763250456,0.993332872052796,0.9837802763250398,0.3228860210234803,unconstrained_1to1,0.113697734457156,0.11297549891241376,1000,30000,0.5,results\unconstrained_1to1_beta1_profile_2.csv,0.8610714195802381,0.9982032653987029,0.9992741500148015,0.13737867884422467,0.13713184581846474,27,2.300017513334751e-06,0.054633604362607,0.008700796286575496,0.0633344006491825,0.06387850001920015,0.06344840058591217,2.900265428858499e-07,8.809997234493494e-05,6.8999361246824265e-06,3.909994848072529e-05,0.06392489990685135,2.359994687139988e-05,1.644674531626611,0.07947988850166267,0.07875765295692043
1.0,0.03294662667394273,1,datasets_sb01.npz,0.994878564561175,0.9902578782311169,0.9948785645611724,0.40908824563325374,unconstrained_1to1,0.08932483802313507,0.08852761706518228,1000,30000,0.5,results\unconstrained_1to1_beta1_profile_2.csv,0.8580790556506426,0.9981146073675222,0.9991957912482258,0.1403000724397937,0.14003555171687962,28,2.600019797682762e-06,0.05315799789968878,0.008675202494487166,0.06183320039417595,0.0623713000677526,0.06195000046864152,2.8917341648290555e-07,9.23000043258071e-05,6.8999361246824265e-06,4.279997665435076e-05,0.06242149998433888,2.1900050342082977e-05,1.5806688834890963,0.056345264722518405,0.05554804376456562
1.0,0.03451319425825002,1,datasets_sb01.npz,0.7849339573559678,0.7863082472597397,0.7849339573559683,0.11904065496821681,unconstrained_1to1,0.11542427378302395,0.11498368025044953,1000,30000,0.5,results\unconstrained_1to1_beta1_profile_2.csv,0.8579172501447531,0.9982705507641471,0.9993090351169224,0.14059645505114585,0.14035330061939402,29,2.00001522898674e-06,0.055063102627173066,0.009008197695948184,0.06407130032312125,0.06464759993832558,0.06418230035342276,3.002732565316061e-07,8.399994112551212e-05,6.500049494206905e-06,3.790005575865507e-05,0.0646923000458628,2.5000073947012424e-05,1.4508272597437188,0.08087656633051568,0.08043597279794125
1.0,0.03122829758055968,1,datasets_sb01.npz,0.9833588382383037,0.9844464753210451,0.9833588382383049,0.35494770924821417,unconstrained_1to1,0.10279585251941874,0.10158036387275123,1000,30000,0.5,results\unconstrained_1to1_beta1_profile_2.csv,0.8646013554609598,0.9980099166305832,0.9992094274508215,0.13367458473762345,0.1334085611696234,30,2.299901098012924e-06,0.05808659945614636,0.008962800726294518,0.06704940018244088,0.0676188999786973,0.06718310015276074,2.9876002420981725e-07,0.00010679999832063913,8.699949830770493e-06,4.429998807609081e-05,0.06767239992041141,2.4600070901215076e-05,1.6117699672283932,0.0715363266412785,0.07032083799461099
1.0,0.05086952294140957,1,datasets_sb01.npz,0.475737042598016,0.47953158405296953,0.47573704259801436,-0.2822382359366294,unconstrained_1to1,0.1495539678440424,0.14895975965877464,1000,30000,0.5,results\unconstrained_1to1_beta1_profile_2.csv,0.8570168893392921,0.9979827128587233,0.9990451662547902,0.14125076687514385,0.14096582351943113,31,2.400018274784088e-06,0.0529770995490253,0.008713901159353554,0.06169100070837885,0.062254999997094274,0.0618157007265836,2.904633719784518e-07,9.769992902874947e-05,7.79994297772646e-06,5.1200040616095066e-05,0.06231449998449534,2.4600070901215076e-05,1.2337123211326615,0.09863357537969142,0.09803936719442367
1.0,0.03089134416711442,1,datasets_sb01.npz,1.0892807528284516,1.0796138084107754,1.089280752828452,0.47307314168669823,unconstrained_1to1,0.09884210225661869,0.09847749042075682,1000,30000,0.5,results\unconstrained_1to1_beta1_profile_2.csv,0.8560549103495205,0.9979549705763957,0.9990597510650708,0.1421908446880293,0.14190006022687515,32,2.700020559132099e-06,0.05094399966765195,0.008444501087069511,0.05938850075472146,0.05992779997177422,0.05951020086649805,2.8148336956898374e-07,9.460002183914185e-05,7.900060154497623e-06,4.800001624971628e-05,0.05998420005198568,2.4400069378316402e-05,1.705488363970205,0.06791986674533716,0.06755525490947528
1.0,0.030918908457765574,1,datasets_sb01.npz,0.7775414446370907,0.7769274465563059,0.7775414446370903,0.18441608306878854,unconstrained_1to1,0.09157582635764505,0.09116499595618771,1000,30000,0.5,results\unconstrained_1to1_beta1_profile_2.csv,0.8580420947227594,0.9980810159579804,0.9991204645729075,0.1403081703751359,0.14003892123522105,33,2.199900336563587e-06,0.052940595778636634,0.008640303276479244,0.06158089905511588,0.06213729991577566,0.06169929902534932,2.880101092159748e-07,9.14999982342124e-05,7.400056347250938e-06,4.680000711232424e-05,0.06219199998304248,2.4700071662664413e-05,1.370666806205393,0.06062599899142171,0.06021516858996438
1.0,0.03256630263822752,1,datasets_sb01.npz,0.8016525417557089,0.8007185246497421,0.8016525417557085,0.14530180506908474,unconstrained_1to1,0.11213980881639793,0.11090663061646402,1000,30000,0.5,results\unconstrained_1to1_beta1_profile_2.csv,0.8577285621658465,0.9980609594393535,0.9991707238479415,0.14060503614161676,0.140332397273507,34,2.500019036233425e-06,0.05255079874768853,0.008597801090218127,0.06114859983790666,0.06168929999694228,0.061267399811185896,2.8659336967393755e-07,9.380001574754715e-05,7.4999406933784485e-06,4.309997893869877e-05,0.061740499921143055,2.2499938495457172e-05,1.458003278442333,0.07954093987553218,0.07830776167559828
1.0,0.030711549844165513,1,datasets_sb01.npz,0.6894884500340349,0.6875915504205934,0.6894884500340358,0.06772565045149315,unconstrained_1to1,0.1006322831488755,0.10045176853546176,1000,30000,0.5,results\unconstrained_1to1_beta1_profile_2.csv,0.8587983468111213,0.9982172075080598,0.9993163403967078,0.1396678595082351,0.13941886069693843,35,2.300017513334751e-06,0.05424110253807157,0.00880559766665101,0.06304670020472258,0.06358479999471456,0.06315930013079196,2.9351992222170037e-07,8.839997462928295e-05,6.200047209858894e-06,3.6800047382712364e-05,0.06362830009311438,2.189993392676115e-05,1.3112512496165767,0.06989002175486582,0.06970950714145208
1.0,0.02746162452422591,1,datasets_sb01.npz,0.7106640041088328,0.7110981278481503,0.7106640041088321,0.12937079884768177,unconstrained_1to1,0.08795860851800884,0.08810609489040341,1000,30000,0.5,results\unconstrained_1to1_beta1_profile_2.csv,0.8574413010752944,0.9982794275176803,0.9993152479154452,0.1410808662987213,0.14083812644238589,36,2.200016751885414e-06,0.05307390191592276,0.008717598393559456,0.06179150030948222,0.062315599992871284,0.06189800030551851,2.905866131186485e-07,8.180004078894854e-05,6.00004568696022e-06,3.6199926398694515e-05,0.062358299968764186,2.2499938495457172e-05,1.2919572093699838,0.060469522369258705,0.06061700874165329
1.0,0.033422448878323886,1,datasets_sb01.npz,0.7348122717761923,0.735924240370543,0.7348122717761919,0.06224850664646597,unconstrained_1to1,0.1177483387561104,0.11696257932199508,1000,30000,0.5,results\unconstrained_1to1_beta1_profile_2.csv,0.8581829912114557,0.9982727304298749,0.9993249414476002,0.1403321306373799,0.14008973921841913,37,2.200016751885414e-06,0.05261580063961446,0.00858900009188801,0.06120480073150247,0.061730500077828765,0.06131070083938539,2.863000030629337e-07,8.17000400274992e-05,5.899928510189056e-06,3.5199918784201145e-05,0.06177219992969185,2.2000051103532314e-05,1.4073760369059187,0.0842924674289082,0.08350670799479287
1.0,0.0427473122301606,1,datasets_sb01.npz,0.9505023099463444,0.9533703800941445,0.9505023099463408,0.27433401461482887,unconstrained_1to1,0.11901383892428358,0.11859458621357516,1000,30000,0.5,results\unconstrained_1to1_beta1_profile_2.csv,0.8608200706989905,0.9983046318498531,0.9993385158104413,0.13771804393625273,0.13748456115086266,38,2.200016751885414e-06,0.05554759956430644,0.00887169991619885,0.06441929948050529,0.06496230000630021,0.06452869938220829,2.9572333053996165e-07,8.319993503391743e-05,6.8999361246824265e-06,3.5800039768218994e-05,0.06500529998447746,2.3999949917197227e-05,1.6266706052778601,0.07622377938189283,0.0758045266711844
1.0,0.04393744652395882,1,datasets_sb01.npz,1.1233585451567538,1.1217992199313045,1.123358545156753,0.45013147903275186,unconstrained_1to1,0.11798070662274349,0.11752710985372294,1000,30000,0.5,results\unconstrained_1to1_beta1_profile_2.csv,0.858835190130314,0.9981889352730519,0.9991404626628331,0.13960658169850193,0.139353745142738,39,2.299901098012924e-06,0.052448205766268075,0.008510193787515163,0.06095839955378324,0.061491900007240474,0.06106899946462363,2.8367312625050545e-07,8.620007429271936e-05,6.900052540004253e-06,4.5599997974932194e-05,0.06154480006080121,2.2099935449659824e-05,1.7965856112807557,0.07399932265226072,0.07354572588324017
1.0,0.03925032021125536,1,datasets_sb01.npz,1.3384161252536853,1.3329773877676387,1.338416125253686,0.6954291046373839,unconstrained_1to1,0.10761982212646501,0.10656859761210685,1000,30000,0.5,results\unconstrained_1to1_beta1_profile_2.csv,0.8652190994699113,0.9979193732582362,0.9992171451779864,0.13297694918483702,0.13270027378832486,40,2.300017513334751e-06,0.058135196566581726,0.008916303981095552,0.06705150054767728,0.06764799996744841,0.06719130056444556,2.972101327031851e-07,0.0001078000059351325,9.500072337687016e-06,4.279997665435076e-05,0.0677010000217706,2.9699993319809437e-05,1.9814031458699866,0.0683302515949984,0.06727902708064024
1.0,0.04887053417793746,1,datasets_sb01.npz,1.0971914247968535,1.092137070725749,1.0971914247968515,0.3893196708848582,unconstrained_1to1,0.1304358652609445,0.12733129610293178,1000,30000,0.5,results\unconstrained_1to1_beta1_profile_2.csv,0.8566893655870174,0.997982422913211,0.9988433693645188,0.14157870327389643,0.14129305732619374,41,2.600019797682762e-06,0.053331397590227425,0.008795902598649263,0.06212730018887669,0.06269580009393394,0.06225290021393448,2.9319675328830877e-07,9.830005001276731e-05,8.699949830770493e-06,6.339990068227053e-05,0.06276839994825423,2.4699955247342587e-05,1.8050631787088487,0.08151646054882912,0.07841189139081639
1.0,0.035486408640942706,1,datasets_sb01.npz,0.8812773905505085,0.8879249500468134,0.8812773905505071,0.23296790039670323,unconstrained_1to1,0.10940889083285271,0.10956245787532956,1000,30000,0.5,results\unconstrained_1to1_beta1_profile_2.csv,0.8562319764506634,0.9979547990531011,0.9990472489473121,0.14201326827318222,0.1417228226024377,42,2.400018274784088e-06,0.05090830032713711,0.008426300599239767,0.05933460092637688,0.05987469991669059,0.05945620080456138,2.8087668664132555e-07,9.409990161657333e-05,8.00006091594696e-06,4.870002157986164e-05,0.059931800002232194,2.5099958293139935e-05,1.5295868807043136,0.07388699578326907,0.07404056282574592
1.0,0.02970306547014598,1,datasets_sb01.npz,0.7605276479795371,0.7672136544016765,0.7605276479795395,0.13536992986485374,unconstrained_1to1,0.10173421816908523,0.10204602501844118,1000,30000,0.5,results\unconstrained_1to1_beta1_profile_2.csv,0.8582632875495277,0.9980764932896966,0.9991226750957722,0.14008265566834413,0.13981320574016895,43,2.199900336563587e-06,0.053097402327694,0.008649697760120034,0.06174710008781403,0.06229399994481355,0.06186609994620085,2.883232586706678e-07,9.240000508725643e-05,6.900052540004253e-06,4.730001091957092e-05,0.06234870001208037,2.4399952962994576e-05,1.3856853660942203,0.0720014496334691,0.07231325648282505
1.0,0.026175933784853316,1,datasets_sb01.npz,1.294126202100252,1.2946750315833357,1.2941262021002478,0.7326239373480273,unconstrained_1to1,0.08207121858649455,0.08177067667908765,1000,30000,0.5,results\unconstrained_1to1_beta1_profile_2.csv,0.859803006001473,0.9981575990524489,0.9992231599379285,0.13860996818770507,0.13835459305097603,44,2.100015990436077e-06,0.0537143008550629,0.008643398759886622,0.062357699614949524,0.06289830000605434,0.06247279956005514,2.8811329199622073e-07,8.9599983766675e-05,6.5999338403344154e-06,4.1899969801306725e-05,0.06294719991274178,2.3399945348501205e-05,1.8556284668524765,0.05586910886785638,0.05556856696044948
1.0,0.03891262922505341,1,datasets_sb01.npz,1.3968892999335671,1.402009130325903,1.3968892999335667,0.6885301378240816,unconstrained_1to1,0.1306155514745035,0.12966909654961323,1000,30000,0.5,results\unconstrained_1to1_beta1_profile_2.csv,0.8583602337732431,0.9981436391046674,0.9992343457758133,0.14004337637898462,0.13978340533142433,45,2.500019036233425e-06,0.052619799971580505,0.008569100173190236,0.06118890014477074,0.061730099958367646,0.06130270007997751,2.8563667243967453e-07,8.839997462928295e-05,7.00005330145359e-06,3.990007098764181e-05,0.06177740008570254,2.289994154125452e-05,2.1052484620430527,0.09166400962022501,0.09071755469533477
1.0,0.027436258241662136,1,datasets_sb01.npz,0.9926477876497313,0.9996299399209566,0.9926477876497304,0.4238588131630344,unconstrained_1to1,0.08421514407997405,0.08378209560973153,1000,30000,0.5,results\unconstrained_1to1_beta1_profile_2.csv,0.857756737387783,0.9981254771817156,0.9992516517858351,0.140632358358665,0.14036873979393252,46,2.300017513334751e-06,0.05289700080174953,0.008656399906612933,0.06155340070836246,0.062090200022794306,0.06166900065727532,2.885466635537644e-07,8.929998148232698e-05,6.4999330788850784e-06,3.9499951526522636e-05,0.06213669991120696,2.3999949917197227e-05,1.5614367621364282,0.056751449580070244,0.056318401109827734
1.0,0.026512530291568373,1,datasets_sb01.npz,1.1824581094668019,1.1859191448508906,1.1824581094668052,0.5939224712682922,unconstrained_1to1,0.09016404556167404,0.09032618716438526,1000,30000,0.5,results\unconstrained_1to1_beta1_profile_2.csv,0.8587768839455273,0.9980289508383722,0.9992989335137893,0.13952708163011632,0.1392520668928449,47,2.200016751885414e-06,0.055071901297196746,0.00892999826464802,0.06400189956184477,0.06457069993484765,0.06412829959299415,2.976666088216007e-07,0.00010119995567947626,6.500049494206905e-06,3.8400059565901756e-05,0.06461600004695356,2.3000058718025684e-05,1.7709937476653115,0.0636250027398141,0.06378714434252532
1.0,0.04652212869291536,1,datasets_sb01.npz,1.1973165678439122,1.1946273128704354,1.1973165678439126,0.5038992449810578,unconstrained_1to1,0.125163365172399,0.12389218547640936,1000,30000,0.5,results\unconstrained_1to1_beta1_profile_2.csv,0.8577093977856259,0.9981117321539152,0.9992426425295449,0.14066795314118033,0.14040233436828928,48,2.500019036233425e-06,0.05269080284051597,0.008625196060165763,0.061315998900681734,0.06187880004290491,0.06143199896905571,2.8750653533885875e-07,9.159999899566174e-05,6.199930794537067e-06,4.029995761811733e-05,0.061925699934363365,2.1900050342082977e-05,1.8907338907067666,0.07859471435079074,0.07732353465480109
1.0,0.02490357711859237,1,datasets_sb01.npz,1.3240067987167519,1.3242335473281217,1.3240067987167556,0.7861773264554426,unconstrained_1to1,0.07529689224096169,0.07459172949672004,1000,30000,0.5,results\unconstrained_1to1_beta1_profile_2.csv,0.8576239324987951,0.9981325431151638,0.9992574836562749,0.14077149531448235,0.14050861061636863,49,2.100015990436077e-06,0.052491901675239205,0.008599998080171645,0.06109189975541085,0.061636499944143,0.06120619969442487,2.8666660267238817e-07,8.849997539073229e-05,6.00004568696022e-06,3.9400067180395126e-05,0.06168230006005615,2.3699947632849216e-05,1.8618362709780611,0.05036841154525072,0.04966324880100908
1.0,0.0356177731087432,1,datasets_sb01.npz,0.6086579834715221,0.6043594563043029,0.6086579834715228,-0.026330993768389765,unconstrained_1to1,0.10495913192841244,0.10504734412686065,1000,30000,0.5,results\unconstrained_1to1_beta1_profile_2.csv,0.8442461333567406,0.9974448326123762,0.9991453768746241,0.15359115035404786,0.15319869925563556,50,3.400025889277458e-06,0.05765610176604241,0.010462398873642087,0.0681185006396845,0.06874330004211515,0.06829300068784505,3.487466291214029e-07,0.00014460005331784487,9.7999582067132e-06,4.8200017772614956e-05,0.06880209990777075,2.6499968953430653e-05,1.243646960711434,0.0693057410465605,0.06939395324500872
1.0,0.0390757999292566,1,datasets_sb01.npz,1.0247965029143924,1.0275611080707012,1.0247965029143942,0.37960073952649187,unconstrained_1to1,0.108360467798234,0.10823940231229537,1000,30000,0.5,results\unconstrained_1to1_beta1_profile_2.csv,0.8569938079739228,0.9980037281507412,0.9989416060844937,0.14129197737377586,0.1410099201768185,51,2.500019036233425e-06,0.05623790458776057,0.00925339525565505,0.06549129984341562,0.06606790004298091,0.06562229979317635,3.08446508521835e-07,0.00010089995339512825,8.79995059221983e-06,6.059999577701092e-05,0.06613789999391884,2.759997732937336e-05,1.6699922663022928,0.06924559206904814,0.06912452658310951
1.0,0.03768927805169872,1,datasets_sb01.npz,1.3305803318640441,1.331798193045905,1.3305803318640428,0.7189269245838216,unconstrained_1to1,0.09738647715470267,0.09757828038759367,1000,30000,0.5,results\unconstrained_1to1_beta1_profile_2.csv,0.8625392413148877,0.9983562002590306,0.9992124082668499,0.1360405824182834,0.1358169589441429,52,2.500019036233425e-06,0.06847630010452121,0.01078239968046546,0.07925869978498667,0.07992769998963922,0.07938919973094016,3.59413322682182e-07,9.999994654208422e-05,8.999952115118504e-06,5.350005812942982e-05,0.07999070000369102,2.7999980375170708e-05,1.9422337391442666,0.059659509824952245,0.05985131305784325
1.0,0.03553583233819199,1,datasets_sb01.npz,0.550819156417788,0.5475927517841874,0.5508191564177853,-0.06447425560276487,unconstrained_1to1,0.09854903760826059,0.09775474524838257,1000,30000,0.5,results\unconstrained_1to1_beta1_profile_2.csv,0.8600468091248848,0.9982382068681596,0.9991418082959994,0.1384352920900834,0.13819139774327477,53,3.00002284348011e-06,0.06922189833130687,0.011122500291094184,0.08034439862240106,0.08103110000956804,0.08048619865439832,3.7075000970313945e-07,0.00011030002497136593,9.399955160915852e-06,5.959998816251755e-05,0.08110069995746017,2.8499984182417393e-05,1.1661125684383409,0.06297766943773041,0.06218337707785239
1.0,0.03245439561905078,1,datasets_sb01.npz,1.1115631863849986,1.1172304553501478,1.1115631863850002,0.4898829243182149,unconstrained_1to1,0.10060556753525221,0.10035225913737603,1000,30000,0.5,results\unconstrained_1to1_beta1_profile_2.csv,0.8591302441984706,0.9977669143343643,0.998777509155024,0.1389469505795166,0.13863667013589367,54,2.900022082030773e-06,0.057439902098849416,0.009268998284824193,0.06670890038367361,0.06732109992299229,0.06685820047277957,3.089666094941397e-07,0.00011410005390644073,9.200070053339005e-06,7.260008715093136e-05,0.06740350008476526,3.23000131174922e-05,1.7332434484517822,0.06811871752058238,0.06786540912270621
1.0,0.042328897832924366,1,datasets_sb01.npz,0.9624515993597341,0.9627671466455929,0.9624515993597338,0.2665307563489111,unconstrained_1to1,0.12606877856541404,0.1254717557382021,1000,30000,0.5,results\unconstrained_1to1_beta1_profile_2.csv,0.8597295194438707,0.9979615998424439,0.9989716808846416,0.1385144282309029,0.13823208039857324,55,2.600019797682762e-06,0.05466100119519979,0.008788698934949934,0.06344970013014972,0.0640192999271676,0.06357930018566549,2.9295663116499784e-07,0.00010109995491802692,8.600065484642982e-06,5.6699966080486774e-05,0.06408519996330142,2.5900080800056458e-05,1.658372442370557,0.08369755183465674,0.08310052900744481
1.0,0.030466478052912502,1,datasets_sb01.npz,1.1202084548785902,1.1168551136873446,1.1202084548785947,0.4956185662044793,unconstrained_1to1,0.10154949214752662,0.10061841926021192,1000,30000,0.5,results\unconstrained_1to1_beta1_profile_2.csv,0.8564754126178229,0.9978038506406319,0.9989848843538145,0.14163949951893873,0.141328438022809,56,2.500019036233425e-06,0.05206359957810491,0.008591101504862309,0.06065470108296722,0.06121150008402765,0.06078820105176419,2.8637005016207696e-07,0.00010579999070614576,7.999944500625134e-06,5.3699943237006664e-05,0.061273699975572526,2.519995905458927e-05,1.7447983435527012,0.07105254761656121,0.07012147472924651
1.0,0.023644968283505655,1,datasets_sb01.npz,0.7070361504266657,0.7153692714213575,0.7070361504266636,0.13820117995308845,unconstrained_1to1,0.08422876500251861,0.08415322510943807,1000,30000,0.5,results\unconstrained_1to1_beta1_profile_2.csv,0.8584974664110039,0.9981408654982858,0.9991935019376671,0.13990349850826928,0.13964339908728204,57,2.500019036233425e-06,0.05398120381869376,0.008780595264397562,0.06276179908309132,0.06330929999239743,0.06287869904190302,2.9268650881325205e-07,9.079999290406704e-05,7.100054062902927e-06,4.349998198449612e-05,0.06336040003225207,2.359994687139988e-05,1.275871120900243,0.06056015175072944,0.060484611857648904
1.0,0.039520306980866816,1,datasets_sb01.npz,1.1662571995425783,1.1696506933756248,1.1662571995425806,0.49853408091244955,unconstrained_1to1,0.11605949686410481,0.11525540362698806,1000,30000,0.5,results\unconstrained_1to1_beta1_profile_2.csv,0.8589946324507826,0.9981481382945504,0.9992550987139996,0.13941167698967757,0.13915350584376787,58,2.200016751885414e-06,0.05241559469141066,0.008491105167195201,0.06090669985860586,0.061438700067810714,0.06101969990413636,2.830368389065067e-07,8.819997310638428e-05,6.6999346017837524e-06,3.85999446734786e-05,0.06148449995089322,2.2600055672228336e-05,1.8339803181727072,0.07649966957625713,0.07569557633914038
1.0,0.0329176770276752,1,datasets_sb01.npz,1.1756769380220715,1.1757976047219916,1.1756769380220642,0.5117102934301465,unconstrained_1to1,0.11475731599611091,0.1136986633483775,1000,30000,0.5,results\unconstrained_1to1_beta1_profile_2.csv,0.8592499955707203,0.9980462002958377,0.9992796810825825,0.1390679155774309,0.13879620472511722,59,2.600019797682762e-06,0.0538736010203138,0.008702300139702857,0.06257590116001666,0.06312080007046461,0.06269840127788484,2.9007667132342853e-07,9.790004696696997e-05,6.3999323174357414e-06,3.85999446734786e-05,0.06316629995126277,2.2000051103532314e-05,1.8396435826139965,0.08180672129140805,0.08074806864367462
1.0,0.033258232454944525,1,datasets_sb01.npz,0.8371721806744855,0.8379236908150743,0.837172180674482,0.27751642957305933,unconstrained_1to1,0.08153231979927672,0.08070573635865724,1000,30000,0.5,results\unconstrained_1to1_beta1_profile_2.csv,0.8554489974780904,0.9981567829591794,0.9992751153300479,0.14297131264089719,0.142707785481089,60,2.300017513334751e-06,0.061958202393725514,0.010335996514186263,0.07229419890791178,0.07292429998051375,0.07242769887670875,3.445332171395421e-07,0.00010279996786266565,1.0200077667832375e-05,4.199997056275606e-05,0.07297720003407449,2.8399983420968056e-05,1.3968279317759116,0.04824082911187726,0.04741424567125777
1.0,0.03802216368513008,1,datasets_sb01.npz,0.7736171743291975,0.7776111431275219,0.7736171743291906,0.14259220087828073,unconstrained_1to1,0.10365277934161034,0.10301141460853747,1000,30000,0.5,results\unconstrained_1to1_beta1_profile_2.csv,0.8569821250389762,0.9979071798948649,0.9988395216560771,0.14122060417556662,0.14092505485588866,61,2.600019797682762e-06,0.05339709878899157,0.008780800504609942,0.06217789929360151,0.06274600001052022,0.062308299355208874,2.9269335015366473e-07,0.00010449998080730438,8.00006091594696e-06,6.43999082967639e-05,0.06281889998354018,2.3300061002373695e-05,1.4046421477801143,0.06559259349279513,0.06495122875972226
1.0,0.03766259890814146,1,datasets_sb01.npz,1.221834323308633,1.2224442433479592,1.2218343233086337,0.6194012614307484,unconstrained_1to1,0.09447250990305167,0.09478598038239695,1000,30000,0.5,results\unconstrained_1to1_beta1_profile_2.csv,0.8575935838662332,0.998042189695317,0.9991402218283498,0.14072411695537645,0.1404486058290838,62,2.200016751885414e-06,0.05374710471369326,0.008802194963209331,0.06254929967690259,0.06310159992426634,0.06267199956346303,2.9340649877364435e-07,9.58999153226614e-05,8.200062438845634e-06,4.5599997974932194e-05,0.06315589998848736,2.459995448589325e-05,1.8242673851865177,0.05677224839600207,0.05708571887534735
1.0,0.028437745869670825,1,datasets_sb01.npz,0.8068870635040469,0.8002121053026744,0.8068870635040514,0.13938717234068998,unconstrained_1to1,0.11598190980401221,0.115320082768051,1000,30000,0.5,results\unconstrained_1to1_beta1_profile_2.csv,0.8574970025882465,0.998109144075151,0.9990331894681295,0.14087852247581187,0.1406121414869045,63,2.200016751885414e-06,0.052787000429816544,0.00865599897224456,0.061442999402061105,0.06199960003141314,0.06155939935706556,2.885332990748187e-07,9.049999061971903e-05,8.500064723193645e-06,5.0999922677874565e-05,0.06205959990620613,2.3699947632849216e-05,1.4743869546674038,0.08751572618847173,0.0868538991525105
1.0,0.029966663738015285,1,datasets_sb01.npz,0.71748887579855,0.7122934208998497,0.7174888757985493,0.1210372445435467,unconstrained_1to1,0.09260582789117933,0.09111046957550355,1000,30000,0.5,results\unconstrained_1to1_beta1_profile_2.csv,0.8587842300157565,0.9980739618802997,0.9990996606916616,0.13955852690729584,0.1392897318645432,64,2.200016751885414e-06,0.05404080031439662,0.008765098755247891,0.06280589906964451,0.06336340005509555,0.06292709906119853,2.9216995850826303e-07,9.550002869218588e-05,7.699942216277122e-06,4.8900023102760315e-05,0.06342050002422184,2.3499946109950542e-05,1.3139405070535535,0.06260919748942603,0.061113839173750246
1.0,0.041428505525348464,1,datasets_sb01.npz,0.913434418725466,0.9196273956460284,0.9134344187254622,0.2334056467627832,unconstrained_1to1,0.1203766999940323,0.12093632458647213,1000,30000,0.5,results\unconstrained_1to1_beta1_profile_2.csv,0.8587949195043608,0.9981772009118606,0.9991887889842417,0.13963681125973473,0.13938228140749978,65,2.100015990436077e-06,0.05347449774853885,0.008678902639076114,0.062153400387614965,0.062694700085558,0.06226690043695271,2.8929675463587045e-07,8.899997919797897e-05,7.1999384090304375e-06,4.3199979700148106e-05,0.06274560000747442,2.2400054149329662e-05,1.593463190688149,0.0789067659631585,0.07946639055559832
1.0,0.04330406056417267,1,datasets_sb01.npz,1.164031453904791,1.1624163073561395,1.1640314539047896,0.5001932380749641,unconstrained_1to1,0.1147129260714618,0.11383039675197518,1000,30000,0.5,results\unconstrained_1to1_beta1_profile_2.csv,0.8588672731553098,0.9982418770407344,0.9992914580303103,0.13962007314158917,0.1393746038854246,66,2.00001522898674e-06,0.05280839931219816,0.008569600875489414,0.061378000187687576,0.06191429996397346,0.06148610031232238,2.856533625163138e-07,8.410005830228329e-05,6.199930794537067e-06,3.7100049667060375e-05,0.061958199949003756,2.2000051103532314e-05,1.8278696697346177,0.07136556144672496,0.07048303212723835
1.0,0.044021265041903505,1,datasets_sb01.npz,1.206729126754969,1.2001692674738444,1.2067291267549654,0.4606371315397453,unconstrained_1to1,0.14490141225641226,0.14332368672709364,1000,30000,0.5,results\unconstrained_1to1_beta1_profile_2.csv,0.8578569714696391,0.9982203492990545,0.9992779785084613,0.14061362095851665,0.14036337782941535,67,2.100015990436077e-06,0.05244560074061155,0.008581199334003031,0.061026800074614584,0.061588000040501356,0.06113560008816421,2.8603997780010103e-07,8.349993731826544e-05,7.3999399319291115e-06,3.660004585981369e-05,0.061632500030100346,2.320006024092436e-05,1.9528211219701925,0.10083612594946686,0.09925840042014823
1.0,0.0346170833068694,1,datasets_sb01.npz,1.0769094835210093,1.0752050505720174,1.0769094835210107,0.4690475535906128,unconstrained_1to1,0.09618287324518593,0.09685101187102202,1000,30000,0.5,results\unconstrained_1to1_beta1_profile_2.csv,0.8566933357482388,0.9981050346958884,0.9992454956620258,0.14168017796918153,0.14141169894764957,68,2.100015990436077e-06,0.053527399664744735,0.008835601038299501,0.062363000703044236,0.06290760007686913,0.062481400789693,2.9452003460998335e-07,9.520002640783787e-05,5.899928510189056e-06,4.109996370971203e-05,0.06295509997289628,2.110004425048828e-05,1.684771413451406,0.06153117285500967,0.06219931148084575
1.0,0.03769416820558329,1,datasets_sb01.npz,1.0808623523403067,1.0753955638704582,1.080862352340302,0.4731975481668863,unconstrained_1to1,0.09612050037253264,0.0962285798612795,1000,30000,0.5,results\unconstrained_1to1_beta1_profile_2.csv,0.8592535126405542,0.9983213988371836,0.9993425291873722,0.13930171822282061,0.13906788619662946,69,2.00001522898674e-06,0.053696900489740074,0.008690699934959412,0.062387600424699485,0.062927299994044,0.06249250040855259,2.8968999783198036e-07,8.030002936720848e-05,6.100046448409557e-06,3.4800032153725624e-05,0.06296870007645339,2.259993925690651e-05,1.688527156513727,0.058388637998743775,0.05849671748749064
1.0,0.03882817201997122,1,datasets_sb01.npz,1.1305495581025444,1.122535891382617,1.1305495581025478,0.46989444046939743,unconstrained_1to1,0.11361546867317456,0.1141236193236256,1000,30000,0.5,results\unconstrained_1to1_beta1_profile_2.csv,0.8633750320114418,0.9979047879374157,0.9991810130027372,0.13481221610734567,0.13452975592597385,70,2.300017513334751e-06,0.05839039932470769,0.009098301292397082,0.06748870061710477,0.06807710009161383,0.06763040064834058,3.032767097465694e-07,0.00011230004020035267,9.999959729611874e-06,4.509999416768551e-05,0.06813290005084127,2.7099973522126675e-05,1.7912046757356914,0.07474846848118337,0.07525661913163441
1.0,0.029579656828678243,1,datasets_sb01.npz,0.7938049115447845,0.7951374430338856,0.7938049115447876,0.1878514271937597,unconstrained_1to1,0.0955798691162921,0.09405782139037246,1000,30000,0.5,results\unconstrained_1to1_beta1_profile_2.csv,0.858037970405349,0.9980207564882102,0.9989184041869601,0.14026039556073586,0.13998278608286122,71,2.400018274784088e-06,0.054623298114165664,0.008911402197554708,0.06353470031172037,0.06409500003792346,0.06366070033982396,2.9704673991849024e-07,9.839993435889482e-05,8.09994526207447e-06,6.0699996538460255e-05,0.06416439998429269,2.52000754699111e-05,1.3997583958958093,0.06597063263078518,0.06444858490486553
1.0,0.03773960401489744,1,datasets_sb01.npz,1.1200777310811987,1.121399671476635,1.1200777310812007,0.482409201800547,unconstrained_1to1,0.10584682247890184,0.10516588540442695,1000,30000,0.5,results\unconstrained_1to1_beta1_profile_2.csv,0.8581781754535511,0.9980212102656566,0.9990167047488921,0.14012030343010606,0.13984303481210547,72,2.200016751885414e-06,0.0527365084271878,0.008593592327088118,0.06133010075427592,0.061873700004071,0.06145170074887574,2.864530775696039e-07,9.310001041740179e-05,8.299946784973145e-06,5.21000474691391e-05,0.061934600002132356,2.629996743053198e-05,1.7577462603618503,0.06806947885998951,0.06738854178551461
1.0,0.025115216725627318,1,datasets_sb01.npz,0.665056568874303,0.6685023203559195,0.6650565688743031,0.10014940336971467,unconstrained_1to1,0.08306958185090284,0.08225679102532457,1000,30000,0.5,results\unconstrained_1to1_beta1_profile_2.csv,0.8573157847844223,0.9979803238357785,0.999032813456288,0.14094921081280068,0.14066453905135623,73,2.100015990436077e-06,0.05267819785512984,0.008643203065730631,0.06132140092086047,0.061872299993410707,0.06144550093449652,2.881067688576877e-07,9.390001650899649e-05,8.299946784973145e-06,5.1200040616095066e-05,0.06193219998385757,2.8099981136620045e-05,1.2299637343788912,0.0579292499085499,0.057116459082971624
1.0,0.030128504348185176,1,datasets_sb01.npz,1.1140963990642245,1.1091268035768493,1.114096399064229,0.5000639718267206,unconstrained_1to1,0.09814551793502203,0.09868967621250939,1000,30000,0.5,results\unconstrained_1to1_beta1_profile_2.csv,0.8577885280607,0.9981777490289672,0.9991558731650468,0.14064551238979073,0.14038922096826703,74,2.200016751885414e-06,0.053145403624512255,0.008697996730916202,0.06184340035542846,0.06237860000692308,0.061956300283782184,2.899332243638734e-07,8.839997462928295e-05,6.9999368861317635e-06,4.529999569058418e-05,0.06243129994254559,2.22999369725585e-05,1.7281288263017285,0.06798688508248868,0.06853104335997603
1.0,0.038852004801617074,1,datasets_sb01.npz,0.8766893391419298,0.8709468836096966,0.8766893391419274,0.1836218385122277,unconstrained_1to1,0.12503710964939146,0.12312444332210958,1000,30000,0.5,results\unconstrained_1to1_beta1_profile_2.csv,0.8582670313150725,0.9982380050952513,0.9992696238662079,0.14021803724736248,0.13997097378017878,75,2.200016751885414e-06,0.05470130580943078,0.008920994005165994,0.06362229981459677,0.06416660000104457,0.06373459985479712,2.9736646683886645e-07,8.769996929913759e-05,6.4999330788850784e-06,4.0100072510540485e-05,0.06421350000891834,2.2400054149329662e-05,1.569756839771632,0.08614625284297278,0.08423358651569089
1.0,0.03484983081065627,1,datasets_sb01.npz,1.0455678128692927,1.0531144588942845,1.0455678128692927,0.39648039659516543,unconstrained_1to1,0.10967161442248598,0.10853264125771153,1000,30000,0.5,results\unconstrained_1to1_beta1_profile_2.csv,0.8607924232220858,0.9982795304858716,0.9992332339621858,0.13772405730574233,0.1374871072637857,76,1.9000144675374031e-06,0.05493560072500259,0.008774399757385254,0.06371000048238784,0.06424689991399646,0.06381980050355196,2.924799919128418e-07,8.530006743967533e-05,7.00005330145359e-06,4.190008621662855e-05,0.06429620005656034,2.259993925690651e-05,1.6946552291434198,0.07478693378101905,0.07364796061624461
1.0,0.04662343182199407,1,datasets_sb01.npz,0.9493742447492325,0.9444740873893127,0.9493742447492279,0.25996041816659277,unconstrained_1to1,0.123722257466503,0.12376406388912406,1000,30000,0.5,results\unconstrained_1to1_beta1_profile_2.csv,0.8589920140685778,0.9981465254660494,0.9992064258652976,0.13941290967525866,0.13915451139747162,77,2.300017513334751e-06,0.05306500452570617,0.008596395142376423,0.061661399668082595,0.06220050004776567,0.06177589972503483,2.8654650474588075e-07,8.929998148232698e-05,6.5999338403344154e-06,4.2199972085654736e-05,0.06224989995826036,2.2900057956576347e-05,1.6387880713318723,0.07705220221268695,0.077094008635308
1.0,0.026898659921909127,1,datasets_sb01.npz,0.6743754251420103,0.6755155413046581,0.6743754251420084,0.10321910089850483,unconstrained_1to1,0.0849176246156165,0.08434226312843827,1000,30000,0.5,results\unconstrained_1to1_beta1_profile_2.csv,0.86479680378116,0.9986323247401653,0.9994778515358937,0.13401881517687503,0.13383552095900528,78,2.300017513334751e-06,0.08093590021599084,0.01252559944987297,0.09346149966586381,0.09417670010589063,0.09358949970919639,4.1751998166243237e-07,9.560002945363522e-05,9.7999582067132e-06,3.879994619637728e-05,0.09422590001486242,3.0099996365606785e-05,1.2455317493855158,0.05799206603378547,0.05741670454660724
1.0,0.033355346885555345,1,datasets_sb01.npz,1.5483011600888499,1.543991137935643,1.5483011600888423,0.944819684890767,unconstrained_1to1,0.0948016167501183,0.09442721016012354,1000,30000,0.5,results\unconstrained_1to1_beta1_profile_2.csv,0.8625354280355998,0.9982721976948821,0.9992762745979157,0.13597170187921997,0.13573676965928225,79,2.600019797682762e-06,0.09185450291261077,0.014455097261816263,0.10630960017442703,0.10714540001936257,0.10649360006209463,4.818365753938754e-07,0.0001118999207392335,1.4499993994832039e-05,6.240000948309898e-05,0.10722300002817065,6.949994713068008e-05,2.1517826352869327,0.06141291451767741,0.06103850792768263
1.0,0.03932066139603853,1,datasets_sb01.npz,1.2152717928123447,1.217252246323727,1.2152717928123467,0.5099120641104654,unconstrained_1to1,0.12951175210182964,0.1280580011334211,1000,30000,0.5,results\unconstrained_1to1_beta1_profile_2.csv,0.8661872810170491,0.9987450792459058,0.9993309006351441,0.1327243567787522,0.13255779822885672,80,3.4999102354049683e-06,0.11913409875705838,0.018231800640933216,0.1373658993979916,0.13830240000970662,0.1375384993152693,6.077266880311072e-07,0.0001382000045850873,1.0199961252510548e-05,8.150003850460052e-05,0.13839500001631677,3.090000245720148e-05,1.920631521514224,0.09015177004439508,0.08869801907598655
1.0,0.04392125950851039,1,datasets_sb01.npz,1.320201714963061,1.3164630396135122,1.3202017149630623,0.6059444197588012,unconstrained_1to1,0.13279974066860292,0.13243113113700367,1000,30000,0.5,results\unconstrained_1to1_beta1_profile_2.csv,0.865342968298371,0.9987570844513777,0.9993442594864618,0.13358014499220472,0.1334141161530067,81,2.800021320581436e-06,0.10004680056590587,0.015424699755385518,0.11547150032129139,0.1162806999636814,0.11561520025134087,5.141566585128506e-07,0.00011129991617053747,9.7999582067132e-06,6.600003689527512e-05,0.11635699996259063,2.95999925583601e-05,2.034459010167321,0.08883455990058403,0.08846595036898476
1.0,0.035996459578026295,1,datasets_sb01.npz,0.9748183894676401,0.9777831060338061,0.9748183894676454,0.34084410184183156,unconstrained_1to1,0.10462395808273933,0.10381149158531275,1000,30000,0.5,results\unconstrained_1to1_beta1_profile_2.csv,0.8621067215940106,0.9986352800215432,0.9993273645106614,0.1367151363054061,0.13652855842753267,82,2.600019797682762e-06,0.08989229972939938,0.014235901180654764,0.10412820091005415,0.10488960007205606,0.10427050094585866,4.745300393551588e-07,0.00011090002954006195,9.7999582067132e-06,6.029999349266291e-05,0.10496020002756268,2.8799986466765404e-05,1.6087926770934486,0.068591502045135,0.06777903554770842
1.0,0.03036004115436009,1,datasets_sb01.npz,1.1786249061654617,1.1724746764148584,1.178624906165463,0.565898203514426,unconstrained_1to1,0.09772855376447592,0.09781694775671008,1000,30000,0.5,results\unconstrained_1to1_beta1_profile_2.csv,0.8650585828639636,0.9987492154047015,0.9993394988291562,0.1338580601403179,0.13369063254073785,83,2.400018274784088e-06,0.09537340083625168,0.014739499194547534,0.11011290003079921,0.11090299999341369,0.11025080003309995,4.913166398182512e-07,0.00010499998461455107,1.0999967344105244e-05,6.170000415295362e-05,0.11097629996947944,3.0499999411404133e-05,1.7913516088164974,0.06733815256896147,0.06742654656119564
1.0,0.037372724315215974,1,datasets_sb01.npz,0.9382130370394777,0.9410126292253143,0.9382130370394766,0.25712373407833955,unconstrained_1to1,0.12075245694712855,0.1182342143433704,1000,30000,0.5,results\unconstrained_1to1_beta1_profile_2.csv,0.8637790392225432,0.9984882943874572,0.9993498277713925,0.13491320421292885,0.13470925516491405,84,2.7999049052596092e-06,0.10833620268385857,0.016895396285690367,0.12523159896954894,0.1261921999976039,0.1254211988998577,5.631798761896789e-07,0.00011190003715455532,1.610000617802143e-05,6.520003080368042e-05,0.1262743000406772,7.489998824894428e-05,1.619302340000616,0.08334235990759736,0.08082411730383922
1.0,0.035286439638088765,1,datasets_sb01.npz,1.103610781557032,1.1026682354112902,1.1036107815570313,0.45210541662458337,unconstrained_1to1,0.11049022296328692,0.10899594335482782,1000,30000,0.5,results\unconstrained_1to1_beta1_profile_2.csv,0.866710983736658,0.9979293606125796,0.9992363223997238,0.13149064658782378,0.13121837687592164,85,4.500034265220165e-06,0.12762249901425093,0.019321801024489105,0.14694430003874004,0.14811680000275373,0.14724920003209263,6.440600341496368e-07,0.00021510000806301832,1.7999904230237007e-05,9.42000187933445e-05,0.1482299999333918,8.52999510243535e-05,1.7551161464894807,0.07516849688556007,0.07367421727710097
1.0,0.0377823402785171,1,datasets_sb01.npz,1.0694233578536578,1.0592537351152023,1.0694233578536603,0.4312318570919078,unconstrained_1to1,0.10602051011155111,0.10450034649530876,1000,30000,0.5,results\unconstrained_1to1_beta1_profile_2.csv,0.8648132891309698,0.9979914821615343,0.9991696690997585,0.13344622214822513,0.13317819303056458,86,5.300040356814861e-06,0.12129239866044372,0.018678601132705808,0.13997099979314953,0.1410313000669703,0.14025269984267652,6.226200377568603e-07,0.00024580000899732113,9.299954399466515e-06,0.00010710000060498714,0.14114850002806634,3.060000017285347e-05,1.7076148586154078,0.0682003874927555,0.06668022387651315
1.0,0.03227730781680726,1,datasets_sb01.npz,1.0282534713465743,1.0318944925608067,1.028253471346575,0.35831349698284176,unconstrained_1to1,0.1168314164021446,0.11653158588915324,1000,30000,0.5,results\unconstrained_1to1_beta1_profile_2.csv,0.8602309717419364,0.9984134332833838,0.9992098732775219,0.13840204562054062,0.13818246154144748,87,2.900022082030773e-06,0.07341340137645602,0.011792698525823653,0.08520609990227968,0.08586760004982352,0.08534149988554418,3.930899508607884e-07,0.00010579999070614576,8.399947546422482e-06,5.889998283237219e-05,0.08593549998477101,2.6699970476329327e-05,1.6981934457103067,0.08452183127752054,0.08422200076452918
1.0,0.02771992817326729,1,datasets_sb01.npz,1.157334958222673,1.1548535477673625,1.1573349582226728,0.49353804070421414,unconstrained_1to1,0.11469865360969589,0.1153213201949356,1000,30000,0.5,results\unconstrained_1to1_beta1_profile_2.csv,0.8595973608599452,0.9981802087608173,0.9991232023014023,0.13883549952659813,0.13858284790087205,88,2.400018274784088e-06,0.060131499893032014,0.009694299777038395,0.06982579967007041,0.0704220999032259,0.06995309970807284,3.2314332590127986e-07,9.930005762726068e-05,8.200062438845634e-06,5.3200055845081806e-05,0.07048390002455562,2.559996210038662e-05,1.821131875741132,0.08695100550825534,0.08757367209349505
1.0,0.03735326566389793,1,datasets_sb01.npz,0.636907036694412,0.6266819110855927,0.6369070366944143,-0.0008504416857634256,unconstrained_1to1,0.10587635392280298,0.10518025014808688,1000,30000,0.5,results\unconstrained_1to1_beta1_profile_2.csv,0.8696641823829184,0.9984088130427461,0.9992056360821575,0.1289498139218804,0.12874463065982758,89,2.300017513334751e-06,0.06946660089306533,0.010283799259923398,0.07975040015298873,0.0803777000401169,0.07987750018946826,3.4279330866411327e-07,9.430001955479383e-05,1.0999967344105244e-05,5.2299932576715946e-05,0.08044159994460642,3.0499999411404133e-05,1.2746645150745874,0.06848573499324116,0.06778963121852506
1.0,0.029518275136348405,1,datasets_sb01.npz,1.3036290488090196,1.3104106078660607,1.3036290488090165,0.6942405716659663,unconstrained_1to1,0.09666657540470888,0.09708910428977215,1000,30000,0.5,results\unconstrained_1to1_beta1_profile_2.csv,0.857626554465386,0.9976459724106974,0.9985937441836994,0.14034980525904445,0.14001941794531142,90,3.300025127828121e-06,0.06441230000928044,0.010516200447455049,0.07492850045673549,0.07562659995164722,0.07510530040599406,3.505400149151683e-07,0.00014409993309527636,1.0200077667832375e-05,9.550002869218588e-05,0.07573310006409883,2.9399991035461426e-05,1.913017525952073,0.06711878199322413,0.0675413108782874
1.0,0.023295844266478054,1,datasets_sb01.npz,1.0773516838993127,1.07956973806413,1.0773516838993096,0.5158161233282001,unconstrained_1to1,0.08208095215168514,0.08219245306117079,1000,30000,0.5,results\unconstrained_1to1_beta1_profile_2.csv,0.8555570846687225,0.9981092107645119,0.998900234134161,0.14282217272256223,0.14255212609578938,91,2.500019036233425e-06,0.0612666989909485,0.010208200430497527,0.07147489942144603,0.07211770000867546,0.07161029940471053,3.402733476832509e-07,0.00010629999451339245,8.699949830770493e-06,6.490002851933241e-05,0.0721970999147743,2.659996971487999e-05,1.6388872444704252,0.0587618120409406,0.05887331295042626
1.0,0.034194280552013734,1,datasets_sb01.npz,0.8138295078458236,0.8151692511691935,0.813829507845822,0.20183228141959597,unconstrained_1to1,0.09749599259511543,0.09617905624430034,1000,30000,0.5,results\unconstrained_1to1_beta1_profile_2.csv,0.8575331774436662,0.9982032990190773,0.9990968256914411,0.14092331864024693,0.14067012157541114,92,2.300017513334751e-06,0.061139799654483795,0.010029399767518044,0.07116919942200184,0.07179279997944832,0.07129729934968054,3.343133255839348e-07,9.96999442577362e-05,8.79995059221983e-06,5.5600074119865894e-05,0.07185770000796765,2.6099965907633305e-05,1.4258267342720514,0.0632675177625497,0.061950581411734595
1.0,0.04239915631022527,1,datasets_sb01.npz,1.451566712040777,1.4448633103373578,1.451566712040776,0.7839090813651309,unconstrained_1to1,0.11603673255919861,0.11504297689916304,1000,30000,0.5,results\unconstrained_1to1_beta1_profile_2.csv,0.8573766033825704,0.9981070504850117,0.9990981084036781,0.14099734796388416,0.1407304471024413,93,2.500019036233425e-06,0.059424600447528064,0.009753999067470431,0.0691785995149985,0.06979019998107105,0.06930979946628213,3.2513330224901436e-07,0.00010359997395426035,8.599949069321156e-06,5.380006041377783e-05,0.06985319999512285,2.5099958293139935e-05,2.119224342716423,0.07359517709266311,0.07260142143262756
1.0,0.03658010811868068,1,datasets_sb01.npz,0.8302939179165068,0.8340762674032022,0.8302939179165088,0.1491081269974457,unconstrained_1to1,0.1207866726754547,0.12088397292098901,1000,30000,0.5,results\unconstrained_1to1_beta1_profile_2.csv,0.8588461950465238,0.9979083228052703,0.9990959755017088,0.1393536105278909,0.13906212775874646,94,2.400018274784088e-06,0.05867499834857881,0.0095005021430552,0.06817550049163401,0.06885189993772656,0.06831840053200722,3.166834047685067e-07,0.00011470005847513676,8.70006624609232e-06,5.3200055845081806e-05,0.06891420006286353,2.5799963623285294e-05,1.5114797088355678,0.08416998444865535,0.08426728469418966
1.0,0.0255821796652302,1,datasets_sb01.npz,1.5517122584200487,1.553832054587048,1.551712258420052,0.9783149501555735,unconstrained_1to1,0.08558529600295335,0.08496354009340705,1000,30000,0.5,results\unconstrained_1to1_beta1_profile_2.csv,0.8590079644870312,0.9980707106863558,0.9991050271463784,0.13933155708345907,0.13906274619932454,95,2.399901859462261e-06,0.062022693920880556,0.01004070567432791,0.07206339959520847,0.07267469994258136,0.07220269949175417,3.3469018914426367e-07,0.0001066999975591898,8.00006091594696e-06,5.6600081734359264e-05,0.07273980008903891,3.0199997127056122e-05,2.125109566684524,0.05997753415805792,0.059355778248511626
1.0,0.036015103337636946,1,datasets_sb01.npz,0.9787232287341117,0.9885368182840878,0.9787232287341169,0.3395143335601105,unconstrained_1to1,0.1063588118673384,0.1056815646032788,1000,30000,0.5,results\unconstrained_1to1_beta1_profile_2.csv,0.857436653113359,0.9982190196606701,0.999123880244519,0.14103354451728234,0.14078236654731105,96,2.300017513334751e-06,0.05854320235084742,0.009612197638489306,0.06815539998933673,0.06876589998137206,0.06827699998393655,3.2040658794964353e-07,9.390001650899649e-05,8.500064723193645e-06,5.149992648512125e-05,0.06882619997486472,2.5399960577487946e-05,1.6179321239081128,0.07030769342636381,0.06963044616230421
1.0,0.04895928858063707,1,datasets_sb01.npz,1.3346618122827898,1.3388262133802251,1.3346618122827878,0.607128671844291,unconstrained_1to1,0.1377822965525574,0.1365674251405642,1000,30000,0.5,results\unconstrained_1to1_beta1_profile_2.csv,0.8533467057078508,0.9982647168272436,0.9991303019354002,0.14516992204230325,0.1449180111193929,97,2.300017513334751e-06,0.05871639819815755,0.009971402701921761,0.06868780090007931,0.06927410000935197,0.06880720087792724,3.323800900640587e-07,9.119999594986439e-05,8.200062438845634e-06,5.159992724657059e-05,0.06933440000284463,2.589996438473463e-05,2.0621949527212884,0.08877404868333968,0.08755917727134647
1.0,0.04109608118804885,1,datasets_sb01.npz,1.4913257591127909,1.4960317426816538,1.4913257591127853,0.8398622844945668,unconstrained_1to1,0.1104760148796464,0.10969589345370609,1000,30000,0.5,results\unconstrained_1to1_beta1_profile_2.csv,0.8656489084140074,0.9984424261440163,0.9992400458034186,0.13300067610593969,0.13279351773000891,98,2.200016751885414e-06,0.07080479944124818,0.010861699585802853,0.08166649902705103,0.08231079997494817,0.08179389906581491,3.6205665286009513e-07,9.53000271692872e-05,9.200070053339005e-06,5.279993638396263e-05,0.08237339998595417,2.989999484270811e-05,2.142789233731015,0.0693388376104095,0.0685587161844692
1.0,0.03607632453989658,1,datasets_sb01.npz,0.8370687912066018,0.8212909732895792,0.8370687912066046,0.23342680317710018,unconstrained_1to1,0.0948520537568224,0.09479266309021919,1000,30000,0.5,results\unconstrained_1to1_beta1_profile_2.csv,0.8574553494593129,0.9981561332039406,0.9990902747938882,0.14096069649243947,0.14070078374462766,99,2.600019797682762e-06,0.06640640110708773,0.010896698804572225,0.07730309991165996,0.07797450001817197,0.07744589983485639,3.632232934857408e-07,0.00011169991921633482,9.499955922365189e-06,6.089999806135893e-05,0.07804549997672439,2.8499984182417393e-05,1.4407107792361034,0.05873965289238593,0.05868026222578272
1.0,0.03663793780597147,1,datasets_sb01.npz,1.1311778056612833,1.131908752657748,1.1311778056612825,0.467960283364674,unconstrained_1to1,0.1144985115267736,0.11377318940932765,1000,30000,0.5,results\unconstrained_1to1_beta1_profile_2.csv,0.8590443582645779,0.9981641244270618,0.9989314618397535,0.13937564250001225,0.1391197661624839,100,2.600019797682762e-06,0.06714660068973899,0.010874199098907411,0.0780207997886464,0.07871509995311499,0.07816429971717298,3.624733032969137e-07,0.0001129999291151762,9.800074622035027e-06,7.35999783501029e-05,0.07879930001217872,2.789997961372137e-05,1.7943953279578926,0.07782393578299615,0.07709861366555021
