acceptance_count,beta,bwVar,covers_true,dataset_file,est,est_med,estdiff,k,ll,method,miVar,miVarpaired,n_mcmc,n_sampling_draws,pstar,result_file,share_estimation_in_method,share_mcmc_in_method,share_method_in_sim,share_sampling_in_mcmc,share_sampling_in_method,sim,time_allocation,time_mcmc_estimation,time_mcmc_sampling,time_mcmc_total,time_method_call,time_method_total,time_per_sampling_draw,time_setup,time_sim_post,time_sim_prep,time_sim_total,time_summary,ul,wiVar,wiVarpaired
1000,1.0,0.012094914016570306,1,datasets_sb01.npz,0.8696629235302603,0.8693639903624513,0.8696629235302576,2,0.4067532793844717,unconstrained_1tok,0.055780231841727576,0.060522616032115395,1000,30000,0.5,results\unconstrained_1tok_beta1_profile_3.csv,0.3411148174369848,0.9983045755996214,0.9991550239572623,0.6583058659907497,0.6571897581626365,1,2.0899999071843922e-05,0.08800370013341308,0.1695474000298418,0.2575511001632549,0.2588417000006302,0.2579885001614457,5.651580000994727e-06,0.000370699999621138,2.3200002033263445e-05,0.00019370000518392771,0.25906060000124853,4.579999949783087e-05,1.332572567676049,0.0436732229111407,0.04841560710152852
1000,1.0,0.01724244260946762,1,datasets_sb01.npz,1.0559066575745994,1.0601093806732602,1.055906657574602,2,0.5153193502055993,unconstrained_1tok,0.07607107374231202,0.08371724001507315,1000,30000,0.5,results\unconstrained_1tok_beta1_profile_3.csv,0.33435336439021296,0.9992188919714199,0.9997168959493471,0.6653852653540739,0.6648655275812069,2,1.32000059238635e-05,0.08886320014426019,0.17670550004550023,0.2655687001897604,0.26661089999834076,0.26577630019164644,5.8901833348500076e-06,0.00016099999629659578,1.1800002539530396e-05,6.260000373004004e-05,0.26668639999843435,3.3399999665562063e-05,1.5964939649435996,0.05881138869023494,0.06645755496299606
1000,1.0,0.014751242281334297,1,datasets_sb01.npz,1.4438487722992281,1.4519374297976544,1.443848772299225,2,0.9477254437946848,unconstrained_1tok,0.06407183389380129,0.0647601240237667,1000,30000,0.5,results\unconstrained_1tok_beta1_profile_3.csv,0.3269980228987791,0.9991730964320439,0.9996911574779169,0.6727313574930518,0.6721750735332648,3,1.2999997125007212e-05,0.08652420005819295,0.1778585999418283,0.26438280000002123,0.26542549999430776,0.26460160000715405,5.9286199980609425e-06,0.0001728000061120838,1.5899997379165143e-05,6.53000024612993e-05,0.2655075000002398,3.300000389572233e-05,1.9399721008037716,0.04930584037018566,0.049994130500151064
1000,1.0,0.01766884228016294,1,datasets_sb01.npz,1.0081826585825058,1.0058414202509869,1.0081826585825018,2,0.491287228745263,unconstrained_1tok,0.06954937666249167,0.06763815428287864,1000,30000,0.5,results\unconstrained_1tok_beta1_profile_3.csv,0.38269710926879513,0.9993897833528339,0.9997481694196713,0.6170692199945332,0.6166926740840387,4,1.200000406242907e-05,0.126621499985049,0.2040426999083138,0.3306641998933628,0.33188560000417056,0.330866099895502,6.801423330277127e-06,0.00015439999697264284,1.2399999832268804e-05,7.020000339252874e-05,0.33196920000045793,3.550000110408291e-05,1.5250780884197486,0.05186286554004856,0.04995164316043555
1000,1.0,0.015039518520014014,1,datasets_sb01.npz,0.9868013322122199,0.9847994183143387,0.9868013322122147,2,0.5161210057043905,unconstrained_1tok,0.05766867184545942,0.055782030401770516,1000,30000,0.5,results\unconstrained_1tok_beta1_profile_3.csv,0.35956916080211615,0.9992735702840384,0.9997505989139432,0.6401694475919038,0.6397044094819223,5,1.2500000593718141e-05,0.10087719995499356,0.17946919998212252,0.2803463999371161,0.28140410000196425,0.28055019993917085,5.982306666070751e-06,0.00015859999984968454,9.999996109399945e-06,5.9300000430084765e-05,0.2814742999980808,3.270000161137432e-05,1.4574816587200492,0.0426141138069254,0.04072747236323649
1000,1.0,0.017118535337079403,1,datasets_sb01.npz,0.9457202549916888,0.9461577600106228,0.9457202549916869,2,0.4044803182489164,unconstrained_1tok,0.07625485972649942,0.07405930885621467,1000,30000,0.5,results\unconstrained_1tok_beta1_profile_3.csv,0.36163572802223265,0.9992843398128552,0.9997632143784477,0.6381052783335328,0.6376486117906226,6,1.2399999832268804e-05,0.10212470006081276,0.18006980001518968,0.28219450007600244,0.28331160000379896,0.2823966000796645,6.002326667172989e-06,0.0001588000013725832,1.1200005246791989e-05,5.5000004067551345e-05,0.28337870000541443,3.090000245720148e-05,1.486960191734461,0.05911920585408295,0.05692365498379819
1000,1.0,0.01974838494503098,1,datasets_sb01.npz,1.3478334195983035,1.3465732301136846,1.347833419598303,2,0.7956444195694907,unconstrained_1tok,0.07937127544586113,0.0803696402264098,1000,30000,0.5,results\unconstrained_1tok_beta1_profile_3.csv,0.3420204886045376,0.9992693667566174,0.9997539595948276,0.6577294371440086,0.6572488781520798,7,1.2299999070819467e-05,0.09268679995875573,0.17811300001631025,0.270799799975066,0.2722460000004503,0.27099779997661244,5.937100000543675e-06,0.00015690000145696104,1.1600001016631722e-05,5.439999949885532e-05,0.2723130000013043,2.8800001018680632e-05,1.9000224196271163,0.05960314211588512,0.06060150689643379
1000,1.0,0.013387195830020666,1,datasets_sb01.npz,0.9639905209442632,0.9654840738563026,0.9639905209442593,2,0.4723396496173431,unconstrained_1tok,0.06292185008239269,0.07188570458028963,1000,30000,0.5,results\unconstrained_1tok_beta1_profile_3.csv,0.34940384611394065,0.9990194374222315,0.9997207028428075,0.6502532052674501,0.6496155913082908,8,1.550000160932541e-05,0.09588839988282416,0.17827679999027168,0.27416519987309584,0.2752570999946329,0.2744342998776119,5.942559999675723e-06,0.00022460000036517158,1.1000003723893315e-05,6.500000017695129e-05,0.2753339999981108,2.9000002541579306e-05,1.4556413922711833,0.049521267056542,0.05848512155443895
1000,1.0,0.019169135789555484,1,datasets_sb01.npz,1.2137425156684636,1.2135078726683832,1.2137425156684636,2,0.6663616024826198,unconstrained_1tok,0.0779950708351125,0.0800842005076688,1000,30000,0.5,results\unconstrained_1tok_beta1_profile_3.csv,0.3641024975888465,0.9993004221356331,0.9997764449371289,0.6356426060436232,0.6351979245467866,9,1.170000177808106e-05,0.1009692999869003,0.1761467999240267,0.277116099910927,0.27816900000470923,0.2773100999183953,5.8715599974675566e-06,0.00014630000077886507,8.500006515532732e-06,5.319999763742089e-05,0.2782311999981175,3.60000049113296e-05,1.7611234288543074,0.05880676590976747,0.06089589558232377
1000,1.0,0.021888008589507346,1,datasets_sb01.npz,1.273706029159258,1.2722640632554136,1.2737060291592566,2,0.7272838313128621,unconstrained_1tok,0.07772209972388737,0.07115164179108784,1000,30000,0.5,results\unconstrained_1tok_beta1_profile_3.csv,0.3579926028320081,0.9992195840182488,0.9997410926035957,0.641727795814028,0.6412269811862407,10,1.340000017080456e-05,0.09674410001753131,0.17328550006641308,0.2700296000839444,0.2710692000036943,0.27024050008913036,5.776183335547103e-06,0.00016560000221943483,7.90000194683671e-06,6.180000491440296e-05,0.27113939999981085,3.190000279573724e-05,1.8201282270056538,0.05581220312579052,0.04924174519299099
1000,1.0,0.01634042188423962,1,datasets_sb01.npz,1.1030869452946963,1.0991033180745093,1.103086945294694,2,0.583643571006962,unconstrained_1tok,0.07023672925120453,0.06865859206562339,1000,30000,0.5,results\unconstrained_1tok_beta1_profile_3.csv,0.3486730615278086,0.9992625374332815,0.9997650752567714,0.6510696153751399,0.6505894759054729,11,1.1600001016631722e-05,0.09172340001532575,0.17114680005033733,0.2628702000656631,0.263852299998689,0.2630642000658554,5.704893335011245e-06,0.00015359999815700576,7.399998139590025e-06,5.400000372901559e-05,0.2639142999978503,2.8800001018680632e-05,1.6225303195824305,0.05387996694508067,0.05230182975949953
1000,1.0,0.01287058775780089,1,datasets_sb01.npz,1.136832278514702,1.1365997819361024,1.1368322785147034,2,0.6588895535824268,unconstrained_1tok,0.05946200757905258,0.059468339059778344,1000,30000,0.5,results\unconstrained_1tok_beta1_profile_3.csv,0.3306810486004655,0.9992673609593833,0.9997619959467849,0.6690765039268539,0.6685863123589177,12,1.1000003723893315e-05,0.08544170006643981,0.1727500000706641,0.2581917001371039,0.25917759999720147,0.25838100014516385,5.758333335688804e-06,0.00014870000450173393,8.000002708286047e-06,5.329999839887023e-05,0.2592393000013544,2.9599999834317714e-05,1.6147750034469772,0.04657854923349389,0.04658488071421965
1000,1.0,0.018224439815393203,1,datasets_sb01.npz,1.1050793393372143,1.107038017591066,1.1050793393372065,2,0.5616229028814406,unconstrained_1tok,0.07688070031372563,0.07815274171991138,1000,30000,0.5,results\unconstrained_1tok_beta1_profile_3.csv,0.3304306741814366,0.9992471543813926,0.9997589719694452,0.6693203751118035,0.6688164801999559,13,1.1800002539530396e-05,0.08580670012452174,0.17367920002288884,0.2594859001474106,0.2604877999983728,0.2596814001517487,5.789306667429628e-06,0.00015189999976428226,7.800001185387373e-06,5.450000026030466e-05,0.2605505999963498,3.18000020342879e-05,1.648535775792988,0.058638036058517036,0.05991007746470278
1000,1.0,0.018202601882167328,1,datasets_sb01.npz,0.7179299365447429,0.7207638335930066,0.71792993654474,2,0.18439084790687144,unconstrained_1tok,0.07410036419838881,0.07414574101610141,1000,30000,0.5,results\unconstrained_1tok_beta1_profile_3.csv,0.3309872047136886,0.9992548970616166,0.9997685371857107,0.668765991853549,0.668267692347928,14,1.920000067912042e-05,0.08751070002472261,0.17668530000082683,0.26419600002554944,0.2652079999970738,0.26439300002675736,5.889510000027561e-06,0.00014699999883305281,8.09999619377777e-06,5.280000186758116e-05,0.2652693999989424,3.0800001695752144e-05,1.2514690251826144,0.05587955971433932,0.05592493653205192
1000,1.0,0.01303992949600187,1,datasets_sb01.npz,1.3480440895604173,1.3497345981358193,1.3480440895604153,2,0.8644553366692441,unconstrained_1tok,0.06087517751011042,0.06734229105544184,1000,30000,0.5,results\unconstrained_1tok_beta1_profile_3.csv,0.3250694783123676,0.9992475252860792,0.9997574468581327,0.6746857309260766,0.6741780469737116,15,1.1199997970834374e-05,0.08268490004411433,0.17148439993616194,0.25416929998027626,0.25513990000035847,0.2543606999752228,5.716146664538731e-06,0.00014769999688724056,9.10000380827114e-06,5.2299998060334474e-05,0.25520179999875836,3.2500000088475645e-05,1.8316328424515906,0.04782220808461255,0.054289321629943973
1000,1.0,0.019540529062633087,1,datasets_sb01.npz,0.8756937736589332,0.8768250869801387,0.8756937736589303,2,0.3462187453422093,unconstrained_1tok,0.07297579279753111,0.07172876452375568,1000,30000,0.5,results\unconstrained_1tok_beta1_profile_3.csv,0.3481757661932308,0.9991974630581593,0.999729018564743,0.6515445854640196,0.6510216968649284,16,1.1500000255182385e-05,0.09284260014101164,0.17359780017432058,0.2664404003153322,0.26747350000368897,0.26665440032229526,5.78659333914402e-06,0.00017080000543501228,8.09999619377777e-06,6.399999983841553e-05,0.26754600000276696,3.170000127283856e-05,1.4051688019756572,0.053415723205835396,0.052168694932059965
1000,1.0,0.012014366485388171,1,datasets_sb01.npz,1.0417915034211318,1.0457321466090779,1.0417915034211302,2,0.5628170574447249,unconstrained_1tok,0.05971900247251301,0.06887197821364202,1000,30000,0.5,results\unconstrained_1tok_beta1_profile_3.csv,0.3923577814765413,0.9993103251059237,0.9997827627977551,0.6073714324577276,0.6069525436293823,17,1.1799995263572782e-05,0.11378050003986573,0.17601119991741143,0.28979169995727716,0.29086300000199117,0.28999169995222474,5.867039997247047e-06,0.00015469999925699085,9.699993825051934e-06,5.299999611452222e-05,0.290926199995738,3.35000004270114e-05,1.5207659493975387,0.047692621620639454,0.05684559736176846
1000,1.0,0.014217524924297776,1,datasets_sb01.npz,1.3085022661123598,1.307307175218297,1.3085022661123626,2,0.799039461554425,unconstrained_1tok,0.06756360610892245,0.07208213056585709,1000,30000,0.5,results\unconstrained_1tok_beta1_profile_3.csv,0.35890070613059105,0.9991996408327308,0.9997211199116693,0.6408118143122189,0.6402989347021397,18,1.2299999070819467e-05,0.09273420005047228,0.16544299993984168,0.25817719999031397,0.25917889999982435,0.25838399999338435,5.514766664661389e-06,0.0001647000026423484,7.899994670879096e-06,6.38999990769662e-05,0.25925119999737944,2.9800001357216388e-05,1.8179650706702946,0.05333186365970038,0.05785038811663502
1000,1.0,0.014614200514379276,1,datasets_sb01.npz,1.351046681329481,1.3511575233966016,1.351046681329484,2,0.876957448230065,unconstrained_1tok,0.05850702856642867,0.05890799127907106,1000,30000,0.5,results\unconstrained_1tok_beta1_profile_3.csv,0.37531344539775313,0.9993247365861395,0.9997803648219695,0.6244329479125208,0.6240112911883864,19,1.1800002539530396e-05,0.10610279987304239,0.17641079998429632,0.2825135998573387,0.28358989999833284,0.2827044998630299,5.880359999476544e-06,0.00014540000120177865,8.09999619377777e-06,5.360000068321824e-05,0.28365219999977853,3.3700001949910074e-05,1.825135914428897,0.043878213851535015,0.0442791765641774
1000,1.0,0.015586755488650423,1,datasets_sb01.npz,1.0872544680210725,1.0868386744163487,1.0872544680210732,2,0.5991150607402969,unconstrained_1tok,0.06202626013651266,0.06366425150545127,1000,30000,0.5,results\unconstrained_1tok_beta1_profile_3.csv,0.385009358139089,0.9994963829555814,0.9998171916641263,0.614796646886716,0.6144870248164924,20,1.2399999832268804e-05,0.1576375000659027,0.25159439989511156,0.4092318999610143,0.410737699996389,0.4094380999667919,8.38647999650372e-06,0.00016110000433400273,9.60000033956021e-06,6.489999941550195e-05,0.41081280000071274,3.270000161137432e-05,1.5753938753018482,0.04642391789237359,0.048061909261312194
1000,1.0,0.019336872854584283,1,datasets_sb01.npz,1.4963579588966562,1.488999693810264,1.4963579588966576,2,0.9501691387379418,unconstrained_1tok,0.07765572346583935,0.086557279886526,1000,30000,0.5,results\unconstrained_1tok_beta1_profile_3.csv,0.3837567455193426,0.9993540913426977,0.9997728318640386,0.6159952224704056,0.615597345823355,21,1.2399999832268804e-05,0.12661010004376294,0.2030996000758023,0.32970970011956524,0.33095710000634426,0.3299228001123993,6.76998666919341e-06,0.00016150000010384247,9.700001101009548e-06,6.489999941550195e-05,0.33103229999687755,3.919999289792031e-05,2.0425467790553706,0.05829951373840048,0.06720107015908715
1000,1.0,0.013947097176581656,1,datasets_sb01.npz,1.2655845071810194,1.2621017468422229,1.26558450718102,2,0.7656321180514507,unconstrained_1tok,0.06506465831850371,0.07137450460743024,1000,30000,0.5,results\unconstrained_1tok_beta1_profile_3.csv,0.40340612324002706,0.9993281838936336,0.9997746719310262,0.5963226798345109,0.5959220606536066,22,1.309999788645655e-05,0.1276000999569078,0.18849420007609297,0.31609430003300076,0.31724360000225715,0.316306800035818,6.283140002536432e-06,0.00016709999908925965,8.299997716676444e-06,6.269999721553177e-05,0.3173151000009966,3.2300005841534585e-05,1.7655368963105882,0.05110361404474548,0.057413460333672006
1000,1.0,0.01528887153687031,1,datasets_sb01.npz,0.8187279996301051,0.81530099191339,0.8187279996301045,2,0.28950217597209527,unconstrained_1tok,0.07290711485487791,0.07862917810639902,1000,30000,0.5,results\unconstrained_1tok_beta1_profile_3.csv,0.357257491802338,0.9993133506892671,0.9997653113302227,0.6424970290290598,0.6420558588869291,23,1.1800002539530396e-05,0.10135270007594954,0.18214900006569223,0.2835017001416418,0.2845655999990413,0.2836965001479257,6.071633335523074e-06,0.00015240000357152894,7.899994670879096e-06,5.8400000852998346e-05,0.2846323999983724,3.060000017285347e-05,1.347953823288115,0.05760295444647073,0.06332501769799184
1000,1.0,0.015294936952799569,1,datasets_sb01.npz,0.7956953815409225,0.7960472688368949,0.7956953815409201,2,0.31680670319032234,unconstrained_1tok,0.05969761720438997,0.059890553246525674,1000,30000,0.5,results\unconstrained_1tok_beta1_profile_3.csv,0.35385467960462585,0.9992855955196963,0.999773074715631,0.6458923442996319,0.6454309159150704,24,1.2099997547920793e-05,0.09916189996147295,0.18087130001367768,0.28003319997515064,0.2810860000026878,0.2802333999716211,6.029043333789256e-06,0.0001604999997653067,7.599999662488699e-06,5.570000212173909e-05,0.2811498000010033,2.7599999157246202e-05,1.2745840598915226,0.0443873853146376,0.044580321356773304
1000,1.0,0.01689244499946847,1,datasets_sb01.npz,1.2924010306593037,1.2882627694655624,1.2924010306593063,2,0.7550043720664777,unconstrained_1tok,0.0751757519436522,0.07979906632426914,1000,30000,0.5,results\unconstrained_1tok_beta1_profile_3.csv,0.36781375887921436,0.9993759601332469,0.9997854019275838,0.6319565673461129,0.6315622012540325,25,1.3899996702093631e-05,0.10762580009759404,0.18480109996016836,0.2924269000577624,0.2935090999962995,0.292609500051185,6.160036665338945e-06,0.0001286999977310188,9.10000380827114e-06,5.339999916031957e-05,0.2935721000030753,3.9999998989515007e-05,1.8297976892521297,0.058266414499184266,0.06288972887980121
1000,1.0,0.01671144220445728,1,datasets_sb01.npz,0.9569029035702372,0.9582929047809499,0.9569029035702331,2,0.4381676366021646,unconstrained_1tok,0.07004536578416219,0.07224253173033574,1000,30000,0.5,results\unconstrained_1tok_beta1_profile_3.csv,0.3573047168429161,0.9992479163877594,0.9997593066558753,0.6424263578806768,0.6419431995448434,26,1.3700002455152571e-05,0.10223860002588481,0.18368460007332033,0.28592320009920513,0.28701819999696454,0.28613840010075364,6.122820002444011e-06,0.00016950000281212851,8.700000762473792e-06,5.970000347588211e-05,0.2870872999992571,3.199999628122896e-05,1.4756381705383097,0.05331721213750045,0.055514378083674
1000,1.0,0.016994917990109177,1,datasets_sb01.npz,0.9857354260407226,0.9881146532567986,0.9857354260407183,2,0.45246419844036445,unconstrained_1tok,0.07402597932798652,0.08044696229130621,1000,30000,0.5,results\unconstrained_1tok_beta1_profile_3.csv,0.3560669582293821,0.9992727011424773,0.9997670212863322,0.6436738861951421,0.6432057429130953,27,1.1800002539530396e-05,0.10021589992538793,0.18103179998433916,0.2812476999097271,0.2823634000014863,0.2814523999186349,6.034393332811305e-06,0.00015490000077988952,8.600000001024455e-06,5.660000169882551e-05,0.28242919999320293,3.800000558840111e-05,1.519006653641081,0.05701406641988723,0.06343504938320693
1000,1.0,0.016997173275726845,1,datasets_sb01.npz,0.9786888677312633,0.9745247973412824,0.9786888677312617,2,0.48666492093677927,unconstrained_1tok,0.06301737927405802,0.056361319947008603,1000,30000,0.5,results\unconstrained_1tok_beta1_profile_3.csv,0.40170996358005806,0.9993224568574947,0.9997862631104925,0.5980176760529432,0.5976124932774366,28,1.4199998986441642e-05,0.1301991001528222,0.19369350008491892,0.32389260023774114,0.3250966000050539,0.32411220023641363,6.456450002830631e-06,0.0001703000016277656,8.900002285372466e-06,6.0200000007171184e-05,0.32516609999584034,3.5099998058285564e-05,1.4707128145257473,0.04600320882505545,0.03934714949800604
1000,1.0,0.01696108661092192,1,datasets_sb01.npz,0.7755760048991411,0.7750708033227509,0.7755760048991435,2,0.23731646691992003,unconstrained_1tok,0.07541736001291248,0.08039296575882218,1000,30000,0.5,results\unconstrained_1tok_beta1_profile_3.csv,0.400232349585826,0.9993625435510856,0.9997896967752617,0.5995123569834225,0.5991301939652596,29,1.290000363951549e-05,0.13298039998335298,0.19906579994858475,0.33204619993193774,0.3332580999995116,0.3322579999367008,6.635526664952825e-06,0.00016529999993508682,8.200004231184721e-06,6.120000034570694e-05,0.33332819999486674,3.360000118846074e-05,1.3138355428783624,0.05843931231537964,0.06341491806128934
1000,1.0,0.015564846902341238,1,datasets_sb01.npz,0.9876372834624815,0.987685050334639,0.9876372834624846,2,0.48019808433530864,unconstrained_1tok,0.06702794169378035,0.06895527156798265,1000,30000,0.5,results\unconstrained_1tok_beta1_profile_3.csv,0.3621692452189438,0.9991328187641582,0.9997431970671996,0.6375164158185533,0.6369635735452143,30,1.359999441774562e-05,0.10035880005307263,0.17650559997127857,0.2768644000243512,0.2779627999989316,0.27710470002057264,5.883519999042619e-06,0.0001919999995152466,9.699993825051934e-06,6.0999998822808266e-05,0.2780341999969096,3.470000228844583e-05,1.4950764825896543,0.05144752994453677,0.053374859818739066
1000,1.0,0.024491606621909977,1,datasets_sb01.npz,0.47560483684707766,0.47710317368870514,0.4756048368470766,2,-0.14493804928225285,unconstrained_1tok,0.10023778465371698,0.09804598053833224,1000,30000,0.5,results\unconstrained_1tok_beta1_profile_3.csv,0.3307170749320726,0.999217615007417,0.9997296547782191,0.6690239743925874,0.6685005400753444,31,1.2700002116616815e-05,0.08889460012869677,0.1796886000156519,0.26858320014434867,0.26958230000309413,0.26879350014496595,5.98962000052173e-06,0.000167199999850709,7.700000423938036e-06,6.459999713115394e-05,0.26965519999794196,3.0399998649954796e-05,1.0961477229764083,0.07572168642518509,0.07352988230980036
1000,1.0,0.014475968367094484,1,datasets_sb01.npz,1.0859523355162337,1.0892931468205576,1.085952335516236,2,0.5885444428715523,unconstrained_1tok,0.06440405343222172,0.06661159259055163,1000,30000,0.5,results\unconstrained_1tok_beta1_profile_3.csv,0.33071325141427466,0.999287545387094,0.9997668270587062,0.6690509624172627,0.6685742939728193,32,1.1500000255182385e-05,0.08963479987141909,0.1812068998842733,0.2708416997556924,0.271837799999048,0.27103479974903166,6.040229996142443e-06,0.00015199999324977398,8.199996955227107e-06,5.450000026030466e-05,0.2719012000015937,2.9599999834317714e-05,1.5833602281609152,0.049913609096760146,0.05212114825509005
1000,1.0,0.013357490157711522,1,datasets_sb01.npz,0.7678436610774082,0.7664241205224133,0.7678436610774088,2,0.29299719889731474,unconstrained_1tok,0.05869407607375858,0.0591505461368053,1000,30000,0.5,results\unconstrained_1tok_beta1_profile_3.csv,0.3257786867860006,0.9992511567139797,0.999757929468092,0.6739771732090677,0.673472469927979,33,1.1600001016631722e-05,0.08692150021670386,0.17969020017335424,0.2666117003900581,0.2676257999992231,0.26681150039075874,5.989673339111808e-06,0.0001536999989184551,9.60000033956021e-06,5.4600001021753997e-05,0.2676906000051531,3.4500000765547156e-05,1.2426901232575016,0.04532322842588935,0.045779698488936066
1000,1.0,0.01553629983287965,1,datasets_sb01.npz,0.7943030892037171,0.794101067583002,0.7943030892037164,2,0.26791896826574324,unconstrained_1tok,0.07212626061423458,0.07763149223126596,1000,30000,0.5,results\unconstrained_1tok_beta1_profile_3.csv,0.319534668152424,0.9992150697746737,0.9997049367155697,0.6802143224036041,0.6796804016222496,34,1.1999996786471456e-05,0.08451120016252389,0.17976330017700093,0.2642745003395248,0.26528849999886006,0.2644821003341349,5.992110005900031e-06,0.00016289999621221796,9.200004569720477e-06,6.839999696239829e-05,0.26536679999844637,3.270000161137432e-05,1.3206872101416909,0.05657442448152204,0.06207965609855343
1000,1.0,0.015362940830445981,1,datasets_sb01.npz,0.6778442401051425,0.6788709601876066,0.6778442401051443,2,0.17295628623333514,unconstrained_1tok,0.06635564503458462,0.06839033879041265,1000,30000,0.5,results\unconstrained_1tok_beta1_profile_3.csv,0.3207499333425708,0.9992109394287503,0.9997290286466757,0.6789967756698663,0.6784610060861794,35,1.1800002539530396e-05,0.08564869997644564,0.1811669999442529,0.26681569992069853,0.26785240000026533,0.2670263999243616,6.038899998141763e-06,0.00016410000534961,9.60000033956021e-06,6.25000029685907e-05,0.2679250000001048,3.479999577393755e-05,1.18273219397695,0.05097734126330819,0.05301203501913622
1000,1.0,0.01364161017540802,1,datasets_sb01.npz,0.7116882863889413,0.708048251813036,0.7116882863889428,2,0.2382657314640279,unconstrained_1tok,0.058342595666293386,0.05847856042337056,1000,30000,0.5,results\unconstrained_1tok_beta1_profile_3.csv,0.33799702934311154,0.9992831804370665,0.9997443017481381,0.6617605139763502,0.6612861510939549,36,1.2399999832268804e-05,0.09670940000069095,0.18921049994241912,0.28591989994311007,0.28698370000347495,0.28612499994051177,6.307016664747304e-06,0.00015949999942677096,9.900002623908222e-06,6.289999873843044e-05,0.28705710000213003,3.319999814266339e-05,1.1851108413138547,0.04468734388070996,0.044823308637787135
1000,1.0,0.017191260451407942,1,datasets_sb01.npz,0.7524298443786915,0.7514214603719869,0.7524298443786924,2,0.21149655007956647,unconstrained_1tok,0.07616847898826111,0.08320863896910498,1000,30000,0.5,results\unconstrained_1tok_beta1_profile_3.csv,0.3203324844678541,0.9992536644758275,0.9997325186811699,0.6794282614556245,0.6789211800079733,37,1.2399999832268804e-05,0.08725779994711047,0.1849364999725367,0.27219429991964716,0.2732170000017504,0.27239759992517065,6.1645499990845566e-06,0.00015920000441838056,8.000002708286047e-06,6.44999963697046e-05,0.27329009999812115,3.170000127283856e-05,1.2933631386778166,0.05896002727640176,0.06600018725724563
1000,1.0,0.019558601373825913,1,datasets_sb01.npz,0.9467823064041112,0.9464368922522632,0.9467823064041087,2,0.3993913018858397,unconstrained_1tok,0.0779979466439823,0.07446501724128063,1000,30000,0.5,results\unconstrained_1tok_beta1_profile_3.csv,0.3236099941557495,0.9992951323800864,0.9997546420345916,0.6761617427426205,0.6756851382243368,38,1.1499992979224771e-05,0.09058190001087496,0.18913150006119395,0.2797134000720689,0.2807452999986708,0.27991070006100927,6.304383335373132e-06,0.00015159999747993425,9.399998816661537e-06,5.8999998145736754e-05,0.28081419999944046,3.4199998481199145e-05,1.4941733109223827,0.058419786668782565,0.0548868572660809
1000,1.0,0.01966430936426461,1,datasets_sb01.npz,1.141089921062283,1.1426099602304656,1.141089921062282,2,0.5976734869726161,unconstrained_1tok,0.07686938276726604,0.0719254222711312,1000,30000,0.5,results\unconstrained_1tok_beta1_profile_3.csv,0.31617368433862836,0.9992144270638518,0.9997314204356921,0.6835777428997988,0.6830407427252234,39,1.219999830937013e-05,0.08460030004061991,0.1827648999169469,0.2673651999575668,0.2683772000018507,0.2675753999501467,6.092163330564896e-06,0.00016399999731220305,8.900002285372466e-06,6.269999721553177e-05,0.2684492999978829,3.399999695830047e-05,1.6845063551519497,0.057185409093637174,0.052241448597502335
1000,1.0,0.01802730268186627,1,datasets_sb01.npz,1.3323654210676619,1.330953384088637,1.3323654210676619,2,0.812085594562945,unconstrained_1tok,0.07046311377232878,0.06675696251151987,1000,30000,0.5,results\unconstrained_1tok_beta1_profile_3.csv,0.3329298621052019,0.9992054355643026,0.999704612388862,0.6668053933101561,0.6662755734591007,40,1.309999788645655e-05,0.09054790010850411,0.18120889994315803,0.27175680005166214,0.2727812000011909,0.2719729000455118,6.040296664771934e-06,0.00016929999401327223,9.60000033956021e-06,7.029999687802047e-05,0.27286179999646265,3.3700001949910074e-05,1.8526452475723787,0.05241778378778065,0.048711632526971735
1000,1.0,0.021212247063614974,1,datasets_sb01.npz,1.0868209572148544,1.0853561998632388,1.0868209572148535,2,0.5113062910246621,unconstrained_1tok,0.0862185368075824,0.0761080055539164,1000,30000,0.5,results\unconstrained_1tok_beta1_profile_3.csv,0.3311645511613081,0.9992470224700817,0.9997370585871265,0.6685859014694002,0.6680824713087736,41,1.189999602502212e-05,0.08963260006566998,0.1808224000778864,0.2704550001435564,0.2714720000003581,0.2706588001383352,6.027413335929547e-06,0.00016229999891947955,8.300004992634058e-06,6.270000449148938e-05,0.27154340000561206,2.9599999834317714e-05,1.6623356234050468,0.06498507749690381,0.05487454624323782
1000,1.0,0.017741068252588827,1,datasets_sb01.npz,0.8883705959010152,0.8933704662749486,0.8883705959010141,2,0.36009103822769617,unconstrained_1tok,0.07264662928350625,0.07389649738055903,1000,30000,0.5,results\unconstrained_1tok_beta1_profile_3.csv,0.3433698498497797,0.999289617839714,0.9996725572142852,0.6563860529321979,0.6559197679899343,42,1.080000220099464e-05,0.09604350002337014,0.18346640009258408,0.2795099001159542,0.28056780000042636,0.2797086001155549,6.115546669752803e-06,0.00015529999654972926,1.0000003385357559e-05,8.13999940874055e-05,0.2806596999944304,3.260000084992498e-05,1.4166501535743343,0.05488781996266484,0.056137688059717625
1000,1.0,0.014420613015047814,1,datasets_sb01.npz,0.7697122733860071,0.7746999775235321,0.7697122733860119,2,0.2672056315092116,unconstrained_1tok,0.0657311862584064,0.07064160578418481,1000,30000,0.5,results\unconstrained_1tok_beta1_profile_3.csv,0.34422935719407377,0.9992448833854576,0.9997347068762326,0.6555105130708108,0.6550155261913838,43,1.2500000593718141e-05,0.09582230007799808,0.18233510011486942,0.2781574001928675,0.27923960000043735,0.27836760019272333,6.077836670495647e-06,0.0001601999974809587,8.800001523923129e-06,6.489999941550195e-05,0.27931370000442257,3.7500001781154424e-05,1.2722189152628025,0.05129615263034354,0.05620657215612195
1000,1.0,0.014527174208740737,1,datasets_sb01.npz,1.2886163255539793,1.2891159845231526,1.2886163255539769,2,0.822337620488654,unconstrained_1tok,0.05659512463489084,0.05609468456627391,1000,30000,0.5,results\unconstrained_1tok_beta1_profile_3.csv,0.3381652114437928,0.9992502197096709,0.999757113614065,0.6615810486966461,0.6610850082658781,44,1.2099997547920793e-05,0.09462380006152671,0.18498169985832646,0.2796054999198532,0.2807214999993448,0.2798152999166632,6.166056661944215e-06,0.00016029999824240804,8.600000001024455e-06,5.9100006183143705e-05,0.2807896999947843,3.740000101970509e-05,1.7548950306193047,0.04205342325194136,0.041552983183324434
1000,1.0,0.0213079962345357,1,datasets_sb01.npz,1.4003646385551454,1.4000077838799476,1.4003646385551456,2,0.8213719743078853,unconstrained_1tok,0.08726377167121523,0.09000743051338336,1000,30000,0.5,results\unconstrained_1tok_beta1_profile_3.csv,0.32680006835957853,0.9992797275540699,0.9997672954688288,0.6729643768922593,0.6724796591944913,45,1.1900003300979733e-05,0.0919685001426842,0.1892501000475022,0.2812186001901864,0.28226659999927506,0.28142130019841716,6.308336668250074e-06,0.0001582000040798448,8.800001523923129e-06,5.650000093737617e-05,0.28233230000478216,3.260000084992498e-05,1.9793573028024054,0.065934467440445,0.06867812628261313
1000,1.0,0.014524217233699888,1,datasets_sb01.npz,0.9956321924771475,0.9960145472608803,0.9956321924771477,2,0.5264624057753291,unconstrained_1tok,0.05729911723079702,0.05685020786604482,1000,30000,0.5,results\unconstrained_1tok_beta1_profile_3.csv,0.3290147538303291,0.9992539133304076,0.99975586176117,0.6707395893664727,0.6702391595000785,46,1.1199997970834374e-05,0.09027009997225832,0.18389009984821314,0.27416019982047146,0.2751866999969934,0.27436489981482737,6.129669994940438e-06,0.00015970000094966963,8.499999239575118e-06,5.819999933009967e-05,0.27525389999937033,3.37999954354018e-05,1.464801979178966,0.04276037577986343,0.04231146641511123
1000,1.0,0.014237238034582668,1,datasets_sb01.npz,1.1806549479575892,1.1786623304801411,1.1806549479575932,2,0.69583511011829,unconstrained_1tok,0.06118551519224395,0.06317379450657412,1000,30000,0.5,results\unconstrained_1tok_beta1_profile_3.csv,0.31688783694546446,0.9992278822361672,0.9997527935742838,0.6828672992628041,0.6823400452907028,47,1.290000363951549e-05,0.0845862999703968,0.1821358001907356,0.2667221001611324,0.2677261999997427,0.2669282001661486,6.071193339691187e-06,0.0001604999997653067,8.900002285372466e-06,5.680000322172418e-05,0.26779240000178106,3.270000161137432e-05,1.6654747857968883,0.046934039919626705,0.04892231923395687
1000,1.0,0.024221738192445674,1,datasets_sb01.npz,1.200515239466758,1.203403589470128,1.2005152394667604,2,0.6220975224961339,unconstrained_1tok,0.08709054959014709,0.07761597574105046,1000,30000,0.5,results\unconstrained_1tok_beta1_profile_3.csv,0.321295477517128,0.9992267732015824,0.9997167490106876,0.6784558959647587,0.6779312956844543,48,1.1999996786471456e-05,0.08705259990529157,0.18368040005589137,0.27073299996118294,0.27176670000335434,0.2709424999629846,6.122680001863046e-06,0.00016490000416524708,9.700001101009548e-06,6.669999856967479e-05,0.27184370000031777,3.260000084992498e-05,1.778932956437382,0.06284458965950897,0.05337001581041234
1000,1.0,0.012454586997968494,1,datasets_sb01.npz,1.3137514706683502,1.3100646061846717,1.313751470668354,2,0.8716832994241254,unconstrained_1tok,0.05087054040691724,0.049809942173023654,1000,30000,0.5,results\unconstrained_1tok_beta1_profile_3.csv,0.32943883579925437,0.9992462742947417,0.9997349907006324,0.6703126703857173,0.6698074384954872,49,1.2099997547920793e-05,0.08846510005241726,0.17986519991973182,0.2683302999721491,0.2693531000040821,0.2685326999708195,5.9955066639910605e-06,0.00015720000374130905,8.499999239575118e-06,6.229999416973442e-05,0.2694245000020601,3.309999738121405e-05,1.755819641912575,0.03840349882195078,0.03734290058805719
1000,1.0,0.017246719013341433,1,datasets_sb01.npz,0.6010223111684009,0.5955122515571982,0.6010223111684031,2,0.08433519649845578,unconstrained_1tok,0.06949332946323225,0.06975167804536185,1000,30000,0.5,results\unconstrained_1tok_beta1_profile_3.csv,0.3329651184615862,0.9990324767783086,0.9997168677075455,0.6667124180633888,0.6660673583167225,50,1.6099998902063817e-05,0.0910598998889327,0.18215729998337338,0.2732171998723061,0.2743523000026471,0.2734817998643848,6.071909999445779e-06,0.00021449999621836469,9.099996532313526e-06,6.770000618416816e-05,0.2744299999976647,3.399999695830047e-05,1.117709425838346,0.05222936373087748,0.05248771231300708
1000,1.0,0.01985676777407137,1,datasets_sb01.npz,1.0089736214656513,0.9999997231482431,1.0089736214656544,2,0.47855191886932624,unconstrained_1tok,0.07323698005653487,0.06817195812401555,1000,30000,0.5,results\unconstrained_1tok_beta1_profile_3.csv,0.32161165841579054,0.9991917704474,0.9997286545541685,0.6781281952794856,0.6775801120316095,51,1.1399999493733048e-05,0.08682639990729513,0.18292820001079235,0.2697545999180875,0.2707989000045927,0.26997279991337564,6.097606667026412e-06,0.00017410000145900995,9.699993825051934e-06,6.339999526971951e-05,0.2708723999967333,3.2699994335416704e-05,1.5393953240619762,0.05336035551468943,0.04829533358217011
1000,1.0,0.02018874330345155,1,datasets_sb01.npz,1.3360936771058136,1.3300525045096547,1.3360936771058123,2,0.821657730375163,unconstrained_1tok,0.06888909394227948,0.06064895465313845,1000,30000,0.5,results\unconstrained_1tok_beta1_profile_3.csv,0.32824667681127095,0.999238848053848,0.9997393983047643,0.6715032872765351,0.670992171242577,52,1.3500000932253897e-05,0.08888060009485343,0.18168710013560485,0.2705677002304583,0.27160819999699015,0.2707738002354745,6.056236671186829e-06,0.0001571000029798597,8.200004231184721e-06,6.199999916134402e-05,0.2716790000049514,3.550000110408291e-05,1.8505296238364641,0.048680161895524474,0.04044002260638345
1000,1.0,0.016633863709186285,1,datasets_sb01.npz,0.5395318007410321,0.5383016806948608,0.5395318007410305,2,0.03478315719195768,unconstrained_1tok,0.06631903195664064,0.06044972527595119,1000,30000,0.5,results\unconstrained_1tok_beta1_profile_3.csv,0.326513865791792,0.9992445552154116,0.9997429116919586,0.6732392845298977,0.6727306894236196,53,1.3500000932253897e-05,0.0872208001310355,0.17970480016811052,0.266925600299146,0.26793239999824436,0.26712740030052373,5.990160005603684e-06,0.0001545999984955415,9.800001862458885e-06,5.860000237589702e-05,0.268001299999014,3.3700001949910074e-05,1.0442804442901066,0.04966853438374517,0.04379922770305572
1000,1.0,0.018121445104143843,1,datasets_sb01.npz,1.1051996512862727,1.1071969921512075,1.1051996512862754,2,0.5943672279553627,unconstrained_1tok,0.06792736482875109,0.06953369495245432,1000,30000,0.5,results\unconstrained_1tok_beta1_profile_3.csv,0.32747480763315845,0.9991647916525188,0.9997131871840522,0.6722514540453854,0.6716899840193604,54,1.2599994079209864e-05,0.08955280003283406,0.18368349998490885,0.2732363000177429,0.27431629999773577,0.2734647000179393,6.122783332830295e-06,0.00016650000179652125,1.4099998224992305e-05,6.38999990769662e-05,0.2743950000003679,4.930000432068482e-05,1.6160320746171828,0.049787798279503095,0.051394128403206334
1000,1.0,0.020317666613960284,1,datasets_sb01.npz,0.9937330287504043,0.9950591730831493,0.9937330287504051,2,0.42616569236526314,unconstrained_1tok,0.08385378002168992,0.08238120788700223,1000,30000,0.5,results\unconstrained_1tok_beta1_profile_3.csv,0.3268798844017479,0.9989290882815183,0.9996437345284326,0.672769680814794,0.6720492038797703,55,1.4400000509340316e-05,0.08879289990727557,0.1825538998891716,0.27134679979644716,0.2724524999939604,0.2716376997923362,6.08512999630572e-06,0.0002443999983370304,8.100003469735384e-06,8.830000297166407e-05,0.2725496000057319,3.2099997042678297e-05,1.5613003651355455,0.06351579574111568,0.062043223606427986
1000,1.0,0.015388060662731707,1,datasets_sb01.npz,1.1014966662211794,1.106123866648959,1.1014966662211836,2,0.5973164141697461,unconstrained_1tok,0.06616975389385849,0.06951407192575298,1000,30000,0.5,results\unconstrained_1tok_beta1_profile_3.csv,0.32182490102017947,0.9992510439519763,0.9997592012359512,0.6779338856155889,0.6774261429317968,56,1.2200005585327744e-05,0.08778729985351674,0.1847880998320761,0.27257539968559286,0.27360659999976633,0.2727796996914549,6.15960332773587e-06,0.0001588000013725832,9.200004569720477e-06,5.6200005928985775e-05,0.27367249999952037,3.3299998904112726e-05,1.6056769182726125,0.05076630517046405,0.05411062320235855
1000,1.0,0.011027870827864918,1,datasets_sb01.npz,0.7184283275054925,0.7236140713594603,0.7184283275054911,2,0.2656756102942588,unconstrained_1tok,0.05335928335645443,0.05931909910550545,1000,30000,0.5,results\unconstrained_1tok_beta1_profile_3.csv,0.3210844634461291,0.9992384675833492,0.9997282880237143,0.6786708339775294,0.67815400413722,57,1.2399999832268804e-05,0.08715079999819864,0.1840688999654958,0.27121969996369444,0.2722732000038377,0.2714263999660034,6.13562999884986e-06,0.0001593000051798299,9.399998816661537e-06,6.399999983841553e-05,0.2723471999997855,3.499999729683623e-05,1.1711810447167261,0.042320384657761646,0.04828020040681267
1000,1.0,0.02001175950765609,1,datasets_sb01.npz,1.1590658111618732,1.1567723674383386,1.1590658111618752,2,0.6116714335897312,unconstrained_1tok,0.0779989079023305,0.07613915115096374,1000,30000,0.5,results\unconstrained_1tok_beta1_profile_3.csv,0.35670356842409745,0.9991526623551172,0.9997342852030902,0.6429939268907053,0.6424490939310198,58,1.4400000509340316e-05,0.09901210004318273,0.17832800003088778,0.2773401000740705,0.27842010000313167,0.2775753000751138,5.94426666769626e-06,0.00017389999993611127,8.600000001024455e-06,6.500000017695129e-05,0.27849410000635544,4.690000059781596e-05,1.7064601887340154,0.057967136635166755,0.0561073798838
1000,1.0,0.017833094654827644,1,datasets_sb01.npz,1.1868396864313713,1.1861726700944137,1.1868396864313655,2,0.6458490600604538,unconstrained_1tok,0.07618462563025759,0.08087484110565622,1000,30000,0.5,results\unconstrained_1tok_beta1_profile_3.csv,0.3418174496679711,0.9992581869188855,0.9997434670538148,0.6579287974392968,0.6574407372509143,59,1.340000017080456e-05,0.0921573000450735,0.1772523999097757,0.2694096999548492,0.2704611999943154,0.26960969995707273,5.908413330325857e-06,0.00015330000314861536,9.200004569720477e-06,5.970000347588211e-05,0.27053060000616824,3.3299998904112726e-05,1.7278303128022887,0.05833369788077512,0.06302391335617376
1000,1.0,0.016373295467409912,1,datasets_sb01.npz,0.8465347886440575,0.8434563464781479,0.8465347886440561,2,0.37519822696512706,unconstrained_1tok,0.05782959037258335,0.046756116284497176,1000,30000,0.5,results\unconstrained_1tok_beta1_profile_3.csv,0.32243658386762053,0.9990873636587212,0.9997099148899973,0.677268879983791,0.6766507797911007,60,1.1799995263572782e-05,0.08518120006192476,0.17875740015006159,0.26393860021198634,0.2650177000032272,0.2641797002070234,5.9585800050020526e-06,0.00019919999613193795,8.499999239575118e-06,6.749999738531187e-05,0.2650945999994292,3.01000036415644e-05,1.317871350322988,0.04143992160970603,0.030366447521619853
1000,1.0,0.018240779996885295,1,datasets_sb01.npz,0.7596520692496772,0.7664414320301369,0.7596520692496722,2,0.23566925392388183,unconstrained_1tok,0.07146969771885323,0.06360442081123902,1000,30000,0.5,results\unconstrained_1tok_beta1_profile_3.csv,0.3337000895459471,0.9992624320120669,0.9997453699215545,0.6660536022814101,0.6655623424661198,61,1.1600001016631722e-05,0.08777199999894947,0.17506060007872293,0.2628326000776724,0.26384509999479633,0.2630266000778647,5.835353335957431e-06,0.00014969999756431207,9.700001101009548e-06,5.690000398317352e-05,0.2639123000044492,3.270000161137432e-05,1.2836348845754726,0.05321067694197104,0.04534540003435683
1000,1.0,0.016226727803579453,1,datasets_sb01.npz,1.2321492881522345,1.2307516840817487,1.2321492881522362,2,0.7468461784946803,unconstrained_1tok,0.06130755628990319,0.05596379015320364,1000,30000,0.5,results\unconstrained_1tok_beta1_profile_3.csv,0.3283545700185619,0.9992580842102806,0.9997357259338314,0.671401637667948,0.6709035141917187,62,1.1000003723893315e-05,0.08780720009235665,0.17941020010766806,0.2672174002000247,0.2682111999965855,0.26741580020461697,5.980340003588936e-06,0.00015420000272570178,9.199997293762863e-06,6.10999995842576e-05,0.2682820999980322,3.319999814266339e-05,1.7174523978097886,0.04506460175852016,0.039720835621820605
1000,1.0,0.013864779281343859,1,datasets_sb01.npz,0.8073395612224483,0.8094745051532615,0.8073395612224525,2,0.28088012571774934,unconstrained_1tok,0.07214690161180923,0.08613298207584352,1000,30000,0.5,results\unconstrained_1tok_beta1_profile_3.csv,0.3356875352603378,0.9992285665847775,0.9997185964277536,0.6640533042328138,0.6635410313244398,63,1.2299999070819467e-05,0.08833500001492212,0.17460850003408268,0.2629435000490048,0.2639592999985325,0.26314650005224394,5.820283334469423e-06,0.00015780000103404745,9.200004569720477e-06,6.44999963697046e-05,0.2640335999967647,3.290000313427299e-05,1.3337989967271473,0.05826825755118403,0.07225433801521831
1000,1.0,0.01492769721632005,1,datasets_sb01.npz,0.7090654264424536,0.703372435395013,0.709065426442454,2,0.22420205990575798,unconstrained_1tok,0.061196502553440765,0.061822284741612596,1000,30000,0.5,results\unconstrained_1tok_beta1_profile_3.csv,0.3285333240100869,0.9992593264308223,0.9997362193039737,0.6712231596741259,0.6707260024207354,64,1.1299998732283711e-05,0.08764750009140698,0.17893910012207925,0.26658660021348624,0.2675759999983711,0.26678420021926286,5.964636670735975e-06,0.00015220000204863027,8.900002285372466e-06,6.120000034570694e-05,0.26764660000480944,3.410000499570742e-05,1.1939287929791493,0.0462538776399044,0.04687965982807623
1000,1.0,0.021309574971428942,1,datasets_sb01.npz,0.9200378949670771,0.9197317187942633,0.9200378949670738,2,0.3628260163871495,unconstrained_1tok,0.0808218132107903,0.07975656829471278,1000,30000,0.5,results\unconstrained_1tok_beta1_profile_3.csv,0.32281712595604695,0.9991954862000657,0.999728601264527,0.6769229541020861,0.6763783602440188,65,1.200000406242907e-05,0.08510670009127352,0.17831870004738448,0.263425400138658,0.2644836000035866,0.2636375001457054,5.94395666824615e-06,0.0001582000040798448,9.399998816661537e-06,6.189999839989468e-05,0.2645554000046104,4.189999890513718e-05,1.4772497735470047,0.05949092866438993,0.05842568374831241
1000,1.0,0.019359163755193937,1,datasets_sb01.npz,1.1725638966523093,1.1734012207614826,1.1725638966523082,2,0.6322766181352575,unconstrained_1tok,0.0759866574675558,0.06943870051774349,1000,30000,0.5,results\unconstrained_1tok_beta1_profile_3.csv,0.3290257187731543,0.9992477218654916,0.9997399719992377,0.6707265760297182,0.6702220030923374,66,1.1600001016631722e-05,0.08537510002497584,0.17390820014406927,0.2592833001690451,0.26028889999724925,0.25947850017109886,5.796940004802309e-06,0.0001517000055173412,8.800001523923129e-06,5.850000161444768e-05,0.2603566000034334,3.189999551977962e-05,1.7128511751693611,0.05660813454860667,0.050060177598794366
1000,1.0,0.020138606039271433,1,datasets_sb01.npz,1.2018688192746567,1.2045649162800276,1.201868819274655,2,0.6079970777055544,unconstrained_1tok,0.0918064466457514,0.0963533745465189,1000,30000,0.5,results\unconstrained_1tok_beta1_profile_3.csv,0.351127427566295,0.9992169775244761,0.9997428561596182,0.6485974163127207,0.6480895499581812,67,1.1600001016631722e-05,0.09268960005283589,0.17108079992613057,0.26377039997896645,0.2647642000010819,0.2639770999812754,5.702693330871019e-06,0.0001536999989184551,8.300004992634058e-06,5.94000011915341e-05,0.26483229999575997,4.140000237384811e-05,1.7957405608437589,0.0716477020004407,0.0761946299012082
1000,1.0,0.019304559204891283,1,datasets_sb01.npz,1.0831463790478097,1.0795930914697809,1.0831463790478133,2,0.5761615998501276,unconstrained_1tok,0.0669079462562793,0.06356349693376054,1000,30000,0.5,results\unconstrained_1tok_beta1_profile_3.csv,0.33085424886496845,0.9992160637692197,0.9997515896935133,0.6688861790142487,0.6683618149042513,68,1.189999602502212e-05,0.08483050004724646,0.17136689997278154,0.256197400020028,0.25717180000356166,0.2563984000153141,5.712229999092718e-06,0.00016039999900385737,7.700000423938036e-06,5.579999560723081e-05,0.2572357000026386,2.8700000257231295e-05,1.5901311582454918,0.04758408249218312,0.04423963316966437
1000,1.0,0.01960498627567565,1,datasets_sb01.npz,1.0976069265082038,1.0951918041097017,1.0976069265081994,2,0.5870374048432163,unconstrained_1tok,0.06785746471605948,0.05783277850412626,1000,30000,0.5,results\unconstrained_1tok_beta1_profile_3.csv,0.32401968018126553,0.9992082255242652,0.9997561941890241,0.675723566015223,0.6751885453429997,69,1.1600001016631722e-05,0.08438370012299856,0.1758378000522498,0.26022150017524837,0.261209800002689,0.260427700181026,5.8612600017416605e-06,0.0001644000003580004,8.900002285372466e-06,5.440000677481294e-05,0.2612735000002431,3.0200004403013736e-05,1.6081764481731913,0.048232873454108156,0.03820818724217494
1000,1.0,0.018004934288338884,1,datasets_sb01.npz,1.1197161796137753,1.1178448970662345,1.119716179613779,2,0.5852901304770692,unconstrained_1tok,0.07434693929505126,0.07321378475673442,1000,30000,0.5,results\unconstrained_1tok_beta1_profile_3.csv,0.3677678026766515,0.9992014888119788,0.99974421304438,0.6319382959347702,0.6314336861353274,70,2.0000006770715117e-05,0.10878589990898035,0.1867784000642132,0.29556429997319356,0.2966554000013275,0.2958004999818513,6.225946668807107e-06,0.00018709999858401716,7.199996616691351e-06,6.799999391660094e-05,0.29673129999719094,2.9100003303028643e-05,1.6541422287504814,0.056324000072424045,0.0551908455341072
1000,1.0,0.014713849453978209,1,datasets_sb01.npz,0.796834809050623,0.7985046117543131,0.7968348090506273,2,0.3084000691760568,unconstrained_1tok,0.062101336712915234,0.06422583954629962,1000,30000,0.5,results\unconstrained_1tok_beta1_profile_3.csv,0.3328805436345574,0.9982868756870814,0.9997673513316268,0.6665482120002341,0.6654063320525241,71,9.899995347950608e-06,0.08726549999119015,0.1744379999800003,0.26170349997119047,0.2629964000007021,0.2621525999638834,5.814599999333344e-06,0.00012710000009974465,1.1600001016631722e-05,4.900000203633681e-05,0.26305760000104783,0.00031209999724524096,1.2852695489251893,0.04737277340948305,0.04949727624286744
1000,1.0,0.019951337277122727,1,datasets_sb01.npz,1.1369313607246219,1.136898770632923,1.1369313607246254,2,0.6026042460491352,unconstrained_1tok,0.07431941521174268,0.06722176535134765,1000,30000,0.5,results\unconstrained_1tok_beta1_profile_3.csv,0.3252790094122311,0.9989211444202358,0.9996905874207397,0.6743696825027967,0.6736421350080047,72,2.510000194888562e-05,0.08433059990784386,0.17464590005693026,0.2589764999647741,0.2600899000026402,0.25925619996269234,5.821530001897675e-06,0.00022470000112662092,8.799994247965515e-06,7.099999493220821e-05,0.2601703999971505,2.989999484270811e-05,1.6712584754001085,0.054348126597342825,0.0472504767369478
1000,1.0,0.013110485239950724,1,datasets_sb01.npz,0.6800624455972153,0.678888246176695,0.6800624455972165,2,0.2151356549878934,unconstrained_1tok,0.05626741998809981,0.05675272856863623,1000,30000,0.5,results\unconstrained_1tok_beta1_profile_3.csv,0.3320508200251195,0.9992241776318606,0.9997451628087904,0.6676913675046648,0.6671733576067411,73,1.2600001355167478e-05,0.08624170000985032,0.17328120001911884,0.25952290002896916,0.2604921000020113,0.2597244000280625,5.7760400006372946e-06,0.0001601999974809587,7.800001185387373e-06,5.8099998568650335e-05,0.2605584999982966,2.8700000257231295e-05,1.1449892362065373,0.043143824262909136,0.04362913284344556
1000,1.0,0.013328291613655,1,datasets_sb01.npz,1.114841585217218,1.1155912137507544,1.1148415852172229,2,0.6262467885940397,unconstrained_1tok,0.062142043754488986,0.06560314243670541,1000,30000,0.5,results\unconstrained_1tok_beta1_profile_3.csv,0.3258403644318239,0.9993194228946292,0.9997511139130935,0.6739377250489192,0.6734790584628052,74,9.900002623908222e-06,0.08038559987471672,0.16614889997435967,0.24653449984907638,0.24744120000104886,0.24670239985425724,5.538296665811989e-06,0.00013169999874662608,7.499998901039362e-06,5.360000068321824e-05,0.24750280000444036,2.630000381032005e-05,1.6034363818403963,0.048800423849220335,0.05226152253143675
1000,1.0,0.017174686959813345,1,datasets_sb01.npz,0.88797428477566,0.8908535843952539,0.8879742847756591,2,0.3379859809215975,unconstrained_1tok,0.0787398829592536,0.0837990620081542,1000,30000,0.5,results\unconstrained_1tok_beta1_profile_3.csv,0.3179204565171524,0.9993057655975711,0.9997642048651579,0.6818586788328592,0.6813853090804187,75,9.700001101009548e-06,0.08009440001478652,0.171662899920193,0.25175729993497953,0.25270219999947585,0.2519321999352542,5.722096664006434e-06,0.00013190000026952475,8.900002285372466e-06,5.0199996621813625e-05,0.2527618000021903,3.3299998904112726e-05,1.4379625886297225,0.061548021312480446,0.06660720036138104
1000,1.0,0.015209937222003707,1,datasets_sb01.npz,1.0395835913376295,1.0444714672060624,1.03958359133763,2,0.5185480809001544,unconstrained_1tok,0.07066795167035614,0.07178731624455728,1000,30000,0.5,results\unconstrained_1tok_beta1_profile_3.csv,0.34712583291301274,0.9992291635949884,0.9997506600915038,0.6526063834404745,0.6521033306819757,76,1.2999997125007212e-05,0.09726990000490332,0.18272920005983906,0.2799991000647424,0.2810721999994712,0.2802151000651065,6.090973335327969e-06,0.00017210000078193843,8.899995009414852e-06,6.060000305296853e-05,0.2811422999948263,3.090000245720148e-05,1.5606191017751045,0.055442804511130435,0.05656216908533158
1000,1.0,0.023342526871808666,1,datasets_sb01.npz,0.9532179235765058,0.9582086603070229,0.9532179235765024,2,0.3811270984548598,unconstrained_1tok,0.08519572891200693,0.07837423040403098,1000,30000,0.5,results\unconstrained_1tok_beta1_profile_3.csv,0.3413428243005551,0.9992636521134953,0.9997686246647132,0.658405643416933,0.6579208278129401,77,1.4199998986441642e-05,0.09660629999416415,0.18620370003191056,0.2828100000260747,0.2838885000019218,0.28301840002677636,6.206790001063685e-06,0.00016480000340379775,8.999995770864189e-06,5.619999865302816e-05,0.2839542000001529,2.939999831141904e-05,1.5253087486981518,0.06182985951332645,0.0550083610053505
1000,1.0,0.012675448031738333,1,datasets_sb01.npz,0.674624430211498,0.6716771887616548,0.674624430211498,2,0.212724969825051,unconstrained_1tok,0.05553704485248097,0.05594446337365712,1000,30000,0.5,results\unconstrained_1tok_beta1_profile_3.csv,0.33015919018002277,0.9992961288243603,0.9997605987520107,0.6696082565951251,0.6691369386443375,78,1.1699994502123445e-05,0.0908572998305317,0.1841413998772623,0.274998699707794,0.2760393999997177,0.275192399705702,6.13804666257541e-06,0.00014730000111740083,9.79999458650127e-06,5.570000212173909e-05,0.27610550000099465,3.470000228844583e-05,1.136523890597945,0.0428489213727109,0.043256339893887046
1000,1.0,0.015191795030112325,0,datasets_sb01.npz,1.5590140842540376,1.5583906108554557,1.559014084254031,2,1.070819379738948,unconstrained_1tok,0.06204031380585584,0.05991004453356738,1000,30000,0.5,results\unconstrained_1tok_beta1_profile_3.csv,0.32163446850439203,0.9992217439192961,0.9997292789900987,0.6781150225546239,0.6775872754149039,79,1.2799995602108538e-05,0.0886890001129359,0.18684110016329214,0.27553010027622804,0.276593700000376,0.2757447002659319,6.228036672109738e-06,0.00016869999672053382,9.399998816661537e-06,6.489999941550195e-05,0.27666860000317683,3.309999738121405e-05,2.0472087887691273,0.04683332698071341,0.04470305770842494
1000,1.0,0.02018086135739135,1,datasets_sb01.npz,1.2169052153094182,1.2105337318779696,1.2169052153094209,2,0.6462357650801746,unconstrained_1tok,0.08477291269912202,0.08816135034917844,1000,30000,0.5,results\unconstrained_1tok_beta1_profile_3.csv,0.3319782568849972,0.998970542180507,0.9997121542529085,0.6676796333149421,0.6669922852955098,80,2.2100000933278352e-05,0.09403479994944064,0.18892950009467313,0.28296430004411377,0.28409819999797037,0.28325590004533296,6.297650003155771e-06,0.00023520000104326755,9.900002623908222e-06,7.109999569365755e-05,0.28418000000237953,3.429999924264848e-05,1.7875746655386617,0.06457187048037327,0.06796030813042969
1000,1.0,0.022202049642746094,1,datasets_sb01.npz,1.3201511121991192,1.3157375992916158,1.3201511121991203,2,0.7328069172522068,unconstrained_1tok,0.08979935530451807,0.08763677221033699,1000,30000,0.5,results\unconstrained_1tok_beta1_profile_3.csv,0.3259607518219028,0.9992286340936987,0.9997321378401371,0.6737876190692338,0.6732678822717959,81,1.2399999832268804e-05,0.08890999987488613,0.1836424998837174,0.2725524997586035,0.2735748999984935,0.27276289975998225,6.12141666279058e-06,0.00016599999798927456,8.999995770864189e-06,6.379999831551686e-05,0.2736481999963871,3.2000003557186574e-05,1.9074953071460317,0.06757510361212923,0.06541252051794814
1000,1.0,0.017747776849154927,1,datasets_sb01.npz,0.9796268031035774,0.9777877834703788,0.9796268031035826,2,0.45642618869586726,unconstrained_1tok,0.07125647722735458,0.06607909369713962,1000,30000,0.5,results\unconstrained_1tok_beta1_profile_3.csv,0.3288991175443274,0.9992779818977403,0.9997588188855774,0.6708632397566577,0.6703788643534129,82,1.170000177808106e-05,0.09351979994244175,0.1906167999113677,0.28413659985380946,0.2851940000036848,0.28434189985273406,6.353893330378923e-06,0.0001596000001882203,1.0200004908256233e-05,5.8099998568650335e-05,0.285262800003693,3.399999695830047e-05,1.5028274175112877,0.0534909526013505,0.048313569071135536
1000,1.0,0.013949416604001778,1,datasets_sb01.npz,1.1708660999276563,1.1787553295417796,1.1708660999276586,2,0.6804359456058158,unconstrained_1tok,0.06260978141090806,0.06527876945563885,1000,30000,0.5,results\unconstrained_1tok_beta1_profile_3.csv,0.3218117131739325,0.9992109138560804,0.9997235406140974,0.6779341491257129,0.6773992006821479,83,1.2800002878066152e-05,0.08911050007736776,0.18757359988376265,0.2766840999611304,0.2777217000038945,0.2769025999659789,6.252453329458755e-06,0.00017269999807467684,9.399998816661537e-06,6.679999933112413e-05,0.277798500006611,3.300000389572233e-05,1.661296254249497,0.04864641539030228,0.05131540343503306
1000,1.0,0.019241312178901373,1,datasets_sb01.npz,0.9440330764613936,0.944802003948745,0.9440330764613931,2,0.3864993440028075,unconstrained_1tok,0.08091520794179569,0.08040139216082129,1000,30000,0.5,results\unconstrained_1tok_beta1_profile_3.csv,0.336234927122287,0.9992383142034276,0.9997547156039127,0.6635087722888943,0.6630033870811406,84,1.2699994840659201e-05,0.0960563001135597,0.18940820000716485,0.28546450012072455,0.28653579999809153,0.28568210011872,6.313606666905495e-06,0.0001703000016277656,9.899995347950608e-06,5.980000423733145e-05,0.2866061000022455,3.460000152699649e-05,1.5015668089199796,0.06165465445071542,0.061140838669741016
1000,1.0,0.0196129815671919,1,datasets_sb01.npz,1.1064893097453992,1.1015778052804828,1.1064893097453994,2,0.569461752755497,unconstrained_1tok,0.07507252107625537,0.07540809624044685,1000,30000,0.5,results\unconstrained_1tok_beta1_profile_3.csv,0.3318744555811592,0.999221971781197,0.9997402004138368,0.6678671356780065,0.6673475162000377,85,1.2600001355167478e-05,0.09243519998562988,0.18587269999989076,0.27830789998552063,0.27937359999486944,0.27852459998393897,6.195756666663025e-06,0.00017069999739760533,1.0000003385357559e-05,6.199999916134402e-05,0.27944620000198483,3.3399999665562063e-05,1.6435168667353013,0.05543992652749628,0.05577550169168776
1000,1.0,0.02066446719366061,1,datasets_sb01.npz,1.0631252514559728,1.0703981367492041,1.063125251455976,2,0.5296497499030477,unconstrained_1tok,0.07408270271687446,0.0677102593377296,1000,30000,0.5,results\unconstrained_1tok_beta1_profile_3.csv,0.3232100297652848,0.999219677808258,0.9997060589615803,0.6765375653187385,0.6760096480429733,86,1.2500000593718141e-05,0.08975729984376812,0.18773180003336165,0.2774890998771298,0.27854540000407724,0.2777057998755481,6.257726667778722e-06,0.00017320000188192353,9.899995347950608e-06,7.140000525396317e-05,0.2786273000019719,3.0999995942693204e-05,1.596600753008898,0.05339757105602019,0.04702512767687533
1000,1.0,0.014591737567284364,1,datasets_sb01.npz,1.0202765265886087,1.0248684335158258,1.02027652658861,2,0.4894443305870213,unconstrained_1tok,0.07335038013116087,0.08240786788880798,1000,30000,0.5,results\unconstrained_1tok_beta1_profile_3.csv,0.3228464442661283,0.9992101319961109,0.9997612462627694,0.676898348077014,0.6763636877299826,87,1.2399999832268804e-05,0.08934939993923763,0.1871870999748353,0.2765364999140729,0.2776257000004989,0.2767550999124069,6.2395699991611765e-06,0.00016560000221943483,9.499999578110874e-06,5.62999994144775e-05,0.27769200000329874,4.0599996282253414e-05,1.551108722590196,0.05874405082630922,0.06780153858395634
1000,1.0,0.014007020972871423,1,datasets_sb01.npz,1.1656483461442635,1.166546765609895,1.165648346144263,2,0.6381499715741804,unconstrained_1tok,0.07243193856051636,0.08735438909876746,1000,30000,0.5,results\unconstrained_1tok_beta1_profile_3.csv,0.3232741509325981,0.9991961573433908,0.9997300589572183,0.6764657784592547,0.6759220064107928,88,1.3700002455152571e-05,0.08843519999209093,0.18490589997236384,0.27334109996445477,0.27443029999994906,0.2735609999654116,6.163529999078795e-06,0.0001753999968059361,8.499999239575118e-06,6.510000093840063e-05,0.2745044000039343,3.0800001695752144e-05,1.6931467207143465,0.05841091056667206,0.07333336110492317
1000,1.0,0.01818365013325262,1,datasets_sb01.npz,0.643867239617031,0.64077252569974,0.6438672396170347,2,0.12065713893621477,unconstrained_1tok,0.0712590611865967,0.06739482509255151,1000,30000,0.5,results\unconstrained_1tok_beta1_profile_3.csv,0.31977952803918885,0.99921813322646,0.999758615687696,0.6799702513337846,0.6794386051872712,89,1.4099998224992305e-05,0.08834289998048916,0.18770299996685935,0.2760458999473485,0.2770844999977271,0.27626189994771266,6.256766665561978e-06,0.00016789999790489674,9.60000033956021e-06,5.6599994422867894e-05,0.2771513999978197,3.4000004234258085e-05,1.1670773402978472,0.05305722740321083,0.04919299130916564
1000,1.0,0.014651806301663128,1,datasets_sb01.npz,1.3086397139286268,1.3071116137902226,1.3086397139286252,2,0.8149686978278063,unconstrained_1tok,0.06343999170606426,0.06567449002575237,1000,30000,0.5,results\unconstrained_1tok_beta1_profile_3.csv,0.3355571202780533,0.9992317023948809,0.9997237897249517,0.6641848737646974,0.6636745821168276,90,1.3900003978051245e-05,0.09626060002483428,0.19038700011151377,0.28664760013634805,0.2877446999991662,0.2868680001338362,6.346233337050459e-06,0.00017419999494450167,9.199997293762863e-06,6.949999806238338e-05,0.28782420000061393,3.229999856557697e-05,1.8023107300294472,0.048773533598099474,0.05100803191778758
1000,1.0,0.011326041485366735,1,datasets_sb01.npz,1.0840249304156477,1.0843121891162473,1.0840249304156455,2,0.6372977120375092,unconstrained_1tok,0.051948460964147514,0.05703389198586355,1000,30000,0.5,results\unconstrained_1tok_beta1_profile_3.csv,0.3211259090305406,0.9991759214227336,0.9997497207716183,0.6786092397289887,0.678050012392193,91,1.2299999070819467e-05,0.08709320010530064,0.18389530009881128,0.2709885002041119,0.2720279999994091,0.2712120002033771,6.129843336627042e-06,0.0001773999974830076,8.700000762473792e-06,5.889999738428742e-05,0.2720961000013631,3.380000271135941e-05,1.5307521487937863,0.04061109343729541,0.04569652445901144
1000,1.0,0.016792888365144743,1,datasets_sb01.npz,0.8144675769452956,0.8196638973916719,0.8144675769452947,2,0.31156207597564123,unconstrained_1tok,0.0658355744756193,0.062222352122781294,1000,30000,0.5,results\unconstrained_1tok_beta1_profile_3.csv,0.31810854074028616,0.9992305974002046,0.9997410103410137,0.6816465172624416,0.6811220566599184,92,1.3299999409355223e-05,0.09157889986090595,0.1960852999254712,0.28766419978637714,0.28873980000207666,0.2878856997922412,6.536176664182373e-06,0.00017180000577354804,8.999995770864189e-06,6.510000093840063e-05,0.2888145999968401,3.640000068116933e-05,1.31737307791495,0.04902589322210942,0.04541267086927141
1000,1.0,0.02115252641725502,1,datasets_sb01.npz,1.4663550102203877,1.4623998598701304,1.466355010220388,2,0.914862110412294,unconstrained_1tok,0.07917128762461995,0.07394002509047892,1000,30000,0.5,results\unconstrained_1tok_beta1_profile_3.csv,0.33605165429837686,0.9990973756312669,0.9997441143597364,0.6636447432503294,0.66304572133289,93,1.5100005839485675e-05,0.09542180000426015,0.18827169991709525,0.2836934999213554,0.2848200000007637,0.28394979993026936,6.275723330569842e-06,0.0002103000006172806,9.000003046821803e-06,6.330000178422779e-05,0.2848929000028875,3.090000245720148e-05,2.0178479100284816,0.05799760868094768,0.052766346146806656
1000,1.0,0.01838939337051248,1,datasets_sb01.npz,0.8397477859238353,0.8385882109655445,0.8397477859238366,2,0.29366834596671754,unconstrained_1tok,0.07762462378797358,0.08444748446957823,1000,30000,0.5,results\unconstrained_1tok_beta1_profile_3.csv,0.3439696922276904,0.9993273927862785,0.9997755065770029,0.655798795559231,0.655357700558588,94,1.2099997547920793e-05,0.10033620002650423,0.19116830005077645,0.2915045000772807,0.29259319999982836,0.291700700072397,6.372276668359215e-06,0.00015159999747993425,8.699993486516178e-06,5.6400000175926834e-05,0.2926588999980595,3.2500000088475645e-05,1.385827225880953,0.05921684102409058,0.06603970170569524
1000,1.0,0.013369500539972773,0,datasets_sb01.npz,1.5513623944707613,1.552902484283174,1.5513623944707655,2,1.0822747540580644,unconstrained_1tok,0.05727905414097034,0.05946064488100506,1000,30000,0.5,results\unconstrained_1tok_beta1_profile_3.csv,0.3240634032904194,0.9992360354680634,0.9997649133065469,0.6756888344818136,0.6751726321776439,95,1.2299999070819467e-05,0.09192120011721272,0.1915140000564861,0.28343520017369883,0.28450899999734247,0.2836519001648412,6.38380000188287e-06,0.0001711999939288944,9.200004569720477e-06,5.7199998991563916e-05,0.284575900004711,3.319999814266339e-05,2.020450034883458,0.0438961841004576,0.04607777484049232
1000,1.0,0.015587025161746584,1,datasets_sb01.npz,0.9826818618207809,0.9798054133757814,0.9826818618207868,2,0.4739372932485957,unconstrained_1tok,0.06737323928875959,0.06808061135108029,1000,30000,0.5,results\unconstrained_1tok_beta1_profile_3.csv,0.3192424763522267,0.9992166123988543,0.999747851085799,0.6805072369785665,0.6799741360466276,96,1.32000059238635e-05,0.09148719999211608,0.1948642000425025,0.28635140003461856,0.2874560000054771,0.28657590004149824,6.495473334750083e-06,0.00017579999985173345,9.2999980552122e-06,6.280000525293872e-05,0.2875285000045551,3.550000110408291e-05,1.491426430392966,0.05177062710185126,0.052477999164171965
1000,1.0,0.021429451486755964,1,datasets_sb01.npz,1.3362313192429778,1.3330553646270435,1.3362313192429773,2,0.7497066763027581,unconstrained_1tok,0.0895489266910017,0.08660385542937085,1000,30000,0.5,results\unconstrained_1tok_beta1_profile_3.csv,0.3201871822747341,0.9988147944381174,0.9965048775609525,0.679432879791438,0.6786276121633832,97,1.809999957913533e-05,0.0898800000504707,0.1904980998369865,0.2803780998874572,0.2815490999928443,0.2807107998887659,6.349936661232884e-06,0.00028020000172546133,9.700001101009548e-06,0.0009770000033313408,0.2825366000033682,3.440000000409782e-05,1.9227559621831976,0.06809804575275899,0.06515297449112813
1000,1.0,0.018573094299902122,1,datasets_sb01.npz,1.4801738833946014,1.4833867518303077,1.4801738833945954,2,0.9487127088566231,unconstrained_1tok,0.0735243075909224,0.06741789955048012,1000,30000,0.5,results\unconstrained_1tok_beta1_profile_3.csv,0.3271611553626406,0.9992311436122207,0.9997345093601212,0.672587111146323,0.6720699882495801,98,1.2399999832268804e-05,0.09101800010103034,0.1869734999272623,0.27799150002829265,0.27903179999702843,0.2782054000272183,6.2324499975754105e-06,0.00016699999832781032,9.499999578110874e-06,6.38999990769662e-05,0.27910590000101365,3.4500000765547156e-05,2.0116350579325797,0.05493264019672038,0.0488262321562781
1000,1.0,0.01736597428086329,1,datasets_sb01.npz,0.8461313958075752,0.8484716250232097,0.8461313958075789,2,0.3471814928475854,unconstrained_1tok,0.06480398939602855,0.05893021407733934,1000,30000,0.5,results\unconstrained_1tok_beta1_profile_3.csv,0.3249764896496181,0.9992363408112792,0.9997458346727377,0.6747751494048245,0.6742598511616611,99,1.2699994840659201e-05,0.0900893000580254,0.1869169000929105,0.2770062001509359,0.2780946999992011,0.27721790014766157,6.2305633364303504e-06,0.00016730000061215833,8.000002708286047e-06,6.229999416973442e-05,0.27816539999912493,3.170000127283856e-05,1.345081298767565,0.04742064914088439,0.041546873822195185
1000,1.0,0.017896682653467454,1,datasets_sb01.npz,1.1417748386336162,1.1398251383848133,1.1417748386336162,2,0.6068897859819516,unconstrained_1tok,0.07447470313155297,0.07671763366477176,1000,30000,0.5,results\unconstrained_1tok_beta1_profile_3.csv,0.3350627818852141,0.9992454131484749,0.999702481982971,0.6646841932158781,0.6641826312632608,100,1.3999997463542968e-05,0.09719919998315163,0.19267439981922507,0.2898735998023767,0.2909882000021753,0.2900924997884431,6.422479993974169e-06,0.00017019999359035864,9.700001101009548e-06,7.580000237794593e-05,0.2910747999994783,3.4699995012488216e-05,1.6766598912852806,0.05656012379543205,0.05880305432865084
