beta,bwVar,covers_true,dataset_file,est,est_med,estdiff,k,ll,method,miVar,miVarpaired,n_mcmc,n_sampling_draws,pstar,result_file,share_estimation_in_method,share_mcmc_in_method,share_method_in_sim,share_sampling_in_mcmc,share_sampling_in_method,sim,time_allocation,time_mcmc_estimation,time_mcmc_sampling,time_mcmc_total,time_method_call,time_method_total,time_per_sampling_draw,time_setup,time_sim_post,time_sim_prep,time_sim_total,time_summary,ul,wiVar,wiVarpaired
1.0,0.012010662098659714,1,datasets_sb01.npz,0.8793820488529527,0.8767163760093157,0.87938204885295,2,0.4176934807261654,unconstrained_1tok_mc,0.05548634265383254,0.05953290483967051,1000,30000,0.5,results\unconstrained_1tok_mc_beta1_profile_1.csv,0.12248562125118809,0.9996137161790526,0.9998892441930094,0.8774670462512458,0.8771280949278646,1,2.19999928958714e-05,0.13216189955710433,0.9464206002012361,1.0785824997583404,1.079733300022781,1.07899929973064,3.15473533400412e-05,0.00035879999632015824,1.7499987734481692e-05,0.00010099998326040804,1.0798529000021517,3.5999983083456755e-05,1.34107061697974,0.04346366989307417,0.04751023207891214
1.0,0.016888318758696525,1,datasets_sb01.npz,1.060293440927755,1.0650780025293711,1.0602934409277573,2,0.5189285392419115,unconstrained_1tok_mc,0.07629007621233935,0.08267203620622496,1000,30000,0.5,results\unconstrained_1tok_mc_beta1_profile_1.csv,0.10521280084755115,0.9996940908310166,0.9999374513461718,0.8947550037431042,0.8944812899834654,2,1.09999964479357e-05,0.10909610014641657,0.9274957001907751,1.0365918003371917,1.0375269000069238,1.0369090003077872,3.0916523339692505e-05,0.0002781999937724322,1.170000177808106e-05,5.2499992307275534e-05,1.0375917999772355,2.7999980375170708e-05,1.6016583426135984,0.059384869134884125,0.06576682912876973
1.0,0.015758014180855213,1,datasets_sb01.npz,1.4357935339972123,1.4375905261948179,1.435793533997209,2,0.935736909064914,unconstrained_1tok_mc,0.0650917919977825,0.06529235824352222,1000,30000,0.5,results\unconstrained_1tok_mc_beta1_profile_1.csv,0.09697771286848227,0.9996748314710036,0.999927136070873,0.9029907427740466,0.9026971186025213,3,1.0899995686486363e-05,0.09749409975484014,0.9075037998554762,1.0049978996103164,1.0059114999894518,1.0053247995965648,3.025012666184921e-05,0.00028559999191202223,1.379998866468668e-05,5.8600009651854634e-05,1.0059847999946214,3.0399998649954796e-05,1.9358501589295107,0.04931801980274644,0.049518586048486156
1.0,0.01723579651267871,1,datasets_sb01.npz,0.9960810411677685,0.9985648612587585,0.9960810411677646,2,0.47810345384530695,unconstrained_1tok_mc,0.06984089467107413,0.06840748481919998,1000,30000,0.5,results\unconstrained_1tok_mc_beta1_profile_1.csv,0.08840588731222788,0.9996716679576881,0.9999279646968896,0.9115650766687831,0.9112657806454603,4,1.0899995686486363e-05,0.08928579991334118,0.9203356997168157,1.009621499630157,1.0105424000066705,1.0099530995939858,3.067785665722719e-05,0.00028219999512657523,1.300001167692244e-05,5.879998207092285e-05,1.010615199978929,3.849997301585972e-05,1.51405862849023,0.052587862361882745,0.05115445251000859
1.0,0.014078641945073394,1,datasets_sb01.npz,0.9925497596868642,0.9920377840744219,0.992549759686859,2,0.5251557936481934,unconstrained_1tok_mc,0.05686618062509325,0.05459914060933048,1000,30000,0.5,results\unconstrained_1tok_mc_beta1_profile_1.csv,0.08427251598986076,0.999658337589262,0.9999178217401105,0.9156986814184043,0.9153858215994013,5,1.1500000255182385e-05,0.08669899980304763,0.941742799943313,1.0284417997463606,1.0293848000001162,1.0287932997453026,3.13914266647771e-05,0.0003090999962296337,1.1099997209385037e-05,7.270000060088933e-05,1.029469400004018,3.090000245720148e-05,1.459943725725535,0.042773460038074786,0.040506420022312015
1.0,0.019734103103563903,1,datasets_sb01.npz,0.955301475647225,0.9535514653242523,0.9553014756472232,2,0.40734063699938017,unconstrained_1tok_mc,0.07816042292056681,0.07523600218383822,1000,30000,0.5,results\unconstrained_1tok_mc_beta1_profile_1.csv,0.09023653436383673,0.9996585675791577,0.9999251353263372,0.9097326454347711,0.909422033215321,6,1.1800002539530396e-05,0.09310870012268424,0.9383683002961334,1.0314770004188176,1.0324524999887217,1.0318293003947474,3.127894334320445e-05,0.00030819998937658966,1.1500000255182385e-05,6.500000017695129e-05,1.0325297999952454,3.229998401366174e-05,1.5032623142950698,0.058406585713899346,0.055482164977170755
1.0,0.017135768874768753,1,datasets_sb01.npz,1.3602935930139628,1.361305670865549,1.3602935930139626,2,0.8174556564917353,unconstrained_1tok_mc,0.0767058062598162,0.07814063989569135,1000,30000,0.5,results\unconstrained_1tok_mc_beta1_profile_1.csv,0.08483214863170536,0.9996597415750451,0.9999292479312071,0.9151389766901632,0.9148275929433397,7,1.0800024028867483e-05,0.08711130006122403,0.9394059002224822,1.0265172002837062,1.027459100005217,1.0268666002957616,3.131353000741607e-05,0.0002954999799840152,1.1299998732283711e-05,6.0600024880841374e-05,1.0275318000058178,4.3100008042529225e-05,1.9031315295361901,0.05955290161617268,0.06098773525204783
1.0,0.0135397349864394,1,datasets_sb01.npz,0.9669418028671184,0.9689669857050374,0.9669418028671147,2,0.47715821083145527,unconstrained_1tok_mc,0.06244480607750856,0.07188818588204841,1000,30000,0.5,results\unconstrained_1tok_mc_beta1_profile_1.csv,0.10560149217272666,0.9997006298266957,0.99993225964014,0.8943668844231565,0.8940991376539691,8,1.0299991117790341e-05,0.11076209979364648,0.9377926000161096,1.0485546998097561,1.049524999980349,1.048868699814193,3.125975333387032e-05,0.0002708999963942915,1.2200005585327744e-05,5.800000508315861e-05,1.0495960999978706,3.2800016924738884e-05,1.4567253949027816,0.04889153135608272,0.058334911160622574
1.0,0.021111779779168508,1,datasets_sb01.npz,1.2237172468168316,1.224978373839051,1.2237172468168316,2,0.6680045357947806,unconstrained_1tok_mc,0.08038749926891856,0.08206591999033386,1000,30000,0.5,results\unconstrained_1tok_mc_beta1_profile_1.csv,0.08453525162984511,0.9996186331152637,0.9999300488433042,0.9154324971250335,0.9150833814854186,9,1.3999990187585354e-05,0.08671490006963722,0.9386777995096054,1.0253926995792426,1.0263586000073701,1.0257838995894417,3.1289259983653514e-05,0.00035020001814700663,7.700000423938036e-06,6.359998951666057e-05,1.026430400001118,2.7000001864507794e-05,1.7794299578388826,0.059254607709970875,0.06093302843138619
1.0,0.020657832420457056,1,datasets_sb01.npz,1.2702364747058434,1.2728903188996494,1.270236474705842,2,0.7287141674988887,unconstrained_1tok_mc,0.07633444637722392,0.06991782811683861,1000,30000,0.5,results\unconstrained_1tok_mc_beta1_profile_1.csv,0.09440824648698744,0.9996305264621667,0.9999216490138453,0.9055568592716836,0.9052222799751792,10,1.0399991879239678e-05,0.09921879981993698,0.9513477003492881,1.050566500169225,1.0515957000025082,1.050954800157342,3.171159001164294e-05,0.00034779999987222254,8.300004992634058e-06,7.350000669248402e-05,1.051678100018762,3.0099996365606785e-05,1.8117587819127983,0.0556559561243464,0.04923933786396109
1.0,0.017425191914579367,1,datasets_sb01.npz,1.105005106187882,1.1043615782460456,1.1050051061878798,2,0.5814719552979483,unconstrained_1tok_mc,0.07134708456912281,0.07084697573449537,1000,30000,0.5,results\unconstrained_1tok_mc_beta1_profile_1.csv,0.1290524297176255,0.9997173841160941,0.9999437128472182,0.8709110877053239,0.8706649543984686,11,9.69998654909432e-06,0.14731059968471527,0.9938455001392867,1.141156099824002,1.1422922000056133,1.1414786998357158,3.312818333797622e-05,0.00027760001830756664,8.899980457499623e-06,5.490001058205962e-05,1.14235650000046,3.530000685714185e-05,1.6285382570778157,0.05390446746262887,0.05340435862800143
1.0,0.01588273327780559,1,datasets_sb01.npz,1.119473375378198,1.1202681198931275,1.1194733753781998,2,0.6247977742247077,unconstrained_1tok_mc,0.06369844605804018,0.0620916241349808,1000,30000,0.5,results\unconstrained_1tok_mc_beta1_profile_1.csv,0.13944379213178995,0.9996600857615118,0.9999241802731713,0.8605087928207459,0.8602162936297219,12,1.2199976481497288e-05,0.1543703993957024,0.9522972000704613,1.1066675994661637,1.1078067000198644,1.1070438994502183,3.174324000234871e-05,0.0003324999997857958,8.69997893460095e-06,7.479998748749495e-05,1.1078906999900937,3.160000778734684e-05,1.6141489765316883,0.04779983004695677,0.04619300812389741
1.0,0.019621355445053997,1,datasets_sb01.npz,1.1056644142367031,1.1077279966901874,1.1056644142366954,2,0.557876245093863,unconstrained_1tok_mc,0.07811117197336132,0.0791654764290385,1000,30000,0.5,results\unconstrained_1tok_mc_beta1_profile_1.csv,0.1427043127015128,0.9996980410157223,0.9999368828052626,0.8572525834335726,0.8569937283142096,13,1.1199997970834374e-05,0.15860290030832402,0.9524707998207305,1.1110737001290545,1.1121467000048142,1.1114093001524452,3.174902666069101e-05,0.0002880000101868063,9.000010322779417e-06,6.079999729990959e-05,1.1122169000154827,3.640001523308456e-05,1.6534525833795433,0.05847019517286226,0.05952449962853945
1.0,0.016752028963676998,1,datasets_sb01.npz,0.7328768657479904,0.7335918685682152,0.7328768657479875,2,0.20758131790823497,unconstrained_1tok_mc,0.0718282519211445,0.07099342147775092,1000,30000,0.5,results\unconstrained_1tok_mc_beta1_profile_1.csv,0.13021688594187086,0.9997132118395006,0.9999426544077188,0.8697457586838648,0.8694963258976297,14,1.1299998732283711e-05,0.16155189971323125,1.0787294000037946,1.2402812997170258,1.2415236000088044,1.2406370997487102,3.5957646666793154e-05,0.0003110000106971711,8.99998121894896e-06,6.170000415295362e-05,1.2415947999979835,3.350002225488424e-05,1.258172413587746,0.055059470928503836,0.054224640485110255
1.0,0.013746636765931013,1,datasets_sb01.npz,1.3392483955312724,1.3355637299440044,1.3392483955312702,2,0.8514344796582977,unconstrained_1tok_mc,0.061943569481290525,0.06820952035662682,1000,30000,0.5,results\unconstrained_1tok_mc_beta1_profile_1.csv,0.09854098952008325,0.9996910070901702,0.9999409023651151,0.901428552601559,0.901150017570087,15,1.1199997970834374e-05,0.11646599948289804,1.065072900033556,1.181538899516454,1.1827182000270113,1.1819040995032992,3.5502430001118534e-05,0.00031869998201727867,9.600014891475439e-06,5.979998968541622e-05,1.1827881000062916,3.530000685714185e-05,1.827062311404247,0.04818318607859358,0.054449136953929875
1.0,0.018271331821991005,1,datasets_sb01.npz,0.8763814030723764,0.8833353324990441,0.8763814030723736,2,0.3508170689127651,unconstrained_1tok_mc,0.0719017777334016,0.07039089306027983,1000,30000,0.5,results\unconstrained_1tok_mc_beta1_profile_1.csv,0.09056084754915232,0.9996579830687911,0.9999366214112211,0.9094081685106491,0.9090971355196388,16,1.2600008631125093e-05,0.10723779967520386,1.0765091001521796,1.1837468998273835,1.1848675000073854,1.1841518998262472,3.588363667173932e-05,0.0003536999865900725,1.1800002539530396e-05,6.279998342506588e-05,1.1849425999971572,3.8700003642588854e-05,1.401945737231988,0.053612174579588605,0.052101289906466834
1.0,0.011879833660145982,1,datasets_sb01.npz,1.0548408043859354,1.0548203073538014,1.0548408043859336,2,0.5750455752703234,unconstrained_1tok_mc,0.05992384992766104,0.06873873821724476,1000,30000,0.5,results\unconstrained_1tok_mc_beta1_profile_1.csv,0.0825127984969415,0.9996491161928724,0.9999308423883381,0.9174582389356892,0.917136317695931,17,1.2600008631125093e-05,0.09479180033667944,1.0536183997173794,1.1484102000540588,1.1494685000216123,1.148813300038455,3.512061332391264e-05,0.00035239997669123113,1.0099989594891667e-05,6.890000076964498e-05,1.149548000015784,3.809999907389283e-05,1.5346360335015474,0.04803213643385491,0.056847024723438624
1.0,0.015242203721341994,1,datasets_sb01.npz,1.3249832816364573,1.3236935621214385,1.3249832816364602,2,0.8101505480029801,unconstrained_1tok_mc,0.06899540389955197,0.07308867456664743,1000,30000,0.5,results\unconstrained_1tok_mc_beta1_profile_1.csv,0.08305891398660584,0.9996510945362908,0.99993921268198,0.9169120961897866,0.9165921805496848,18,1.3899989426136017e-05,0.09626970006502233,1.0623791001853533,1.1586488002503756,1.1597110999864526,1.1590532002446707,3.541263667284511e-05,0.0003564000071492046,9.90001717582345e-06,5.9999991208314896e-05,1.1597815999994054,3.409999771974981e-05,1.8398160152699345,0.05373795797448864,0.05783122864158409
1.0,0.012579928071250995,1,datasets_sb01.npz,1.3635157481143383,1.3656972280412476,1.3635157481143407,2,0.8988974415460996,unconstrained_1tok_mc,0.056192776655127515,0.0566953320443091,1000,30000,0.5,results\unconstrained_1tok_mc_beta1_profile_1.csv,0.0828000536376005,0.9996523832545061,0.9999347721931279,0.9171711536684047,0.9168523296169057,19,1.2699980288743973e-05,0.09539650028455071,1.0563338993233629,1.1517303996079136,1.1528072000073735,1.152130899601616,3.521112997744543e-05,0.0003454000107012689,1.209997572004795e-05,6.240000948309898e-05,1.1528823999979068,4.2400002712383866e-05,1.828134054682577,0.04360026865580527,0.04410282404498685
1.0,0.014936212354160533,1,datasets_sb01.npz,1.0918967198277552,1.0871120661193119,1.0918967198277558,2,0.6077127354534392,unconstrained_1tok_mc,0.06102512773963658,0.0635188220767966,1000,30000,0.5,results\unconstrained_1tok_mc_beta1_profile_1.csv,0.08487999381745734,0.9996181411744736,0.999900892773343,0.9150875816261899,0.9147381473570163,20,1.550000160932541e-05,0.0989373006450478,1.0662314996297937,1.1651688002748415,1.1662978999956977,1.1656139002298005,3.554104998765979e-05,0.000390799978049472,1.0499992640689015e-05,0.00010410000686533749,1.1664135000028182,3.8799975300207734e-05,1.576080704202071,0.046073979173121886,0.04856767351028191
1.0,0.015240902567594531,1,datasets_sb01.npz,1.4935649323566003,1.4906195077205933,1.4935649323566018,2,0.9603369591860844,unconstrained_1tok_mc,0.07401397109837994,0.08241213263442848,1000,30000,0.5,results\unconstrained_1tok_mc_beta1_profile_1.csv,0.0800673130545402,0.9996406353749943,0.999930329321758,0.9199039032416838,0.9195733223204541,21,1.4499993994832039e-05,0.09348789977957495,1.073708799725864,1.167196699505439,1.168272499984596,1.167616299499059,3.5790293324195467e-05,0.0003730999887920916,8.600007276982069e-06,7.229999755509198e-05,1.1683538999932352,3.200001083314419e-05,2.026792905527116,0.05875782762821782,0.06715598916426636
1.0,0.014676374184349866,1,datasets_sb01.npz,1.2607479905837955,1.2582532131822175,1.260747990583796,2,0.7603251809419262,unconstrained_1tok_mc,0.06518715858232574,0.07044610662200355,1000,30000,0.5,results\unconstrained_1tok_mc_beta1_profile_1.csv,0.09311340025089804,0.9996857013465388,0.999943517605146,0.9068573251318112,0.9065723010956407,22,1.0799994925037026e-05,0.10955610009841621,1.0666620002884883,1.1762181003869046,1.1772912000014912,1.1765879003796726,3.555540000961628e-05,0.00032560000545345247,8.99998121894896e-06,5.699999746866524e-05,1.177357699983986,3.339999238960445e-05,1.7611708002256647,0.05049610802379152,0.05575505606346934
1.0,0.016857400729996027,1,datasets_sb01.npz,0.8258754412753638,0.8247096901106648,0.825875441275363,2,0.29074768090465974,unconstrained_1tok_mc,0.07454230526847294,0.08076738700947117,1000,30000,0.5,results\unconstrained_1tok_mc_beta1_profile_1.csv,0.08817841690390939,0.9996645010956731,0.9999408137559392,0.9117919894051832,0.9114860841917637,23,1.2800010154023767e-05,0.10436890015262179,1.0788445001817308,1.1832134003343526,1.1843268999946304,1.1836105003603734,3.596148333939103e-05,0.00034410000080242753,9.800016414374113e-06,5.959998816251755e-05,1.1843970000045374,4.020001506432891e-05,1.361003201646068,0.05766804713774692,0.06389312887874515
1.0,0.012750550319491915,1,datasets_sb01.npz,0.801306731145797,0.8018490209493669,0.8013067311457949,2,0.3306428631683893,unconstrained_1tok_mc,0.057664638853460695,0.0584107204551277,1000,30000,0.5,results\unconstrained_1tok_mc_beta1_profile_1.csv,0.09485300771564414,0.9996551103620535,0.9999351352379806,0.9051142671783167,0.9048021026464094,24,1.4399993233382702e-05,0.11237490031635389,1.071943299844861,1.184318200161215,1.1854667000006884,1.184726800158387,3.573144332816204e-05,0.00035700001171790063,9.799987310543656e-06,6.650001159869134e-05,1.1855436000041664,3.71999922208488e-05,1.2719705991232046,0.044901337983649287,0.0456474195853163
1.0,0.017354856496841653,1,datasets_sb01.npz,1.3062413632508947,1.3115841198347544,1.3062413632508973,2,0.7648291298178671,unconstrained_1tok_mc,0.07630341693849937,0.08151674571202142,1000,30000,0.5,results\unconstrained_1tok_mc_beta1_profile_1.csv,0.09317781796941434,0.9996588251856183,0.999936914868124,0.9067903812562121,0.9064810072162041,25,1.2900010915473104e-05,0.1127666000102181,1.0970506005105563,1.2098172005207743,1.2109854999871459,1.2102301005506888,3.6568353350351874e-05,0.00035960000241175294,1.1199997970834374e-05,6.459999713115394e-05,1.2110618999868166,4.040001658722758e-05,1.8476535966839223,0.05893120558516088,0.06414453435868292
1.0,0.01648189505641986,1,datasets_sb01.npz,0.9490059244848842,0.9494799544806115,0.9490059244848801,2,0.4296893883186138,unconstrained_1tok_mc,0.07020243251138411,0.07167330938128064,1000,30000,0.5,results\unconstrained_1tok_mc_beta1_profile_1.csv,0.08552106526162752,0.9996574824177785,0.9999323140069123,0.9144496322332468,0.914136417156151,26,1.3199984095990658e-05,0.1040432004374452,1.1121198991895653,1.2161630996270105,1.21730370001751,1.2165797995985486,3.707066330631884e-05,0.00036330000148154795,1.09999964479357e-05,7.080001523718238e-05,1.21738610000466,4.019998596049845e-05,1.4683224606511547,0.05370405555990783,0.055174932429804355
1.0,0.015960636602185736,1,datasets_sb01.npz,0.984596802199864,0.97992916190848,0.9845968021998599,2,0.45681283319498023,unconstrained_1tok_mc,0.07251039096692738,0.07803256037337049,1000,30000,0.5,results\unconstrained_1tok_mc_beta1_profile_1.csv,0.08357206062025828,0.9996442727448352,0.9999226137477794,0.9163981999408799,0.916072212124577,27,1.4100020052865148e-05,0.09853089950047433,1.0800429999944754,1.1785738994949497,1.1797044000122696,1.1789932995452546,3.600143333314918e-05,0.0003630000283010304,1.2999982573091984e-05,7.77999812271446e-05,1.179795699979877,4.230000195093453e-05,1.512380771204748,0.05653379372813946,0.062055963134582566
1.0,0.017073282963331174,1,datasets_sb01.npz,0.9824440535579992,0.9765217259368569,0.9824440535579981,2,0.49343057867644446,unconstrained_1tok_mc,0.062248588769193314,0.054820771848878166,1000,30000,0.5,results\unconstrained_1tok_mc_beta1_profile_1.csv,0.08483782128660301,0.9996429054392397,0.9999199005547247,0.9151318727667801,0.9148050841526367,28,1.3899989426136017e-05,0.1013982997101266,1.0933764999208506,1.1947747996309772,1.1959175000083633,1.195201599621214,3.644588333069502e-05,0.0003724000125657767,1.2500007869675756e-05,8.269998943433166e-05,1.196013300010236,4.049998824484646e-05,1.471457528439554,0.045158232522898814,0.03773041560258366
1.0,0.017407664994989292,1,datasets_sb01.npz,0.7707316520828635,0.7719348112984785,0.7707316520828659,2,0.2325579581014945,unconstrained_1tok_mc,0.07539330614680141,0.08101549604480002,1000,30000,0.5,results\unconstrained_1tok_mc_beta1_profile_1.csv,0.0926064211957522,0.9996478098581592,0.999929392605095,0.9073609522448789,0.9070413886624069,29,1.3400014722719789e-05,0.10970039971289225,1.0744698003400117,1.184170200052904,1.18534450000152,1.184587400057353,3.581566001133372e-05,0.00035940000088885427,1.0599993402138352e-05,7.259999983943999e-05,1.1854281999985687,4.439998883754015e-05,1.3089053460642326,0.05796823348681713,0.06359042338481574
1.0,0.015786483635528398,1,datasets_sb01.npz,0.9903775220450197,0.9844943469743788,0.9903775220450232,2,0.48114934892724825,unconstrained_1tok_mc,0.06750138804062447,0.07009666889017738,1000,30000,0.5,results\unconstrained_1tok_mc_beta1_profile_1.csv,0.1129826914776425,0.9996118728364983,0.9999262027076217,0.8869734398441639,0.8866291813588558,30,1.580000389367342e-05,0.13279849974787794,1.0421333000413142,1.1749317997891922,1.1761080000142101,1.1753879997995682,3.4737776668043805e-05,0.0004057000041939318,1.0399991879239678e-05,7.580002420581877e-05,1.17619480000576,3.470000228844583e-05,1.4996056951627912,0.05169911792146054,0.05429439877101345
1.0,0.02676221853523922,1,datasets_sb01.npz,0.47566527267332104,0.47097498083745903,0.47566527267332,2,-0.14979201696720934,unconstrained_1tok_mc,0.10183174228563054,0.09946367144425351,1000,30000,0.5,results\unconstrained_1tok_mc_beta1_profile_1.csv,0.09470407833456597,0.9996617842354061,0.999938070904639,0.9052638804163143,0.9049577059008401,31,1.2100004823878407e-05,0.11385240007075481,1.0879320995591115,1.2017844996298663,1.2029143999970984,1.2021910996118095,3.626440331863705e-05,0.0003460999869275838,1.1399999493733048e-05,6.250001024454832e-05,1.2029889000114053,4.839999019168317e-05,1.1011225623138514,0.07504276153185609,0.07267469069047906
1.0,0.015501085428746763,1,datasets_sb01.npz,1.090652386809334,1.0891204817031293,1.0906523868093363,2,0.5908991142195399,unconstrained_1tok_mc,0.06501284190551053,0.06777179109645536,1000,30000,0.5,results\unconstrained_1tok_mc_beta1_profile_1.csv,0.08682954124912817,0.9996515568772508,0.9999267631129708,0.9131401930484963,0.9128220156281227,32,1.2499978765845299e-05,0.10426229954464361,1.0960892002331093,1.200351499777753,1.2014922999951523,1.2007698997913394,3.6536306674436975e-05,0.00036600002204068005,1.1099997209385037e-05,7.6299998909235e-05,1.2015802999958396,3.99000127799809e-05,1.5904056593991283,0.049496255391335016,0.05225520458227984
1.0,0.014564237352151356,1,datasets_sb01.npz,0.7727772421498558,0.7697086440085423,0.7727772421498564,2,0.2929472412205103,unconstrained_1tok_mc,0.0599325358683506,0.05974368061774744,1000,30000,0.5,results\unconstrained_1tok_mc_beta1_profile_1.csv,0.08096065991511693,0.999638053507308,0.9999301553812989,0.9190100260478679,0.9186773935921911,33,1.3499986380338669e-05,0.09846450030454434,1.11729709955398,1.2157615998585243,1.2169021999870893,1.21620179983438,3.724323665179933e-05,0.00037480000173673034,1.1800002539530396e-05,7.270000060088933e-05,1.216987199994037,5.189998773857951e-05,1.2526072430792012,0.0453537342788471,0.04516487902824393
1.0,0.016563077511238748,1,datasets_sb01.npz,0.7926913363870203,0.7952848649647395,0.7926913363870199,2,0.26262592154216824,unconstrained_1tok_mc,0.07313862557649031,0.0784518944670777,1000,30000,0.5,results\unconstrained_1tok_mc_beta1_profile_1.csv,0.08761852695569616,0.9996445480526214,0.9999273708711386,0.9123503177940766,0.9120260210969252,34,1.4399993233382702e-05,0.10488529974827543,1.091756799898576,1.1966420996468514,1.197779799986165,1.1970675996562932,3.639189332995253e-05,0.0003727000148501247,1.0600022505968809e-05,7.54999928176403e-05,1.1978668000083417,3.840000135824084e-05,1.3227567512318723,0.05655898498774032,0.061872253878327725
1.0,0.01635681914127294,1,datasets_sb01.npz,0.6849648481876125,0.6791735627557952,0.684964848187614,2,0.17799793437716915,unconstrained_1tok_mc,0.06690323086695273,0.0694523328641524,1000,30000,0.5,results\unconstrained_1tok_mc_beta1_profile_1.csv,0.08550721272082813,0.9996594523751713,0.9999377173782866,0.9144636580810949,0.9141522396543431,35,1.3399985618889332e-05,0.10372419949271716,1.108908900845563,1.2126331003382802,1.2137464999977965,1.2130462003406137,3.6963630028185436e-05,0.00036120001459494233,9.400013368576765e-06,6.560000474564731e-05,1.2138221000204794,3.850000211969018e-05,1.1919317619980558,0.050530054906538516,0.05307915690373819
1.0,0.01504340431817688,1,datasets_sb01.npz,0.7138569032065746,0.7181674375349678,0.7138569032065759,2,0.23466754354992925,unconstrained_1tok_mc,0.0597726057913749,0.06107846793126569,1000,30000,0.5,results\unconstrained_1tok_mc_beta1_profile_1.csv,0.08538979903856976,0.9996567908741284,0.9999320184713456,0.9145808843414124,0.9142669918355587,36,1.2800010154023767e-05,0.10280340051394887,1.1007140993024223,1.2035174998163711,1.2046572999970522,1.203930699819466,3.669046997674741e-05,0.00035600000410340726,1.1199997970834374e-05,7.010000990703702e-05,1.2047392000094987,4.439998883754015e-05,1.19304626286322,0.04471415806887985,0.046020020208770634
1.0,0.01608931006939892,1,datasets_sb01.npz,0.7425761069045561,0.7452393263044168,0.7425761069045572,2,0.2059341452533734,unconstrained_1tok_mc,0.0749647529687707,0.08236185383087083,1000,30000,0.5,results\unconstrained_1tok_mc_beta1_profile_1.csv,0.11408945292260317,0.9996083486257443,0.9999271505209242,0.8858658462792426,0.8855188957031411,37,1.5099998563528061e-05,0.13318399994750507,1.0337234997423366,1.1669074996898416,1.1680767000070773,1.1673646996787284,3.445744999141122e-05,0.00040109999827109277,1.1399999493733048e-05,7.300000288523734e-05,1.1681617999856826,4.099999205209315e-05,1.2792180685557388,0.05885935358930239,0.0662564544514025
1.0,0.019545151075861727,1,datasets_sb01.npz,0.9558703775229103,0.9575601341791273,0.955870377522908,2,0.40720790510208205,unconstrained_1tok_mc,0.07836071132937739,0.07391731160976787,1000,30000,0.5,results\unconstrained_1tok_mc_beta1_profile_1.csv,0.09383945667749001,0.9996437937167095,0.9999280199199303,0.9061271052075542,0.9058043370392195,38,1.3899989426136017e-05,0.11204159932094626,1.0815042007598095,1.1935458000807557,1.1946891999978106,1.1939711000886746,3.605014002532698e-05,0.00037250001332722604,1.0500021744519472e-05,7.479998748749495e-05,1.1947752000123728,3.890000516548753e-05,1.5045328499437385,0.05879601510243981,0.05435261538283029
1.0,0.01980335125260477,1,datasets_sb01.npz,1.1237049892576696,1.1231519341654796,1.1237049892576692,2,0.5788741751553758,unconstrained_1tok_mc,0.07727004789550403,0.07176033885808891,1000,30000,0.5,results\unconstrained_1tok_mc_beta1_profile_1.csv,0.0836641534569496,0.9996396049148711,0.9999357331980798,0.9163056835227388,0.9159754514579215,39,1.4399993233382702e-05,0.10056550047011115,1.1010154993273318,1.201580999797443,1.2027211000095122,1.2020141998073086,3.670051664424439e-05,0.00037980001070536673,1.1399999493733048e-05,6.53000024612993e-05,1.2027984000160359,3.9000005926936865e-05,1.6685358033599633,0.05744689329164666,0.051937184254231536
1.0,0.018039959405894743,1,datasets_sb01.npz,1.3430725315406307,1.3413219494776332,1.3430725315406302,2,0.8223475839086902,unconstrained_1tok_mc,0.07058373362304432,0.06800252593357982,1000,30000,0.5,results\unconstrained_1tok_mc_beta1_profile_1.csv,0.08282776044514255,0.9996171005430426,0.999910874819926,0.9171405127021673,0.9167893400979001,40,1.5199999324977398e-05,0.10132300059194677,1.1215061997354496,1.2228292003273964,1.2240116999892052,1.223297600314254,3.738353999118166e-05,0.0004175000067334622,9.99998883344233e-06,9.809999028220773e-05,1.2241207999759354,3.5699980799108744e-05,1.863797479172571,0.05252573425774369,0.049944526568279184
1.0,0.0252734083814403,1,datasets_sb01.npz,1.0885045239621538,1.0838646477862486,1.088504523962153,2,0.5005536127868698,unconstrained_1tok_mc,0.08998497343602839,0.07951716658359896,1000,30000,0.5,results\unconstrained_1tok_mc_beta1_profile_1.csv,0.08484411671856215,0.9996668283561508,0.9999396425993851,0.9151276062064803,0.9148227116375887,41,1.200000406242907e-05,0.10226980020524934,1.1027133001189213,1.2049831003241707,1.2060763999761548,1.205384700326249,3.675711000396404e-05,0.0003547999949660152,9.400013368576765e-06,6.2700011767447e-05,1.206149200006621,3.480000304989517e-05,1.6764554351374379,0.06468629164620665,0.05421848479377722
1.0,0.017461073288415428,1,datasets_sb01.npz,0.8835159954911885,0.8793880319224503,0.8835159954911872,2,0.35577732662015304,unconstrained_1tok_mc,0.07249794424765008,0.07236831737921541,1000,30000,0.5,results\unconstrained_1tok_mc_beta1_profile_1.csv,0.08783352815140456,0.9996701991001372,0.9999431143319604,0.9121374947152884,0.9118366709487327,42,1.2899981811642647e-05,0.10631610036944039,1.1037120000692084,1.2100281004386488,1.2111325000005309,1.2104273004515562,3.679040000230695e-05,0.0003533000126481056,9.000010322779417e-06,5.949998740106821e-05,1.2112014000013005,3.300001844763756e-05,1.411254664362224,0.05501940988594624,0.054889783017511566
1.0,0.015593478413293851,1,datasets_sb01.npz,0.7718647067615867,0.7758417287029534,0.7718647067615911,2,0.26478298033058023,unconstrained_1tok_mc,0.06693353740114799,0.0709462686947272,1000,30000,0.5,results\unconstrained_1tok_mc_beta1_profile_1.csv,0.08312259650433763,0.9996840283377729,0.9999449857574456,0.9168511308092518,0.9165614318334353,43,1.2200005585327744e-05,0.1010188001091592,1.1138961000251584,1.2149149001343176,1.215982099995017,1.2152989001479,3.712987000083861e-05,0.00034180001239292324,8.600007276982069e-06,5.780000356025994e-05,1.2160490000096615,2.9999995604157448e-05,1.2789464331925933,0.05132446550944084,0.05533719680302005
1.0,0.015138524482906203,1,datasets_sb01.npz,1.2973215256700514,1.2977298243118107,1.2973215256700494,2,0.8281817235187889,unconstrained_1tok_mc,0.057291793513777015,0.05634250069799358,1000,30000,0.5,results\unconstrained_1tok_mc_beta1_profile_1.csv,0.09209921152686919,0.9996917232622443,0.9999445339986732,0.9078723876733455,0.9075925117353751,44,1.0700023267418146e-05,0.10985220028669573,1.08253949979553,1.1923917000822257,1.1934578999935184,1.1927594000590034,3.608464999318433e-05,0.00031849998049438,1.090002479031682e-05,5.439997767098248e-05,1.1935241000028327,3.849997301585972e-05,1.766461327821314,0.04213813050638791,0.041188837690604475
1.0,0.020449085007312802,1,datasets_sb01.npz,1.3877211419313749,1.3861876276293343,1.3877211419313753,2,0.8090270784213511,unconstrained_1tok_mc,0.08717378674035388,0.09029774509568546,1000,30000,0.5,results\unconstrained_1tok_mc_beta1_profile_1.csv,0.08702765010075807,0.9996510618644523,0.9999322233602745,0.9129419720332788,0.9126234117636942,45,1.270000939257443e-05,0.1044516995898448,1.0953423002210911,1.199793999810936,1.2009224999928847,1.2002127998275682,3.6511410007369707e-05,0.00036959999124519527,1.069999416358769e-05,7.010000990703702e-05,1.201003900001524,3.6500015994533896e-05,1.9664152054413986,0.06670425264803377,0.06982821100336535
1.0,0.013576993471606952,1,datasets_sb01.npz,0.9854606077868138,0.9884881298538601,0.9854606077868142,2,0.5202730502559161,unconstrained_1tok_mc,0.056330555935433735,0.05595340576169461,1000,30000,0.5,results\unconstrained_1tok_mc_beta1_profile_1.csv,0.0895906986222035,0.9996636513734746,0.9999336753011373,0.9103791575305239,0.9100729527512711,46,1.2300006346777081e-05,0.10731749946717173,1.090143900248222,1.1974613997153938,1.1985688999993727,1.197864299727371,3.633813000827407e-05,0.0003513999981805682,1.1199997970834374e-05,6.75999908708036e-05,1.1986483999935444,3.920000744983554e-05,1.4506481653177115,0.04273998547035518,0.04236283529661605
1.0,0.014916880816866904,1,datasets_sb01.npz,1.1791437348994978,1.1705804619429054,1.1791437348995017,2,0.6928624610633294,unconstrained_1tok_mc,0.06155494514882513,0.06278335399822728,1000,30000,0.5,results\unconstrained_1tok_mc_beta1_profile_1.csv,0.08751335801157183,0.9996532124500656,0.9999288062583457,0.9124562829172689,0.9121398544384938,47,1.2900010915473104e-05,0.10502990052918904,1.0947123999940231,1.1997423005232122,1.2008625000016764,1.2001585005491506,3.64904133331341e-05,0.0003664000250864774,1.0399991879239678e-05,7.459998596459627e-05,1.2009479999833275,3.689998993650079e-05,1.6654250087356661,0.046623147451141364,0.04785155630054351
1.0,0.023632004367149673,1,datasets_sb01.npz,1.2007725123005302,1.1978541529165931,1.2007725123005326,2,0.6216603578899123,unconstrained_1tok_mc,0.08729979367610041,0.07862181507933688,1000,30000,0.5,results\unconstrained_1tok_mc_beta1_profile_1.csv,0.08354227180398745,0.9996754473291923,0.9999386458265755,0.9164306055258382,0.9161331755252049,48,1.2199976481497288e-05,0.10260259982896969,1.125150699983351,1.2277532998123206,1.2288551999954507,1.2281518997915555,3.7505023332778364e-05,0.0003496000135783106,9.800016414374113e-06,6.520000169984996e-05,1.2289306000166107,3.679998917505145e-05,1.779884666711148,0.06364415730458359,0.054966178707820064
1.0,0.012362476129009857,1,datasets_sb01.npz,1.3138654428317538,1.3128650579158019,1.3138654428317578,2,0.874577597577417,unconstrained_1tok_mc,0.050232666333870815,0.049320559634134606,1000,30000,0.5,results\unconstrained_1tok_mc_beta1_profile_1.csv,0.08639048325107182,0.9996627606464699,0.9999405211053337,0.9135803726496683,0.9132722773953981,49,1.2100004823878407e-05,0.1047989993239753,1.1078769000887405,1.2126758994127158,1.213803699996788,1.2130849994136952,3.6929230002958016e-05,0.0003583999932743609,9.400013368576765e-06,6.220000796020031e-05,1.2138758999935817,3.860000288113952e-05,1.7531532880860905,0.03785782772873195,0.03694572102899574
1.0,0.016731777066305416,1,datasets_sb01.npz,0.608766140710003,0.6093219389865958,0.6087661407100056,2,0.09382814870336553,unconstrained_1tok_mc,0.06902361922423673,0.06835477173707519,1000,30000,0.5,results\unconstrained_1tok_mc_beta1_profile_1.csv,0.08972415058850701,0.999634553318429,0.9999236934555175,0.9102430480312481,0.909910402729922,50,1.200000406242907e-05,0.11033630024758168,1.1189422996540088,1.2292785999015905,1.2304688000003807,1.2297279999183957,3.729807665513363e-05,0.00040129999979399145,1.0299991117790341e-05,8.279999019578099e-05,1.230562699987786,3.610001294873655e-05,1.1237041327166404,0.05227511038086501,0.05160626289370347
1.0,0.02089844566119428,1,datasets_sb01.npz,1.0213015660854639,1.0195321150876069,1.0213015660854672,2,0.48392495693028714,unconstrained_1tok_mc,0.07517014266636703,0.07033525507522152,1000,30000,0.5,results\unconstrained_1tok_mc_beta1_profile_1.csv,0.08844139838087428,0.999669658420808,0.9999358511723881,0.9115293760935124,0.9112282600399337,51,1.270000939257443e-05,0.10733180004172027,1.1058595995709766,1.2131913996126968,1.2142853999976069,1.213592299609445,3.6861986652365886e-05,0.0003575999871827662,1.2200005585327744e-05,6.520000169984996e-05,1.2143632999795955,3.060000017285347e-05,1.5586781752406407,0.05425079855951155,0.049415910968366054
1.0,0.01885040186324782,1,datasets_sb01.npz,1.3320419529475376,1.3296764910010224,1.3320419529475371,2,0.8209884366049808,unconstrained_1tok_mc,0.06798617674044459,0.05930274673967516,1000,30000,0.5,results\unconstrained_1tok_mc_beta1_profile_1.csv,0.10160162595726283,0.9997527936991423,0.9999516207571484,0.8983732512701155,0.8981511677418795,52,9.299983503296971e-06,0.12214900029357523,1.0797884996281937,1.201937499921769,1.2029371999960858,1.2022346999146976,3.5992949987606453e-05,0.00025969999842345715,7.399998139590025e-06,5.0300004659220576e-05,1.202995400002692,2.820001100189984e-05,1.8430954692900943,0.04911692447533353,0.0404334944745641
1.0,0.018910573481821912,1,datasets_sb01.npz,0.5409580941700388,0.544373369756114,0.5409580941700369,2,0.026274359700551253,unconstrained_1tok_mc,0.06895547337761818,0.06344833252709864,1000,30000,0.5,results\unconstrained_1tok_mc_beta1_profile_1.csv,0.09039801651124163,0.9997438230703911,0.9999512814544425,0.9095788196684094,0.9093458065591495,53,9.200011845678091e-06,0.10977889923378825,1.104305000480963,1.2140838997147512,1.2150840999966022,1.214394999697106,3.6810166682698766e-05,0.00026799997431226075,9.600014891475439e-06,4.9299997044727206e-05,1.2151433000108227,3.3899996196851134e-05,1.0556418286395264,0.050025989322314446,0.04451884847179491
1.0,0.015563796688762947,1,datasets_sb01.npz,1.1110473078220844,1.1132661211751247,1.1110473078220868,2,0.610610786675066,unconstrained_1tok_mc,0.0651907308667561,0.0671132980706539,1000,30000,0.5,results\unconstrained_1tok_mc_beta1_profile_1.csv,0.12644129561967263,0.9996479421018576,0.9999370490634606,0.8735141740462973,0.873206646482185,54,1.1299998732283711e-05,0.141109699732624,0.9745070001517888,1.1156166998844128,1.1166726000083145,1.1160095998784527,3.2483566671726294e-05,0.0003470999945420772,9.000010322779417e-06,6.0699996538460255e-05,1.1167429000197444,3.4500000765547156e-05,1.611483828969103,0.049611370381304386,0.05153393758520219
1.0,0.02016158382920048,1,datasets_sb01.npz,0.9757664323547081,0.9730130745874239,0.9757664323547091,2,0.41060388755164334,unconstrained_1tok_mc,0.08314470586429512,0.08242394738657849,1000,30000,0.5,results\unconstrained_1tok_mc_beta1_profile_1.csv,0.09161618442228738,0.999693581729122,0.999943629261251,0.9083557341002197,0.9080773973068347,55,1.1399999493733048e-05,0.11158329964382574,1.1059866001014598,1.2175698997452855,1.2186491999891587,1.2179430997639429,3.686622000338199e-05,0.0003271000168751925,9.200011845678091e-06,5.900001269765198e-05,1.2187179000175092,3.470000228844583e-05,1.5409289771577728,0.06296296045126544,0.062242201973548815
1.0,0.0165786258650033,1,datasets_sb01.npz,1.1273676615357704,1.1276749287532053,1.1273676615357748,2,0.6170550150175473,unconstrained_1tok_mc,0.0677892016858686,0.07088043363097246,1000,30000,0.5,results\unconstrained_1tok_mc_beta1_profile_1.csv,0.08447812545742288,0.9996659754902072,0.9999404589251752,0.9154936473495586,0.9151878500327842,56,1.2200005585327744e-05,0.10336430018651299,1.119789899996249,1.223154200182762,1.224291999998968,1.2235629001806956,3.732632999987497e-05,0.0003563000063877553,1.170000177808106e-05,6.050002411939204e-05,1.2243649000010919,4.019998596049845e-05,1.6376803080539934,0.0511939971950003,0.05428522914010416
1.0,0.011907448699785524,1,datasets_sb01.npz,0.716132329759003,0.7165767819789921,0.7161323297590019,2,0.2602237393084587,unconstrained_1tok_mc,0.0541057483461584,0.05913083801503258,1000,30000,0.5,results\unconstrained_1tok_mc_beta1_profile_1.csv,0.08474202485679896,0.9996283956381021,0.9999288049421254,0.9152264729307686,0.9148863707813031,57,1.479999627918005e-05,0.10182150031323545,1.0992786996357609,1.2011001999489963,1.2022448000207078,1.2015466999437194,3.664262332119203e-05,0.00038559999666176736,1.0099989594891667e-05,7.479998748749495e-05,1.2023304000031203,4.610000178217888e-05,1.1720409202095472,0.042186392197673096,0.04721148186654727
1.0,0.019115333214697664,1,datasets_sb01.npz,1.1626379337795456,1.156350979405246,1.1626379337795478,2,0.6187966100556064,unconstrained_1tok_mc,0.07698963593029116,0.07432961990501596,1000,30000,0.5,results\unconstrained_1tok_mc_beta1_profile_1.csv,0.08579236221006654,0.9997216201315376,0.9999378092732764,0.9141837482730658,0.9139292579214711,58,1.1499971151351929e-05,0.10339589972863905,1.1014563007338438,1.2048522004624829,1.2058924000011757,1.2051877004560083,3.671521002446146e-05,0.00028840001323260367,9.799987310543656e-06,6.429999484680593e-05,1.205967399990186,3.5600009141489863e-05,1.7064792575034848,0.057855187382378805,0.05519517135710361
1.0,0.016605404816112133,1,datasets_sb01.npz,1.1884764188358852,1.1892540986544522,1.188476418835879,2,0.65068315879833,unconstrained_1tok_mc,0.07528675305649245,0.07985573280800672,1000,30000,0.5,results\unconstrained_1tok_mc_beta1_profile_1.csv,0.08694133267825985,0.9996362133341175,0.9999376484019116,0.9130270277141304,0.9126948806558577,59,1.4099990949034691e-05,0.1036738007387612,1.0883493992732838,1.192023200012045,1.193158600013703,1.1924569999682717,3.627831330910946e-05,0.0003792999777942896,1.09999964479357e-05,6.249998114071786e-05,1.1932329999981448,4.0399987483397126e-05,1.7262696788734404,0.0586647428355642,0.06323372258707848
1.0,0.015664336085546123,1,datasets_sb01.npz,0.8326975216887338,0.8347678868046178,0.8326975216887326,2,0.3642773448590171,unconstrained_1tok_mc,0.05711616567606807,0.046317387567371,1000,30000,0.5,results\unconstrained_1tok_mc_beta1_profile_1.csv,0.0919166705233131,0.9996405597625636,0.999924525643914,0.9080502790471554,0.9077238892392505,60,1.5400000847876072e-05,0.11366830026963726,1.1225323003600352,1.2362006006296724,1.2374128000228666,1.2366451006382704,3.74177433453345e-05,0.0003934999986086041,1.0399991879239678e-05,8.230001549236476e-05,1.2375062000064645,3.5600009141489863e-05,1.3011176985184505,0.041436165254436406,0.030637387145739336
1.0,0.02152355432818286,1,datasets_sb01.npz,0.7617807035716776,0.7616189736137428,0.7617807035716726,2,0.22618390601776495,unconstrained_1tok_mc,0.074673034555916,0.0671223174490524,1000,30000,0.5,results\unconstrained_1tok_mc_beta1_profile_1.csv,0.09469282792351041,0.9996649131531581,0.9999338757327304,0.9052754311193849,0.9049720852296477,61,1.2300006346777081e-05,0.11134120012866333,1.0640793000056874,1.1754205001343507,1.176494500017725,1.1758145001076628,3.546931000018958e-05,0.0003483999753370881,1.0799994925037026e-05,6.649998249486089e-05,1.176572299998952,3.329999162815511e-05,1.2973775011255904,0.05312795667340497,0.045577239566541354
1.0,0.015699320401422977,1,datasets_sb01.npz,1.224073215793113,1.2252823600513119,1.224073215793115,2,0.7385226405006959,unconstrained_1tok_mc,0.06137009609714625,0.055870457918404115,1000,30000,0.5,results\unconstrained_1tok_mc_beta1_profile_1.csv,0.09210426784959322,0.9997049546382156,0.9999387463243077,0.9078685491931717,0.9076006867886224,62,1.2100004823878407e-05,0.1104456998873502,1.0883381998573896,1.1987838997447398,1.1998546000104398,1.199137699761195,3.627793999524632e-05,0.00030460002017207444,1.0499992640689015e-05,6.260001100599766e-05,1.1999281000171322,3.709999145939946e-05,1.7096237910855299,0.04565507637532185,0.04015543819657971
1.0,0.014038667567230724,1,datasets_sb01.npz,0.8169490199354184,0.8158892999402129,0.8169490199354225,2,0.29012943445514405,unconstrained_1tok_mc,0.07224564651332988,0.0866024129005479,1000,30000,0.5,results\unconstrained_1tok_mc_beta1_profile_1.csv,0.09823397384106015,0.9996701712494959,0.9999351729592695,0.9017336150799851,0.9014361974084357,63,1.2200005585327744e-05,0.12220100054400973,1.121367699408438,1.2435686999524478,1.2447706999955699,1.2439789999916684,3.7378923313614604e-05,0.000361100013833493,9.800016414374113e-06,7.050001295283437e-05,1.244851400027983,3.700001980178058e-05,1.3437686054156925,0.058192940278531925,0.07254970666574995
1.0,0.015256996141133418,1,datasets_sb01.npz,0.7143811926543776,0.7129824754936496,0.7143811926543779,2,0.22946706129145938,unconstrained_1tok_mc,0.061209317678949784,0.06197176168894156,1000,30000,0.5,results\unconstrained_1tok_mc_beta1_profile_1.csv,0.09277577378826202,0.999661577340591,0.9999375791769176,0.9071928181584469,0.906885803552329,64,1.3100012438371778e-05,0.1158523001940921,1.1324594995530788,1.2483117997471709,1.2495051999867428,1.2487343997636344,3.7748649985102625e-05,0.0003696999920066446,1.0899995686486363e-05,6.650001159869134e-05,1.2495831999985967,3.980001201853156e-05,1.1992953240172959,0.04593706454167524,0.046699508551667004
1.0,0.021024850145743023,1,datasets_sb01.npz,0.9132696653242549,0.9163334441295843,0.9132696653242512,2,0.35261524908560393,unconstrained_1tok_mc,0.08182355644728825,0.07962432188590178,1000,30000,0.5,results\unconstrained_1tok_mc_beta1_profile_1.csv,0.13603361921653384,0.9996686736716086,0.9999371176802037,0.8639212943255428,0.8636350544550748,65,1.3999990187585354e-05,0.17055200049071573,1.0827814997464884,1.2533335002372041,1.2546460999874398,1.253748900257051,3.609271665821628e-05,0.00036890001501888037,9.300012607127428e-06,6.890000076964498e-05,1.2547250000061467,3.250001464039087e-05,1.473924081562906,0.06077768145139949,0.05857844689001302
1.0,0.019069630128731852,1,datasets_sb01.npz,1.1709119987524443,1.1776707224109983,1.1709119987524435,2,0.6309210556989703,unconstrained_1tok_mc,0.07590332636916397,0.0704397350554022,1000,30000,0.5,results\unconstrained_1tok_mc_beta1_profile_1.csv,0.11406792021527892,0.999691019393574,0.9999441450163544,0.8858968241162414,0.8856230991782951,66,1.1199997970834374e-05,0.1379607009002939,1.0711265995341819,1.2090873004344758,1.210209200013196,1.2094610004278366,3.570421998447273e-05,0.0003284999984316528,8.99998121894896e-06,5.810000584460795e-05,1.210276800004067,3.399999695830047e-05,1.7109029418059185,0.05681462661030339,0.05135103529654162
1.0,0.021111504170848616,1,datasets_sb01.npz,1.2054428920447278,1.1987914844835137,1.205442892044726,2,0.6058699046660685,unconstrained_1tok_mc,0.09357761536707881,0.09849814297837145,1000,30000,0.5,results\unconstrained_1tok_mc_beta1_profile_1.csv,0.11043970046575581,0.9996650202432822,0.9999342158360683,0.8895232920735,0.8892253197775264,67,1.2400007108226418e-05,0.14292089990340173,1.1507536002318375,1.2936745001352392,1.2950598999741487,1.2941080001182854,3.835845334106125e-05,0.0003573999856598675,2.540001878514886e-05,5.870001041330397e-05,1.2951451000117231,6.369999027810991e-05,1.805015879423387,0.07244499969205935,0.07736552730335199
1.0,0.016540768786049244,1,datasets_sb01.npz,1.066458082273064,1.0674796990585502,1.0664580822730674,2,0.570001437108488,unconstrained_1tok_mc,0.06415795515620203,0.06068453846726393,1000,30000,0.5,results\unconstrained_1tok_mc_beta1_profile_1.csv,0.09708225190484561,0.9996424253769162,0.9998694777097614,0.9028830215281823,0.9025601734720705,68,1.4999997802078724e-05,0.12388639955315739,1.1517546006361954,1.2756410001893528,1.2770097000175156,1.2760973002004903,3.8391820021206515e-05,0.00040469999657943845,9.899988071992993e-06,0.00015609999536536634,1.277176400006283,3.6600016755983233e-05,1.56291472743764,0.04760064560136674,0.04412722891242864
1.0,0.018165102304428388,1,datasets_sb01.npz,1.0932005981251232,1.102006983466107,1.0932005981251185,2,0.5885478586487578,unconstrained_1tok_mc,0.06629383263770314,0.056557228036293414,1000,30000,0.5,results\unconstrained_1tok_mc_beta1_profile_1.csv,0.08531214437303863,0.9996698336825393,0.999938344992026,0.9146596791274879,0.9143576893095006,69,1.2599979527294636e-05,0.10661230047116987,1.142648299690336,1.2492606001615059,1.2504292000085115,1.2496732001600321,3.808827665634453e-05,0.0003572000132407993,1.2499978765845299e-05,6.389999180100858e-05,1.2505062999844085,4.2800005758181214e-05,1.5978533376014885,0.04811056523097032,0.0383739606295606
1.0,0.020127010318562417,1,datasets_sb01.npz,1.126999442162088,1.1191450182940814,1.1269994421620917,2,0.584899632116435,unconstrained_1tok_mc,0.07649734591095712,0.07505695686283749,1000,30000,0.5,results\unconstrained_1tok_mc_beta1_profile_1.csv,0.12973770567317483,0.9995643913373194,0.9998670086710698,0.8702057548292628,0.8698266856641446,70,1.5600002370774746e-05,0.14757520012790337,0.9894181999552529,1.1369934000831563,1.1382686000142712,1.1374889001017436,3.29806066651751e-05,0.0004455000162124634,4.3899985030293465e-05,0.00010609999299049377,1.1384200000029523,3.440000000409782e-05,1.6690992522077408,0.05635020858207614,0.05490981953395651
1.0,0.01424721980876386,1,datasets_sb01.npz,0.7959720276554363,0.7975032672688609,0.7959720276554405,2,0.3082129549052349,unconstrained_1tok_mc,0.06192964208926912,0.06434889034594848,1000,30000,0.5,results\unconstrained_1tok_mc_beta1_profile_1.csv,0.1428907130517089,0.9995981677399486,0.9999057164312005,0.8570518457684061,0.8567074546882397,71,2.120001590810716e-05,0.16794890019809827,1.0069449002912734,1.1748938004893716,1.1761282999941614,1.1753661005059257,3.3564830009709115e-05,0.00041259999852627516,1.0500021744519472e-05,9.960000170394778e-05,1.1762392000237014,3.850000211969018e-05,1.2837311004056375,0.0476681750606965,0.05008742331737587
1.0,0.021802003665973565,1,datasets_sb01.npz,1.1247613469556246,1.1235233542709617,1.1247613469556281,2,0.5850889103988265,unconstrained_1tok_mc,0.07581381163555583,0.0688764775248541,1000,30000,0.5,results\unconstrained_1tok_mc_beta1_profile_1.csv,0.09098312227884815,0.9996551065450558,0.9999377265210648,0.9089854874114551,0.9086719842662077,72,1.5600002370774746e-05,0.11607230055960827,1.1592440996319056,1.2753164001915138,1.2765477999928407,1.2757564002240542,3.864146998773018e-05,0.0003816000244114548,1.0000017937272787e-05,6.900000153109431e-05,1.2766273000161164,4.2800005758181214e-05,1.6644337835124228,0.053990005965916285,0.047052671855214556
1.0,0.012415484130711713,1,datasets_sb01.npz,0.6763439023678041,0.6786841995934774,0.6763439023678054,2,0.2175830027700295,unconstrained_1tok_mc,0.05478487166799234,0.05614765024392419,1000,30000,0.5,results\unconstrained_1tok_mc_beta1_profile_1.csv,0.09033592556289019,0.9996386161784766,0.9999367941666354,0.9096314166931287,0.9093026906155863,73,1.3900018529966474e-05,0.1152622000372503,1.1602053996466566,1.2754675996839069,1.2767006999929436,1.2759286996733863,3.867351332155522e-05,0.00040729998727329075,1.2300006346777081e-05,6.770002073608339e-05,1.2767814000253566,3.989998367615044e-05,1.1351048019655785,0.042356972053149915,0.04371975062908176
1.0,0.014690452211039259,1,datasets_sb01.npz,1.1195004471656473,1.1181915418935282,1.1195004471656522,2,0.626384949913232,unconstrained_1tok_mc,0.06329729634279907,0.0673353512792227,1000,30000,0.5,results\unconstrained_1tok_mc_beta1_profile_1.csv,0.09073732263249243,0.999630655677987,0.9999065506740166,0.9092291516700726,0.9088933330454946,74,1.5900004655122757e-05,0.11168220071704127,1.1186929998220876,1.2303752005391289,1.2315682000189554,1.2308298005373217,3.7289766660736253e-05,0.0003947000077459961,1.2299977242946625e-05,0.00010209999163635075,1.2316832999931648,4.39999857917428e-05,1.6126159444180628,0.04859215367954877,0.05263020861597241
1.0,0.01828632013645818,1,datasets_sb01.npz,0.8829456296497874,0.8816148726574674,0.8829456296497865,2,0.32917928397197316,unconstrained_1tok_mc,0.07982537630293639,0.08439609146915786,1000,30000,0.5,results\unconstrained_1tok_mc_beta1_profile_1.csv,0.09160065752659911,0.9996418875967021,0.9999289884444585,0.9083665273903021,0.908041230070103,75,1.3999990187585354e-05,0.11408119922270998,1.1308917999849655,1.2449729992076755,1.2461875999870244,1.2454189991985913,3.7696393332832186e-05,0.0003968999953940511,9.599985787644982e-06,7.82000133767724e-05,1.246276099991519,3.510000533424318e-05,1.4367119753276016,0.06152076984634175,0.06609148501256322
1.0,0.018508743130283983,1,datasets_sb01.npz,1.047817417692493,1.048079679536774,1.0478174176924937,2,0.5147342383426359,unconstrained_1tok_mc,0.0739737807438963,0.07479667958318276,1000,30000,0.5,results\unconstrained_1tok_mc_beta1_profile_1.csv,0.08778083533118777,0.9996715817519446,0.9999429482347341,0.9121903263696363,0.9118907464207568,76,1.2800010154023767e-05,0.11070889985421672,1.1500736002635676,1.2607825001177844,1.2619396999944001,1.2611967001284938,3.8335786675452256e-05,0.0003640000068116933,1.0199990356341004e-05,6.120000034570694e-05,1.2620116999896709,3.739999374374747e-05,1.5809005970423502,0.055446528870482036,0.05626942770976849
1.0,0.021084805055516163,1,datasets_sb01.npz,0.9562798809748931,0.9556018761739905,0.9562798809748899,2,0.3954675415432214,unconstrained_1tok_mc,0.0818696584909477,0.07666991860409968,1000,30000,0.5,results\unconstrained_1tok_mc_beta1_profile_1.csv,0.0889411851867993,0.9996612625408001,0.9999312784989325,0.9110286768932698,0.9107200773540007,77,1.2400007108226418e-05,0.10980539978481829,1.1243608006334398,1.234166200418258,1.2353363999864087,1.2345844004012179,3.7478693354447996e-05,0.0003671000013127923,1.09999964479357e-05,7.330000516958535e-05,1.2354212999925949,3.86999745387584e-05,1.5170922204065649,0.06076376863037602,0.055564028743528
1.0,0.014018073936106512,1,datasets_sb01.npz,0.6687833337496172,0.670600538020006,0.6687833337496171,2,0.20111395858358727,unconstrained_1tok_mc,0.056933216490052285,0.05811620269945461,1000,30000,0.5,results\unconstrained_1tok_mc_beta1_profile_1.csv,0.08195435845227643,0.999647303887203,0.9999336752292153,0.9180167263657985,0.9176929454349266,78,1.3699987903237343e-05,0.10138099986943416,1.1352249000337906,1.2366058999032248,1.237765900004888,1.2370421998784877,3.784083000112635e-05,0.000380899989977479,1.200000406242907e-05,6.940000457689166e-05,1.2378479999897536,4.169999738223851e-05,1.136452708915647,0.04290112448000967,0.044084110689411996
1.0,0.01560873104448166,0,datasets_sb01.npz,1.5575079303638277,1.561091414589685,1.5575079303638208,2,1.068377738048818,unconstrained_1tok_mc,0.06227830722462473,0.06050937823235136,1000,30000,0.5,results\unconstrained_1tok_mc_beta1_profile_1.csv,0.09784417499535346,0.9996436897078835,0.9999284971635083,0.9021209496916391,0.9017995147125301,79,1.4099990949034691e-05,0.11569060024339706,1.0662844994221814,1.1819750996655785,1.1830852999992203,1.1823963996721432,3.5542816647406043e-05,0.0003727000148501247,9.400013368576765e-06,7.449998520314693e-05,1.1831699000031222,3.4500000765547156e-05,2.0466381226788375,0.04665396744909859,0.044885038456825226
1.0,0.019717778633064367,1,datasets_sb01.npz,1.2113024376234238,1.2075388305639958,1.2113024376234267,2,0.6410845181893007,unconstrained_1tok_mc,0.0846388160255571,0.08935032055597263,1000,30000,0.5,results\unconstrained_1tok_mc_beta1_profile_1.csv,0.09741403373820971,0.9996697974538624,0.9999253098447883,0.9025537892748974,0.9022557637156527,80,1.3800017768517137e-05,0.12511500008986332,1.1588240998389665,1.2839390999288298,1.2852140000031795,1.2843631999276113,3.862746999463222e-05,0.00037429999792948365,9.800016414374113e-06,8.529998012818396e-05,1.2853100000065751,3.5999983083456755e-05,1.781520357057547,0.06490131961385967,0.06961282414427519
1.0,0.0214329078147843,1,datasets_sb01.npz,1.3155121164360624,1.3193867551917355,1.3155121164360637,2,0.7311269783306172,unconstrained_1tok_mc,0.08889681113039363,0.08521674114005717,1000,30000,0.5,results\unconstrained_1tok_mc_beta1_profile_1.csv,0.10571678773644733,0.9996332335575246,0.9999390612875543,0.894244424667416,0.8939164458210773,81,1.2200005585327744e-05,0.13434869959019125,1.1360211997525766,1.270369899342768,1.2716922000108752,1.270835999341216,3.786737332508589e-05,0.00035979997483082116,1.2200005585327744e-05,6.459999713115394e-05,1.2717697000189219,9.410001803189516e-05,1.8998972545415076,0.06744247040779455,0.06376240041745809
1.0,0.019321714906746293,1,datasets_sb01.npz,0.981167535531575,0.9822631691931395,0.9811675355315806,2,0.4512125222008141,unconstrained_1tok_mc,0.07310816226426672,0.0675611658473385,1000,30000,0.5,results\unconstrained_1tok_mc_beta1_profile_1.csv,0.1211531929194233,0.9996286529571629,0.9999325743496186,0.8788018004875906,0.8784754600377396,82,1.550000160932541e-05,0.1691296998760663,1.2263506006274838,1.39548030050355,1.3970005000010133,1.3959987004927825,4.087835335424946e-05,0.00039060000563040376,1.1199997970834374e-05,8.220001473091543e-05,1.3970947000198066,0.00011229998199269176,1.5111225488623359,0.05376712564261368,0.04822012922568546
1.0,0.014192229716645618,1,datasets_sb01.npz,1.1784039417519547,1.1749885197856715,1.1784039417519572,2,0.686193258376457,unconstrained_1tok_mc,0.06306522199837947,0.06613273170721895,1000,30000,0.5,results\unconstrained_1tok_mc_beta1_profile_1.csv,0.12978850068220218,0.9996871543012158,0.9999392027088772,0.8701708828369163,0.8698986536190136,83,1.4199991710484028e-05,0.17021879978710786,1.1408800007484388,1.3110988005355466,1.3124790999863762,1.3115091005165596,3.802933335828129e-05,0.0003665999975055456,8.700008038431406e-06,7.050001295283437e-05,1.3125589000119362,2.9499991796910763e-05,1.6706146251274525,0.0488588000520172,0.051926309760856694
1.0,0.02036749496099573,1,datasets_sb01.npz,0.9426561477716027,0.9420292962175645,0.9426561477716022,2,0.38091479334849365,unconstrained_1tok_mc,0.08214112590303754,0.08162031674132607,1000,30000,0.5,results\unconstrained_1tok_mc_beta1_profile_1.csv,0.1399017370172556,0.9996849747866019,0.9999427958409884,0.8600541765198384,0.8597832377693463,84,1.2199976481497288e-05,0.16129600029671565,0.9912642997223884,1.152560300019104,1.1536963999969885,1.1529234999907203,3.3042143324079614e-05,0.0003155000158585608,9.99998883344233e-06,5.540001438930631e-05,1.15376240000478,3.549997927621007e-05,1.5043975021947116,0.06175326344708082,0.061232454285369345
1.0,0.017372376862394366,1,datasets_sb01.npz,1.1060765747001078,1.1030844254723333,1.106076574700108,2,0.5767396487174853,unconstrained_1tok_mc,0.07293772938586329,0.07195284858170702,1000,30000,0.5,results\unconstrained_1tok_mc_beta1_profile_1.csv,0.14872788079733804,0.9996500435826189,0.9999369941437488,0.8512200527053285,0.8509221627852809,85,1.4599994756281376e-05,0.17360830021789297,0.9932713994639926,1.1668796996818855,1.1680718999996316,1.1672881996782962,3.310904664879975e-05,0.00035810002009384334,9.100011084228754e-06,6.379999103955925e-05,1.1681455000070855,3.579998156055808e-05,1.6354135006827302,0.055547980146606536,0.05456309934245026
1.0,0.018986842224029108,1,datasets_sb01.npz,1.0698557157377397,1.0685059938136543,1.069855715737743,2,0.5427137407700235,unconstrained_1tok_mc,0.07233409563017085,0.06611302013918444,1000,30000,0.5,results\unconstrained_1tok_mc_beta1_profile_1.csv,0.11091752904139884,0.9997061398789967,0.999940171667365,0.8890498671391334,0.8887886108375979,86,1.1500000255182385e-05,0.13727859934442677,1.1000214002560824,1.2372999996005092,1.238470199983567,1.2376636996050365,3.666738000853608e-05,0.00031269999453797936,1.300001167692244e-05,6.0600024880841374e-05,1.238544300023932,3.950000973418355e-05,1.596997690705456,0.05332826656391772,0.04710719107293129
1.0,0.015091569340030114,1,datasets_sb01.npz,1.0250220238933763,1.025881922417848,1.0250220238933778,2,0.49313666929844624,unconstrained_1tok_mc,0.07364171970860432,0.08181233247117513,1000,30000,0.5,results\unconstrained_1tok_mc_beta1_profile_1.csv,0.08748399602499995,0.9996388992548484,0.9999350705241983,0.9124844020273597,0.9121549032298485,87,1.4199991710484028e-05,0.11175930019817315,1.165262199821882,1.277021500020055,1.278226900001755,1.2774828000110574,3.884207332739607e-05,0.00040499999886378646,1.170000177808106e-05,7.070001447573304e-05,1.2783098999934737,4.2100000428035855e-05,1.5569073784883063,0.05853505879923418,0.06670567156180499
1.0,0.013646121292974623,1,datasets_sb01.npz,1.159242712883469,1.1537136010350753,1.1592427128834686,2,0.635237799826841,unconstrained_1tok_mc,0.07147572597550089,0.08652046856883507,1000,30000,0.5,results\unconstrained_1tok_mc_beta1_profile_1.csv,0.10893372532946019,0.999650028459828,0.9999288438709094,0.8910281376200273,0.8907163031303678,88,1.3199984095990658e-05,0.13508879989967681,1.1045779998530634,1.2396667997527402,1.2408448999922257,1.2401007997395936,3.681926666176878e-05,0.0003837000112980604,1.09999964479357e-05,7.670000195503235e-05,1.2409331999951974,3.709999145939946e-05,1.683247625940097,0.05781595856123329,0.07286070115456747
1.0,0.01993268465500455,1,datasets_sb01.npz,0.6429891086859268,0.648785648172115,0.6429891086859304,2,0.11440459033816497,unconstrained_1tok_mc,0.07273052713372954,0.06925198284164583,1000,30000,0.5,results\unconstrained_1tok_mc_beta1_profile_1.csv,0.0904952223924363,0.9996501777255098,0.9999373849084882,0.9094731092847512,0.9091549553330736,89,1.3599987141788006e-05,0.11366799910319969,1.141958900319878,1.2556268994230777,1.2568066000239924,1.2560662993928418,3.8065296677329265e-05,0.0003884999896399677,1.0800024028867483e-05,6.749999010935426e-05,1.2568853000120725,3.7299992982298136e-05,1.1715736270336887,0.05277790979406999,0.04929936550198627
1.0,0.014440936943941211,1,datasets_sb01.npz,1.3042893734610348,1.3088241114947206,1.3042893734610326,2,0.8093527410394981,unconstrained_1tok_mc,0.06376568880486552,0.06558077498582571,1000,30000,0.5,results\unconstrained_1tok_mc_beta1_profile_1.csv,0.10050542336621432,0.9995990672430944,0.9998920549484588,0.8994542645548785,0.8990936438768801,90,2.300000051036477e-05,0.12737000043853186,1.1394166999089066,1.2667867003474385,1.268100899993442,1.267294800345553,3.798055666363022e-05,0.00044520001392811537,1.170000177808106e-05,0.0001238000113517046,1.2682377999881282,3.989998367615044e-05,1.7992260058825715,0.04931031092398037,0.05112539710494055
1.0,0.011685101015206542,1,datasets_sb01.npz,1.0810256778613998,1.083595395199151,1.0810256778613976,2,0.6317315463080682,unconstrained_1tok_mc,0.05254717218040985,0.05805787106546089,1000,30000,0.5,results\unconstrained_1tok_mc_beta1_profile_1.csv,0.09407160695191652,0.9996755672815847,0.9999381651190854,0.9058978632360445,0.9056039603296682,91,1.2599979527294636e-05,0.12192699991283007,1.1737608994881157,1.2956878994009458,1.2969219000078738,1.296108399372315,3.9125363316270524e-05,0.00037059999885968864,1.0499992640689015e-05,6.910000229254365e-05,1.2970020999782719,3.7299992982298136e-05,1.5303198094147314,0.0408503860641881,0.04636108494923914
1.0,0.016118046355606843,1,datasets_sb01.npz,0.8080829320622611,0.8099955667660577,0.8080829320622602,2,0.3072551209760813,unconstrained_1tok_mc,0.0652927156282211,0.0612268192420123,1000,30000,0.5,results\unconstrained_1tok_mc_beta1_profile_1.csv,0.0958841757626882,0.9996698938415158,0.9999386073320709,0.9040841618284352,0.9037857180788277,92,1.270000939257443e-05,0.12251800001831725,1.1548310004582163,1.2773490004765335,1.2785756000084803,1.2777708004869055,3.849436668194054e-05,0.00037369999336078763,9.69998654909432e-06,6.819999543949962e-05,1.2786540999950375,3.540000761859119e-05,1.308910743148441,0.04915855122625865,0.04509265484004985
1.0,0.019385578930085978,1,datasets_sb01.npz,1.4554917999614103,1.4488364913037037,1.4554917999614108,2,0.909446853482527,unconstrained_1tok_mc,0.07761481767365853,0.07165735950806994,1000,30000,0.5,results\unconstrained_1tok_mc_beta1_profile_1.csv,0.10202237662591541,0.9996765907216663,0.9999392285335262,0.8979446177165502,0.8976542140957509,93,1.2899981811642647e-05,0.1308524004998617,1.151318099204218,1.2821704997040797,1.2834188000124414,1.282585299690254,3.837726997347393e-05,0.00036639999598264694,9.899988071992993e-06,6.749999010935426e-05,1.2834967999951914,3.5500008380040526e-05,2.001536746440294,0.05820985316464247,0.052252394999053875
1.0,0.017238664605157134,1,datasets_sb01.npz,0.8344226845717017,0.8381444710949797,0.8344226845717027,2,0.291951738661573,unconstrained_1tok_mc,0.07660212597788157,0.08338843656312099,1000,30000,0.5,results\unconstrained_1tok_mc_beta1_profile_1.csv,0.09802563194254164,0.9996617635134147,0.9999408971261851,0.9019412009938037,0.9016361315708731,94,1.37000170070678e-05,0.12380850032786839,1.1387859999376815,1.2625945002655499,1.2638234999903943,1.2630217002879363,3.795953333125605e-05,0.00037709999014623463,1.0199990356341004e-05,6.38000201433897e-05,1.2638982000062242,3.640001523308456e-05,1.3768936304818302,0.05934622270811929,0.0661325332933587
1.0,0.01287692507092676,0,datasets_sb01.npz,1.555671108816651,1.5599184014581016,1.5556711088166553,2,1.0874347374146414,unconstrained_1tok_mc,0.05707135034978151,0.058102556909229726,1000,30000,0.5,results\unconstrained_1tok_mc_beta1_profile_1.csv,0.10768987305970948,0.9995987514338559,0.9999344006510551,0.8922668991880635,0.8919088783741465,95,2.4800014216452837e-05,0.12533670032280497,1.0380634002794977,1.1634001006023027,1.1645692999882158,1.1638671006076038,3.460211334264993e-05,0.00040759998955763876,1.0099989594891667e-05,6.570000550709665e-05,1.1646456999878865,3.460000152699649e-05,2.0239074802186607,0.04418154835378382,0.04521275491323204
1.0,0.016118345706185987,1,datasets_sb01.npz,0.9885925460310688,0.9902265534108552,0.9885925460310746,2,0.4754776531692805,unconstrained_1tok_mc,0.06853573856636935,0.06894146729181805,1000,30000,0.5,results\unconstrained_1tok_mc_beta1_profile_1.csv,0.15797641711355623,0.9996804092053451,0.9999426816351004,0.8419730789371644,0.8417039920917888,96,1.0899995686486363e-05,0.19663590044365264,1.0476830998959485,1.2443190003396012,1.2456029999884777,1.2447168003709521,3.492276999653162e-05,0.000354300020262599,1.0100018698722124e-05,6.0699996538460255e-05,1.2456744000082836,3.260001540184021e-05,1.5017074388928573,0.05240127451447718,0.05280700323992588
1.0,0.022552848274669687,1,datasets_sb01.npz,1.3396192428961367,1.3349815882530685,1.3396192428961362,2,0.7487683254790363,unconstrained_1tok_mc,0.09087484553639867,0.086568138744228,1000,30000,0.5,results\unconstrained_1tok_mc_beta1_profile_1.csv,0.11427600709983785,0.9997060826883767,0.9999417265303285,0.8856903953284644,0.8854300755885388,97,1.170000177808106e-05,0.14109670018660836,1.09324139932869,1.2343380995152984,1.2354820999898948,1.2347009995137341,3.6441379977623e-05,0.0003099000023212284,9.90001717582345e-06,6.160000339150429e-05,1.2355541000142694,4.129999433644116e-05,1.930470160313237,0.06829944441345431,0.06399273762128364
1.0,0.018744059856260896,1,datasets_sb01.npz,1.5010367215300926,1.4981975972518637,1.5010367215300866,2,0.9736724309734602,unconstrained_1tok_mc,0.07239512051080285,0.06645501722182046,1000,30000,0.5,results\unconstrained_1tok_mc_beta1_profile_1.csv,0.09650361228915214,0.9996763657997917,0.9999391887504745,0.9034651457304941,0.9031727535106395,98,1.379998866468668e-05,0.12464229963370599,1.1665214005333837,1.2911637001670897,1.2924452000006568,1.2915817001776304,3.8884046684446127e-05,0.000367300002835691,1.1099997209385037e-05,6.700001540593803e-05,1.2925237999879755,3.6900019040331244e-05,2.028401012086725,0.0536323165946857,0.04769221330570329
1.0,0.01653823614997724,1,datasets_sb01.npz,0.8420035145390693,0.8432606558875372,0.8420035145390732,2,0.3467118161941782,unconstrained_1tok_mc,0.06385721221609919,0.05775697291862189,1000,30000,0.5,results\unconstrained_1tok_mc_beta1_profile_1.csv,0.11278240751453707,0.9996598904868234,0.9999373469198396,0.8871792210652633,0.8868774829722863,99,1.300001167692244e-05,0.1410320998111274,1.1090221999620553,1.2500542997731827,1.2512564999924507,1.2504795997811016,3.696740666540184e-05,0.0003797999816015363,8.799979696050286e-06,6.900000153109431e-05,1.2513348999782465,3.250001464039087e-05,1.3372952128839604,0.047302437829971976,0.041202198532494676
1.0,0.01867380899708606,1,datasets_sb01.npz,1.127734373954452,1.1313329427458223,1.1277343739544519,2,0.5885655806302197,unconstrained_1tok_mc,0.07567237289012618,0.07816626892206041,1000,30000,0.5,results\unconstrained_1tok_mc_beta1_profile_1.csv,0.1093736356837539,0.9996992876181163,0.9999399617265858,0.8905934644163371,0.8903256519343625,100,1.2100004823878407e-05,0.14017579986830242,1.1410620998649392,1.2812378997332416,1.2824382999970112,1.2816232997283805,3.803540332883131e-05,0.0003350999904796481,9.99998883344233e-06,6.630001007579267e-05,1.2825153000012506,3.819999983534217e-05,1.6669031672786845,0.056979890084043035,0.05947378611597726
